"Product ID","Name","UPC/PLU","Modifier","Department","Department Code","Retail Price","Unit Cost","In Stock","Taxable Override","Foodstampable Override","Fractional Override","Tags","Price Level 1","Price Level 2","Price Level 3","Price Level 4","Price Level 5","Price Level 6","Price Level 7","Price Level 8","Price Level 9","Linked Product"
"39381182","Halls Coolwave","00000050985081","0","Candy","22","$1.25",,"0",,,,"Sams Club",,,,,,,,,,
"39381185","Halls Honey Lemon","00000050985104","0","Candy","22","$1.25",,"0",,,,"Sams Club",,,,,,,,,,
"35350654","Halls","00000059070672","0","Snacks","9","$2.25",,"0",,,,,,,,,,,,,,
"36092882","Bon","00000077012418","0","Non-Tax","1","$0.25",,"0",,,,,,,,,,,,,,
"35777814","Bonbon bum sucker","00000077023018","0","Candy","22","$0.25",,"0",,,,,,,,,,,,,,
"42550934","Bon","00000077057198","0","Ultra-Processed Prep Desserts","23","$0.25",,"0",,,,,,,,,,,,,,
"39533804","Bon","00000077078087","0","Ultra-Processed Prep Desserts","23","$0.25",,"0",,,,,,,,,,,,,,
"35350732","Slurp 1","00000630135714","0","Grocery Non-taxable","3","$3.00",,"0",,,,,,,,,,,,,,
"35350809","Sluro","00000630135745","0","Grocery Non-taxable","3","$3.25",,"0",,,,,,,,,,,,,,
"43275877","Rapture Watermelon 125mg","00002449112979","0","Alcohol","5","$7.49",,"0",,,,,,,,,,,,,,
"43275875","Rapture k","00002449113785","0","Alcohol","5","$7.49",,"0",,,,,,,,,,,,,,
"35865968","Zig Zag Orange French","00008660000026","0","Non-Tax","1","$2.85",,"0",,,,,,,,,,,,,,
"35350676","Heineken 7oz Btl Sngl","00009487000091","0","Alcohol","5","$1.64",,"0",,,,"Gold Coast",,,,,,,,,,
"35779005","Novelty Kinder Joy Choc","00009800000524","0","Snacks","9","$2.00",,"0",,,,,,,,,,,,,,
"35352934","Kinder Bueno 1.5 Oz","00009800000555","0","Candy","22","$2.25",,"12",,,,"Nepa Wholesale",,,,,,,,,,
"43226984","Kinder Joy Variety","00009800000739","0","Candy","22","$1.50",,"0",,,,,,,,,,,,,,
"37982396","Tic Tac Tropical Adventu","00009800007448","0","Snacks","9","$1.75",,"0",,,,,,,,,,,,,,
"36264020","Tic Tac Wintergreen T100","00009800007462","0","Snacks","9","$1.75",,"0",,,,,,,,,,,,,,
"35351010","Tic Tac:fruit Adventure 1.00 Oz","00009800007608","0","Grocery Non-taxable","3","$1.75",,"0",,,,,,,,,,,,,,
"35352534","Tic Tac Freshmints 1.00 Oz","00009800007615","0","Snacks","9","$1.75",,"0",,,,,,,,,,,,,,
"36462824","Tic Tac Dr Pepper T100 S","00009800008070","0","Snacks","9","$1.75",,"0",,,,,,,,,,,,,,
"36498705","Tic Tac Chewy Frt Advntr","00009800010219","0","Snacks","9","$1.75",,"0",,,,,,,,,,,,,,
"37904951","Kinder Chocolate Single","00009800512041","0","Non-Tax","1","$1.75",,"0",,,,,,,,,,,,,,
"35350562","Kinder Chocolate 3oz","00009800513048","0","Snacks","9","$3.25",,"0",,,,,,,,,,,,,,
"35350940","Kinder Bueno","00009800554041","0","Grocery Non-taxable","3","$3.50",,"0",,,,,,,,,,,,,,
"35352344","Nutella Ferrero & Go Hazelnut Spread + B","00009800800056","0","Snacks","9","$2.10",,"0",,,,,,,,,,,,,,
"35352593","Nutella B-ready (0.77 Oz)","00009800820016","0","Snacks","9","$0.75",,"0",,,,,,,,,,,,,,
"35353068","Payday Peanut Caramel Bar (1.85 Oz)","00010700807229","0","Snacks","9","$2.00",,"0",,,,,,,,,,,,,,
"35351247","Ethyl Rubbing Alchol","00010939959881","0","Vitamins/medicine","14","$3.50",,"0",,,,,,,,,,,,,,
"35351064","Dove Men +Care 3 In 1","00011111012158","0","Household","6","$5.00",,"0",,,,,,,,,,,,,,
"35350449","Foaming Hand Wash White Birch & Jasmine","00011111028951","0","Household","6","$7.00",,"0",,,,,,,,,,,,,,
"35350835","Imperial:stick East Coast Vegetable Oil","00011115871324","0","Grocery Non-taxable","3","$2.00",,"0",,,,,,,,,,,,,,
"36466213","Hungry Jack Instant Potatoes 26.7","00011140798009","0","Grocery Non-taxable","3","$5.60",,"0",,,,,,,,,,,,,,
"35352441","Round Neck Shirt Black 1xl","00011711164516","0","Shirt","20","$7.50",,"0",,,,,,,,,,,,,,
"35352196","Round Neck Shirt Black 2xl","00011711164523","0","Shirt","20","$7.50",,"0",,,,,,,,,,,,,,
"35351282","Round Neck Shirt Black 3xl","00011711164530","0","Shirt","20","$7.50",,"0",,,,,,,,,,,,,,
"35351680","Round Neck Shirt Black 4xl","00011711164547","0","Shirt","20","$7.50",,"0",,,,,,,,,,,,,,
"35351281","Round Neck Shirt Black 5xl","00011711164554","0","Shirt","20","$7.80",,"0",,,,,,,,,,,,,,
"35351276","Round Neck Shirt Black 6xl","00011711164561","0","Shirt","20","$7.50",,"0",,,,,,,,,,,,,,
"35351620","Round Neck Shirt White 1xl","00011711164585","0","Shirt","20","$7.50",,"0",,,,,,,,,,,,,,
"35351641","Round Neck Shirt White 2xl","00011711164592","0","Shirt","20","$7.50",,"0",,,,,,,,,,,,,,
"35351283","Round Neck Shirt White 3xl","00011711164608","0","Shirt","20","$7.50",,"0",,,,,,,,,,,,,,
"35351662","Round Neck Shirt White 4xl","00011711164615","0","Shirt","20","$7.50",,"0",,,,,,,,,,,,,,
"35351280","Round Neck Shirt White 5xl","00011711164622","0","Shirt","20","$7.50",,"0",,,,,,,,,,,,,,
"35351277","Round Neck Shirt White 6xl","00011711164639","0","Shirt","20","$7.50",,"0",,,,,,,,,,,,,,
"35351288","V Neck Shirt Black Small","00011711165919","0","Shirt","20","$8.00",,"0",,,,,,,,,,,,,,
"35351735","V Neck Shirt Black M","00011711165926","0","Shirt","20","$8.00",,"0",,,,,,,,,,,,,,
"35351289","V Neck Shirt Black Large","00011711165933","0","Shirt","20","$8.00",,"0",,,,,,,,,,,,,,
"35352354","V Neck Shirt Black Xl","00011711165940","0","Shirt","20","$8.00",,"0",,,,,,,,,,,,,,
"35351399","V Neck Shirt Black 2xl","00011711165957","0","Shirt","20","$8.00",,"0",,,,,,,,,,,,,,
"35351290","V Neck Shirt Black 3xl","00011711165964","0","Shirt","20","$8.00",,"0",,,,,,,,,,,,,,
"35351292","V Neck Shirt Black 4xl","00011711165971","0","Shirt","20","$8.00",,"0",,,,,,,,,,,,,,
"35351291","V Neck Shirt Black 5 Xl","00011711165988","0","Shirt","20","$8.00",,"0",,,,,,,,,,,,,,
"35351732","V Neck Shirt White Small","00011711166008","0","Shirt","20","$8.00",,"0",,,,,,,,,,,,,,
"35351685","V Neck Shirt White M","00011711166015","0","Shirt","20","$8.00",,"0",,,,,,,,,,,,,,
"35352173","V Neck Shirt White Large","00011711166022","0","Shirt","20","$8.00",,"0",,,,,,,,,,,,,,
"35352817","V Neck Shirt White 2xl","00011711166039","0","Shirt","20","$8.00",,"0",,,,,,,,,,,,,,
"35351286","V Neck Shirt White 3xl","00011711166046","0","Shirt","20","$8.00",,"0",,,,,,,,,,,,,,
"35351285","V Neck Shirt White 5xl","00011711166060","0","Shirt","20","$8.00",,"0",,,,,,,,,,,,,,
"41090858","COTTON NECK WHITE V NECK 6XL","00011711166077","0","Household","6","$8.00",,"0",,,,,,,,,,,,,,
"35351816","V Neck Shirt White Xl","00011711166084","0","Shirt","20","$8.00",,"0",,,,,,,,,,,,,,
"35352552","T-shirt Round Neck Black Cotton Net 100%","00011711166800","0","Shirt","20","$7.50",,"0",,,,,,,,,,,,,,
"35352789","T-shirt Round Neck Black Cotton Net 100%","00011711166817","0","Shirt","20","$7.50",,"0",,,,,,,,,,,,,,
"35352287","T-shirt Round Neck Black Cotton Net 100%","00011711166824","0","Shirt","20","$7.50",,"0",,,,,,,,,,,,,,
"35352267","T-shirt Round Neck Black Cotton Net 100%","00011711166831","0","Shirt","20","$7.50",,"0",,,,,,,,,,,,,,
"35351908","T-shirt Round Neck White Cotton Net 100%","00011711166848","0","Shirt","20","$7.50",,"0",,,,,,,,,,,,,,
"35352358","T-shirt Round Neck White Cotton Net 100%","00011711166855","0","Shirt","20","$7.50",,"0",,,,,,,,,,,,,,
"35352681","T-shirt Round Neck White Cotton Net 100%","00011711166862","0","Household","6","$7.50",,"0",,,,,,,,,,,,,,
"35352768","T-shirt Round Neck White Cotton Net 100%","00011711166879","0","Shirt","20","$7.50",,"0",,,,,,,,,,,,,,
"35350876","Small","00011711167166","0","Grocery Non-taxable","3","$6.00",,"0",,,,,,,,,,,,,,
"35351779","A Shirt","00011711167173","0","Household","6","$6.00",,"0",,,,"MPF USA",,,,,,,,,,
"35350789","Cotton Net","00011711167180","0","Household","6","$6.00",,"0",,,,,,,,,,,,,,
"35351231","T Sh Xl","00011711167197","0","Household","6","$5.00",,"0",,,,,,,,,,,,,,
"35350664","T Shirt","00011711167203","0","Household","6","$6.00",,"0",,,,,,,,,,,,,,
"35351019","Shirts","00011711167210","0","Household","6","$6.00",,"0",,,,,,,,,,,,,,
"35372786","4 Xl","00011711167227","0","Grocery Non-taxable","3","$6.00",,"0",,,,"MPF USA",,,,,,,,,,
"35352295","A Shirt","00011711167234","0","Household","6","$6.00",,"0",,,,"MPF USA",,,,,,,,,,
"35352662","Cottonnet","00011711167241","0","Household","6","$5.00",,"0",,,,,,,,,,,,,,
"35351632","Shirts","00011711167258","0","Shirt","20","$6.00",,"0",,,,,,,,,,,,,,
"35351236","Me 'S Asnirt","00011711167265","0","Household","6","$7.00",,"0",,,,,,,,,,,,,,
"35351661","T Top","00011711167272","0","Household","6","$6.00",,"0",,,,,,,,,,,,,,
"35350752","Tank Top","00011711167289","0","Household","6","$6.00",,"0",,,,,,,,,,,,,,
"35352818","Long White Socks","00011711167371","0","Gen Merch","10","$4.00",,"0",,,,,,,,,,,,,,
"35351146","Cotton Black Socks Long","00011711167388","0","Grocery Non-taxable","3","$3.99",,"0",,,,,,,,,,,,,,
"35351511","Socks","00011711167395","0","Household","6","$4.00",,"0",,,,,,,,,,,,,,
"35351571","Socks","00011711167401","0","Household","6","$4.00",,"0",,,,,,,,,,,,,,
"35351116","T Shirt","00011711167500","0","Household","6","$7.28",,"0",,,,,,,,,,,,,,
"39344959","TSHIRTS","00011711167548","0","Grocery Non-taxable","3","$7.50",,"0",,,,,,,,,,,,,,
"35350585","Tshort","00011711167715","0","Grocery Non-taxable","3","$7.00",,"0",,,,,,,,,,,,,,
"35352889","V Neck Shirt Black 6xl","00011711167777","0","Shirt","20","$8.00",,"0",,,,,,,,,,,,,,
"35352489","Pepsi Can 12 Fl Oz","00012000000133","0","Soda/Energy Beverages","19","$1.75",,"0",,,,,,,,,,,,,,
"35352832","Mtn Dew 12 Fl Oz","00012000000850","0","Soda/Energy Beverages","19","$1.75",,"0",,,,,,,,,,,,,,
"35352328","Aquafina","00012000001086","0","Drinks","8","$1.25",,"0",,,,"Sams Club",,,,,,,,,,
"35350521","Dew","00012000001314","0","Soda/Energy Beverages","19","$2.34",,"0",,,,,,,,,,,,,,
"35351496","Aquafina Purified Water 20 Fl Oz","00012000001598","0","Drinks","8","$1.25",,"0",,,,"Sams Club",,,,,,,,,,
"40842574","Starbucks Doubleshot Espresso 6.5Oz","00012000001772","0","Soda/Energy Beverages","19","$3.75",,"0",,,,,,,,,,,,,,
"35351222","Starbucks Frappuccino Original 13.7 FL","00012000001802","0","Soda/Energy Beverages","19","$4.20",,"0",,,,,,,,,,,,,,
"35352711","Pepsi Bottle 2 ltr","00012000002304","0","Soda/Energy Beverages","19","$3.99",,"0",,,,,,,,,,,,,,
"35352366","Dew 2l","00012000002335","0","Soda/Energy Beverages","19","$3.99",,"0",,,,,,,,,,,,,,
"42553905","Pepsi Cola Wild Cherry","00012000003103","0","Soda/Energy Beverages","19","$1.75",,"0",,,,,,,,,,,,,,
"35352297","Pepsi Wild Cherry 2l","00012000003110","0","Soda/Energy Beverages","19","$3.75",,"0",,,,,,,,,,,,,,
"35352520","Starbucks","00012000004100","0","Soda/Energy Beverages","19","$2.34",,"0",,,,,,,,,,,,,,
"35351063","Starbuck Frappuccino Mocha 13.7 FL OZ","00012000004520","0","Drinks","8","$4.20","$0.00","0",,,,,,,,,,,,,,
"35350524","Starbucks","00012000006494","0","Soda/Energy Beverages","19","$2.38",,"0",,,,,,,,,,,,,,
"35351893","Brisk:iced Tea - Lemon 12 Oz","00012000007590","0","Drinks","8","$1.17",,"0",,,,,,,,,,,,,,
"35351346","Pepsi: Diet 12 Oz","00012000008054","0","Soda/Energy Beverages","19","$1.17",,"0",,,,,,,,,,,,,,
"40839821","Aquafina Water Case 32pks","00012000013119","0","Drinks","8","$12.00",,"0",,,,"Sams Club",,,,,,,,,,
"35351327","Starbucks Frappuccino Caramel 13.7 Onz.","00012000016721","0","Soda/Energy Beverages","19","$3.64",,"0",,,,,,,,,,,,,,
"35351677","Pepsi Zero Sugar Can 12 Fl Oz","00012000018770","0","Soda/Energy Beverages","19","$1.17",,"0",,,,,,,,,,,,,,
"35351824","Lipton:green Tea Citrus 16.9 Oz","00012000019258","0","Drinks","8","$1.80",,"0",,,,,,,,,,,,,,
"35350646","Ocean Spray:cranberry Juice Cocktail 15.","00012000021367","0","Grocery Non-taxable","3","$2.30",,"0",,,,,,,,,,,,,,
"35350586","Ocean Spray:crangrape 15.20 Oz","00012000021381","0","Grocery Non-taxable","3","$1.50",,"0",,,,,,,,,,,,,,
"35351101","Mtn Dew 16 Fl Oz","00012000027215","0","Soda/Energy Beverages","19","$2.10",,"0",,,,,,,,,,,,,,
"35351664","Pepsi:zero Sugar 16.9 Oz","00012000031960","0","Soda/Energy Beverages","19","$2.25",,"0",,,,,,,,,,,,,,
"35350735","Brisk Half Lemonade 1","00012000034015","0","Drinks","8","$1.50",,"0",,,,,,,,,,,,,,
"35352203","Starbucks Frappuccino Pumpkin Spice (9.5","00012000045356","0","Soda/Energy Beverages","19","$2.34",,"0",,,,,,,,,,,,,,
"35350839","Mtn Dew Baja Blast Soda 20 Oz","00012000130274","0","Soda/Energy Beverages","19","$2.25",,"0",,,,,,,,,,,,,,
"35351878","Mtn Dew Baja Blast 12fl Oz","00012000130311","0","Soda/Energy Beverages","19","$1.17",,"0",,,,,,,,,,,,,,
"35350965","Brisk Iced Tea Strawberry 1 L","00012000161230","0","Drinks","8","$1.50",,"0",,,,,,,,,,,,,,
"35350479","Pepsi Mini 7.5 Fl","00012000163135","0","Soda/Energy Beverages","19","$0.84",,"0",,,,,,,,,,,,,,
"35350484","Mtn Dew Mini 7.5 Fl","00012000163173","0","Soda/Energy Beverages","19","$0.84",,"0",,,,,,,,,,,,,,
"35351344","Pepsi: Diet 16.9 Oz","00012000171956","0","Soda/Energy Beverages","19","$1.59",,"0",,,,,,,,,,,,,,
"35352911","Pepsi:zero Sugar Wild Cherry 16.9 Oz","00012000172564","0","Soda/Energy Beverages","19","$2.25",,"0",,,,,,,,,,,,,,
"35351938","Mtn Dew Baja Blast","00012000172663","0","Soda/Energy Beverages","19","$1.59",,"0",,,,,,,,,,,,,,
"35352647","Pepsi 16.9 Fl Oz","00012000182563","0","Soda/Energy Beverages","19","$2.25",,"0",,,,,,,,,,,,,,
"35350746","Dole Fruit Punch","00012000190063","0","Grocery Non-taxable","3","$2.30",,"0",,,,,,,,,,,,,,
"35350773","Lipton Brisk:lemon 1.00 Lt","00012000202384","0","Drinks","8","$1.76",,"0",,,,,,,,,,,,,,
"35350480","Starry Lemon Lime Mini 7.5 Fl","00012000221446","0","Soda/Energy Beverages","19","$0.84",,"0",,,,,,,,,,,,,,
"35352302","Starry 2l","00012000221477","0","Soda/Energy Beverages","19","$3.75",,"0",,,,,,,,,,,,,,
"35351821","Starry Lemon Lime 16.9 Fl Oz","00012000221507","0","Soda/Energy Beverages","19","$1.59",,"0",,,,,,,,,,,,,,
"35351934","Starry Can (12 Fl Oz)","00012000221545","0","Soda/Energy Beverages","19","$1.17",,"0",,,,,,,,,,,,,,
"35352303","Dew Baja Blast 2l","00012000240140","0","Soda/Energy Beverages","19","$3.75",,"0",,,,,,,,,,,,,,
"39356053","Pure Leaf Sweet Tea 18 Oz","00012000286193","0","Drinks","8","$2.35","$0.00","0",,,,,,,,,,,,,,
"39356051","Pure Leaf Tea Unsweetened 18.5 Oz","00012000286209","0","Drinks","8","$2.35","$0.00","0",,,,,,,,,,,,,,
"35350616","Lipton Brisk: Pink Lemonade 1.00 Lt","00012000384196","0","General Food","7","$1.50",,"0",,,,,,,,,,,,,,
"35351828","Pepsi 16.9 Oz","00012000504051","0","Soda/Energy Beverages","19","$1.59",,"0",,,,,,,,,,,,,,
"35351731","Mtn Dew 16.9 Oz","00012000504082","0","Soda/Energy Beverages","19","$1.59",,"0",,,,,,,,,,,,,,
"35350429","Lipton Brisk:fruit Punch 1.00 Lt","00012000567490","0","General Food","7","$1.62",,"0",,,,,,,,,,,,,,
"43223000","Pepsi Cola, 12 oz, 12pk","00012000809941","0","Drinks","8","$20.00",,"0",,,,,,,,,,,,,,
"35352214","Pepsi Wild Cherry (16.9 Fl Oz)","00012000811197","0","Soda/Energy Beverages","19","$2.25",,"0",,,,,,,,,,,,,,
"35352220","Brisk Iced Tea (16.9 Fl Oz)","00012000811203","0","Drinks","8","$1.59",,"0",,,,,,,,,,,,,,
"35777737","Starbucks Frappuccino Chilled 13.7 Oz","00012000813313","0","Soda/Energy Beverages","19","$4.20",,"0",,,,,,,,,,,,,,
"35351835","Roma Biodegradable Laundry Detergent 17.","00012005404660","0","Household","6","$4.16",,"0",,,,,,,,,,,,,,
"35352085","Roma Laundry Detergent 8.83 Oz","00012005404677","0","Household","6","$2.60",,"0",,,,,,,,,,,,,,
"35351780","Old Spice Deodorant 3 Oz","00012044038840","0","Household","6","$5.00",,"0",,,,,,,,,,,,,,
"35351649","Old Spice Pure Sport 3 Fl Oz","00012044038918","0","Household","6","$5.00",,"0",,,,,,,,,,,,,,
"35351349","Old Spice Classic Deodorant 3.25 Oz","00012044389706","0","Household","6","$6.00",,"0",,,,,,,,,,,,,,
"35350820","Winston Wins Gold Box 20 Ct","00012300000192","0","Tobacco","4","$6.12",,"0",,,,,,,,,,,,,,
"35350612","Salem Gold Box 100s 1","00012300000253","0","Tobacco","4","$6.06",,"0",,,,,,,,,,,,,,
"35350895","Salem Slim 100s 1","00012300000260","0","Tobacco","4","$7.33",,"0",,,,,,,,,,,,,,
"35351979","More 120s","00012300000550","0","Tobacco","4","$9.99",,"0",,,,,,,,,,,,,,
"35352136","More Menthol 120s","00012300000604","0","Tobacco","4","$9.99",,"0",,,,,,,,,,,,,,
"35352546","Camel Crush Menthol","00012300000932","0","Tobacco","4","$11.65",,"0",,,,"Sams Tobacco",,,,,,,,,,
"35352780","Camel Crush Silver","00012300000949","0","Tobacco","4","$11.64",,"'-11",,,,"Sams Tobacco",,,,,,,,,,
"35352298","Camel Crush Regular Fresh Box Fsc 1.00 P","00012300197410","0","Tobacco","4","$11.65",,"0",,,,"Sams Tobacco",,,,,,,,,,
"35351140","Doral Gold Box 100s","00012300220828","0","Tobacco","4","$7.99",,"0",,,,,,,,,,,,,,
"35350893","Winston Red 100 Box 1.00 Pk","00012300266550","0","Tobacco","4","$6.12",,"0",,,,,,,,,,,,,,
"35351139","Doral Gold Box","00012300841993","0","Tobacco","4","$5.99",,"0",,,,,,,,,,,,,,
"35351410","Camel Royal 1","00012300843911","0","Tobacco","4","$10.99",,"0",,,,"Sams Tobacco",,,,,,,,,,
"35351138","Doral Silver 100s","00012300845991","0","Tobacco","4","$7.99",,"0",,,,,,,,,,,,,,
"35352674","Trident Watermelon + Tropical Fruit Suga","00012546001533","0","Snacks","9","$2.00",,"0",,,,,,,,,,,,,,
"35352255","Trident Spearment 14 Sticks","00012546011075","0","Snacks","9","$2.00",,"0",,,,,,,,,,,,,,
"35352350","Trident Original Flavour 14 Sticks","00012546011099","0","Snacks","9","$2.00",,"0",,,,,,,,,,,,,,
"35352372","Trident Tropical Twist 14 Sticks","00012546011112","0","Grocery Non-taxable","3","$2.00",,"0",,,,,,,,,,,,,,
"35352621","Trident Watermelon Twist 14 Sticks","00012546011136","0","Grocery Non-taxable","3","$2.00",,"0",,,,,,,,,,,,,,
"35351889","Trident Bubblegum 14 Sticks","00012546011440","0","Snacks","9","$2.00",,"0",,,,,,,,,,,,,,
"35351963","Trident Cinnamon Sugar Free 14 Sticks","00012546011471","0","Snacks","9","$2.00",,"0",,,,,,,,,,,,,,
"35351114","Trident","00012546011495","0","Grocery Non-taxable","3","$2.08",,"0",,,,,,,,,,,,,,
"35352011","Trident Minty Sweet Twist 14 Pcs","00012546011563","0","Snacks","9","$2.00",,"0",,,,,,,,,,,,,,
"35351791","Trident:wintergreen 14 Sticks","00012546011624","0","Snacks","9","$2.00",,"0",,,,,,,,,,,,,,
"35352315","Dentyne Ice Sugar Free","00012546312417","0","Grocery Non-taxable","3","$2.00",,"0",,,,,,,,,,,,,,
"35352484","Trident White Sugar Free Gum","00012546676090","0","Grocery Non-taxable","3","$2.00",,"0",,,,,,,,,,,,,,
"35351491","Trident White Spearmint 16 Pieces","00012546676113","0","Grocery Non-taxable","3","$2.00",,"0",,,,,,,,,,,,,,
"36466272","Heinz Gravy Home Style Roasted Turkey","00013000798402","0","Grocery Non-taxable","3","$4.00",,"0",,,,,,,,,,,,,,
"35351747","Baverage Napkins","00013051571610","0","Household","6","$1.25",,"0",,,,,,,,,,,,,,
"35351100","Hefly Everyday","00013700238406","0","Household","6","$3.00",,"0",,,,,,,,,,,,,,
"35352360","Milano Double Dark Chocolate 0.98 Oz","00014100054016","0","Gen Merch","10","$0.65",,"0",,,,,,,,,,,,,,
"35351733","Pistachios Wonderful Jalapeno Lime Fl .7","00014113701556","0","Snacks","9","$1.25",,"0",,,,,,,,,,,,,,
"35351343","Roasted & Salted Pistachios Fl .75 Oz","00014113910712","0","Snacks","9","$1.25",,"0",,,,,,,,,,,,,,
"35351546","Chili Roasted Pistachios Fl .75 Oz","00014113910934","0","Snacks","9","$1.25",,"0",,,,,,,,,,,,,,
"35352737","Wonderful:roasted & Salted 1.50 Oz","00014113911856","0","Grocery Non-taxable","3","$1.20",,"0",,,,,,,,,,,,,,
"35352359","Blow Pop","00014200000579","0","Gen Merch","10","$0.60",,"0",,,,,,,,,,,,,,
"35352578","Blow Pop","00014200000692","0","Candy","22","$0.60",,"0",,,,,,,,,,,,,,
"35352137","Charms Blow Pop Minis 3.5 Oz","00014200035359","0","Snacks","9","$2.05",,"0",,,,,,,,,,,,,,
"35849318","Cotton Candy 2 oz","00014200612208","0","Candy","22","$2.00",,"0",,,,,,,,,,,,,,
"35965743","Caribbean hot sauce 5.5 FL Oz","00014272154620","0","General Food","7","$2.50",,"0",,,,,,,,,,,,,,
"37868420","MOTT's APPLE JUICE 86 FL OZ","00014800316650","0","Drinks","8","$4.99","$0.00","0",,,,,,,,,,,,,,
"35351810","Realime Lime Juice 15 Fl Oz","00014800582055","0","General Food","7","$3.25",,"0",,,,,,,,,,,,,,
"40624850","Associated Manufactu Walkerswood Jamaica","00015414341205","0","General Food","7","$5.99",,"0",,,,,,,,,,,,,,
"40624848","Associated Manufactu Jamaican Jerk Seaso","00015414541216","0","General Food","7","$5.99",,"0",,,,,,,,,,,,,,
"35353051","Pirates Booty","00015665624058","0","Snacks","9","$0.55",,"0",,,,,,,,,,,,,,
"35351762","Chex Cinnamon 12 Oz","00016000103719","0","General Food","7","$5.50",,"0",,,,,,,,,,,,,,
"41186056","Reeses puffs","00016000121850","0","Snacks","9","$4.99",,"0",,,,,,,,,,,,,,
"49451817","Betty Crocker Chex Mix Brand Snack","00016000122505","0","Snacks","9","$0.50",,"0",,,,,,,,,,,,,,
"35351763","Cinnamon Toast Crunch","00016000122543","0","Grocery Non-taxable","3","$4.75",,"0",,,,,,,,,,,,,,
"35351875","Lucky Charms 10.5 Oz","00016000123991","0","General Food","7","$5.50",,"0",,,,,,,,,,,,,,
"35778390","Cheerio Homey Nut 15.4 OZ","00016000125063","0","Grocery Non-taxable","3","$8.85","$0.00","0",,,,,,,,,,,,,,
"42994301","LUCKY CHARMS","00016000126855","0","Snacks","9","$7.99",,"0",,,,,,,,,,,,,,
"49451816","General Mills Gardetto Original Recipe S","00016000166097","0","Snacks","9","$0.50",,"0",,,,,,,,,,,,,,
"35352764","Nature Valley:fruit N Nut Trail Mix 1.2o","00016000439894","0","Snacks","9","$0.65",,"0",,,,,,,,,,,,,,
"35351761","Cheerios Multi Grain 12 Oz","00016000487697","0","Grocery Non-taxable","3","$7.85","$0.00","0",,,,,,,,,,,,,,
"41186051","Cheerios","00016000487727","0","Snacks","9","$4.99",,"0",,,,,,,,,,,,,,
"42957777","Chex Gluten Free Rice Cereal","00016000487949","0","Grocery Non-taxable","3","$4.99",,"0",,,,,,,,,,,,,,
"35778282","Gold medal all purpose","00016000502697","0","Grocery Non-taxable","3","$9.75","$0.00","0",,,,,,,,,,,,,,
"35352734","Fruit Roll-ups:sizzling Red 0.50 Oz","00016000502963","0","Snacks","9","$0.50",,"0",,,,,,,,,,,,,,
"49451818","General Mills Revlon Limited Edition Col","00016000612709","0","Snacks","9","$0.50",,"0",,,,,,,,,,,,,,
"42556413","Dark Crush 6 g","00016027641928","0","Tobacco","4","$3.00",,"0",,,,,,,,,,,,,,
"41107759","Grabba  Redrose Blend","00016027641959","0","Tobacco","4","$4.50",,"0",,,,,,,,,,,,,,
"36470611","Armour Potted Meat","00017000009469","0","General Food","7","$0.89",,"0",,,,,,,,,,,,,,
"35351861","Jack Link's All American:beef & Cheese 1","00017082000392","0","Snacks","9","$2.40",,"0",,,,,,,,,,,,,,
"35351570","Jack Link's All American:beef & White Ch","00017082000408","0","Snacks","9","$2.30",,"0",,,,,,,,,,,,,,
"35352149","Rice","00017400105501","0","General Food","7","$2.85",,"0",,,,,,,,,,,,,,
"35352640","Pillsbury:mini Cinnamon Roll Cookies 1.5","00018000140497","0","Snacks","9","$1.59",,"0",,,,,,,,,,,,,,
"35353041","Pillsbury:mini Chocolate Chip Cookies 1.","00018000234516","0","Ultra-Processed Prep Desserts","23","$0.85",,"0",,,,,,,,,,,,,,
"35351634","Budweiser 32oz Btl Sngl","00018200000089","0","Alcohol","5","$4.16",,"0",,,,"Eagle Brands Sales",,,,,,,,,,
"35351178","Natural Light Can (12 Fl Oz)","00018200000317","0","Alcohol","5","$1.20",,"0",,,,"Eagle Brands Sales",,,,,,,,,,
"35350525","Bud Light 12oz","00018200001062","0","Alcohol","5","$1.45",,"0",,,,"Eagle Brands Sales",,,,,,,,,,
"35352299","Bud Light 32oz Btl Sngl","00018200001178","0","Alcohol","5","$4.67",,"0",,,,"Eagle Brands Sales",,,,,,,,,,
"35352423","Budweiser 12oz Btl Sngl","00018200001680","0","Alcohol","5","$2.50",,"0",,,,"Eagle Brands Sales",,,,,,,,,,
"35351474","Bud Light 12oz Btl Sngl","00018200001697","0","Alcohol","5","$1.65",,"0",,,,"Eagle Brands Sales",,,,,,,,,,
"35352148","Rita Lime 16oz Can","00018200001741","0","Alcohol","5","$2.29",,"0",,,,"Eagle Brands Sales",,,,,,,,,,
"35351480","Michelob Ultra 12oz Btl Sngl","00018200003325","0","Alcohol","5","$1.63",,"0",,,,"Eagle Brands Sales",,,,,,,,,,
"35352007","Budweiser 16oz Alu Btl Sngl","00018200004735","0","Alcohol","5","$2.10",,"0",,,,"Eagle Brands Sales",,,,,,,,,,
"35352885","Michelob Ultra 16oz Can","00018200005244","0","Alcohol","5","$2.20",,"0",,,,"Eagle Brands Sales",,,,,,,,,,
"35352770","Budweiser 16oz Can","00018200005374","0","Alcohol","5","$1.94",,"0",,,,"Eagle Brands Sales",,,,,,,,,,
"35352776","Bud Light 16oz Can","00018200005381","0","Alcohol","5","$1.84",,"0",,,,"Eagle Brands Sales",,,,,,,,,,
"35352957","Busch 16oz Can","00018200005428","0","Alcohol","5","$1.78",,"0",,,,"Eagle Brands Sales",,,,,,,,,,
"35352842","Busch Light 16oz Can","00018200005435","0","Alcohol","5","$1.78",,"0",,,,"Eagle Brands Sales",,,,,,,,,,
"35351518","Natural Light 16oz Can","00018200005442","0","Alcohol","5","$1.90",,"0",,,,"Eagle Brands Sales",,,,,,,,,,
"35352954","Natural Ice 16oz Can","00018200005459","0","Alcohol","5","$1.59",,"0",,,,"Eagle Brands Sales",,,,,,,,,,
"35352179","Michelob Ultra 16oz Alu Btl Sngl","00018200006654","0","Alcohol","5","$2.20",,"0",,,,"Eagle Brands Sales",,,,,,,,,,
"35351822","Bud Light 12oz 12pk Bottles","00018200007699","0","Alcohol","5","$18.20",,"0",,,,"Eagle Brands Sales",,,,,,,,,,
"35352018","Budweiser 12oz 12pk Btl","00018200007712","0","Alcohol","5","$18.20",,"0",,,,"Eagle Brands Sales",,,,,,,,,,
"35350637","Bud Light 16oz Alu Btl Sngl","00018200007958","0","Alcohol","5","$1.73",,"0",,,,"Eagle Brands Sales",,,,,,,,,,
"35352476","Bud Light 12oz 6pk Btl","00018200008337","0","Alcohol","5","$11.57",,"0",,,,"Eagle Brands Sales",,,,,,,,,,
"35352619","Budweiser 12oz 6pk Btl","00018200008344","0","Alcohol","5","$11.21",,"0",,,,"Eagle Brands Sales",,,,,,,,,,
"35351935","Ritas Strawberry 16oz Can","00018200008559","0","Alcohol","5","$2.28",,"0",,,,"Eagle Brands Sales",,,,,,,,,,
"35351485","Bud Light Platinum Bottle (12 Fl Oz)","00018200009075","0","Alcohol","5","$1.90",,"0",,,,"Eagle Brands Sales",,,,,,,,,,
"35351476","Michelob Ultra 12oz 6pk Btl","00018200059896","0","Alcohol","5","$11.21",,"0",,,,"Eagle Brands Sales",,,,,,,,,,
"35350601","Michelob Ultra 12oz 12pk Btl","00018200059902","0","Alcohol","5","$20.75",,"0",,,,"Eagle Brands Sales",,,,,,,,,,
"35351351","Michelob Ultra 12-pack Cans 12 oz","00018200069918","0","Alcohol","5","$20.50",,"0",,,,"Eagle Brands Sales",,,,,,,,,,
"35351535","Budweiser - 12fl 12pack Cans","00018200110474","0","Alcohol","5","$14.94",,"0",,,,"Eagle Brands Sales",,,,,,,,,,
"35352276","Bud Light Platinum 12fl 6 Pack Bottles (","00018200189937","0","Alcohol","5","$10.80",,"0",,,,"Eagle Brands Sales",,,,,,,,,,
"36626720","Natural Light 2/15 12 Oz Can","00018200200779","0","Alcohol","5","$14.70",,"0",,,,"Eagle Brands Sales",,,,,,,,,,
"35351309","Stella 12 Pk","00018200202490","0","Alcohol","5","$16.51",,"0",,,,"Eagle Brands Sales",,,,,,,,,,
"35352877","Stella Artois 4 Pack Cans 16 Fl Oz","00018200203206","0","Alcohol","5","$8.18",,"0",,,,"Eagle Brands Sales",,,,,,,,,,
"35351422","Michelob Ultra 12 Pack Cans 7.5 Fl Oz","00018200203961","0","Alcohol","5","$20.56",,"0",,,,"Eagle Brands Sales",,,,,,,,,,
"35352741","Budweiser 25 Oz","00018200250002","0","Alcohol","5","$4.44",,"0",,,,"Eagle Brands Sales",,,,,,,,,,
"35353036","Bud Light Can 25 Oz","00018200250019","0","Alcohol","5","$3.97",,"0",,,,"Eagle Brands Sales",,,,,,,,,,
"35352399","Michelob Ultra 25 Oz","00018200250101","0","Alcohol","5","$4.09",,"0",,,,"Eagle Brands Sales",,,,,,,,,,
"35352176","Ritas Lime-a-rita 25.00 Oz","00018200250149","0","Alcohol","5","$3.97",,"0",,,,"Eagle Brands Sales",,,,,,,,,,
"35351720","Ritas Straw-ber-rita Margarita With A Tw","00018200255052","0","Alcohol","5","$3.97",,"0",,,,"Eagle Brands Sales",,,,,,,,,,
"35352443","Ritas Mango 16oz Can","00018200255328","0","Alcohol","5","$2.28",,"0",,,,"Eagle Brands Sales",,,,,,,,,,
"35352436","Ritas Lime Mang-o-rita 25.00 Oz","00018200255335","0","Alcohol","5","$3.97",,"0",,,,"Eagle Brands Sales",,,,,,,,,,
"35352401","Stella Artois 16oz Can","00018200261237","0","Alcohol","5","$2.39",,"0",,,,"Eagle Brands Sales",,,,,,,,,,
"35352221","Stella Artois Can 25 Fl Oz","00018200261244","0","Alcohol","5","$4.66",,"0",,,,"Eagle Brands Sales",,,,,,,,,,
"40808447","Phorm Energy Screamin Freedom 16oz","00018200264801","0","Soda/Energy Beverages","19","$2.36",,"0",,,,,,,,,,,,,,
"35351083","Bud Light - 16fl 20pack Alu Bottles","00018200281402","0","Alcohol","5","$32.71",,"0",,,,"Eagle Brands Sales",,,,,,,,,,
"36109619","Stella Artois 24/12 Can","00018200289057","0","Alcohol","5","$39.00",,"0",,,,"Eagle Brands Sales",,,,,,,,,,
"35351361","Bud Light - 12fl 12pack Cans","00018200530470","0","Alcohol","5","$17.00",,"0",,,,"Eagle Brands Sales",,,,,,,,,,
"35350448","Michelob Ultra 18 Bottles 12oz","00018200966248","0","Alcohol","5","$25.23",,"0",,,,"Eagle Brands Sales",,,,,,,,,,
"42492612","Michelob Ultra 1/18 12 Fl Oz Can","00018200967214","0","Alcohol","5","$29.50",,"0",,,,"Eagle Brands Sales",,,,,,,,,,
"35352378","Suebee Pure Honey 8 Oz","00018700000022","0","Non-Tax","1","$7.00",,"0",,,,,,,,,,,,,,
"35350690","Tueni","00018804701481","0","Grocery Non-taxable","3","$0.50",,"0",,,,,,,,,,,,,,
"35350623","Lifesavers Gummies:5 Flavor 7.70 Oz","00019000083425","0","Snacks","9","$3.49",,"0",,,,,,,,,,,,,,
"43003750","Gummisaver Wild Berry Pe","00019000083449","0","Snacks","9","$3.49",,"0",,,,,,,,,,,,,,
"35351799","Lysol","00019200997171","0","Grocery Non-taxable","3","$2.25",,"0",,,,,,,,,,,,,,
"35351301","Oreo 2 Cookies 0.78 Oz","00019320015403","0","Snacks","9","$0.50",,"0",,,,,,,,,,,,,,
"35352547","Mambi Pork Cracklings (2.25 Oz)","00019631001041","0","Snacks","9","$2.72",,"0",,,,,,,,,,,,,,
"35352434","Mambi Pork Crackling Home Style Strips (","00019631001119","0","Snacks","9","$2.90",,"0",,,,,,,,,,,,,,
"35351883","Mambi Pork Cracklings Hot'n Spicy (2.25","00019631001133","0","Snacks","9","$2.72",,"0",,,,,,,,,,,,,,
"35930138","Mambi Cracklings Chili L","00019631001164","0","Snacks","9","$2.90",,"0",,,,,,,,,,,,,,
"35351713","Le Sueur Sweet Peas (15 Oz)","00020000101651","0","General Food","7","$2.30",,"0",,,,,,,,,,,,,,
"35351033","Trolli:peachie-o's 4.25 Oz","00020709002532","0","Snacks","9","$2.99",,"0",,,,"A & J",,,,,,,,,,
"35351249","Trolli Sour Brite Eggs Gummi Candy 4 Oz","00020709012081","0","Snacks","9","$3.00",,"0",,,,"A & J",,,,,,,,,,
"35351307","Trolli:gummi Candy, Sour Brite Crawlers","00020709012302","0","Snacks","9","$2.99",,"0",,,,,,,,,,,,,,
"35350549","Trolli:sour Brite Octopus 4.25 Oz","00020709012319","0","Snacks","9","$2.99",,"0",,,,"A & J",,,,,,,,,,
"35350864","Trolli:strawberry Puffs 4.25 Oz","00020709012562","0","Snacks","9","$2.99",,"0",,,,,,,,,,,,,,
"35352134","Trolli Evil Twins Gummi Candy 4.25 Oz","00020709100160","0","Snacks","9","$3.50","$0.00","0",,,,,,,,,,,,,,
"35352687","Kraft Mac & Cheese 2.05 Fl Oz","00021000010875","0","Household","6","$1.49",,"0",,,,,,,,,,,,,,
"35351975","Kraft","00021000055005","0","Gen Merch","10","$4.00",,"0",,,,,,,,,,,,,,
"35351976","Kraft","00021000055166","0","Gen Merch","10","$4.00",,"0",,,,,,,,,,,,,,
"35351972","Kraft Singles Sharp Cheddar (10.7 Oz)","00021000083381","0","Dairy","12","$5.00",,"0",,,,,,,,,,,,,,
"35351974","Kraft Singles White American (12 Oz)","00021000083398","0","General Food","7","$5.00",,"0",,,,,,,,,,,,,,
"35351973","Kraft Singles American (12 Oz)","00021000604647","0","Dairy","12","$5.00",,"0",,,,,,,,,,,,,,
"35351971","Kraft Singles White American (12 Oz)","00021000604654","0","Dairy","12","$5.00",,"0",,,,,,,,,,,,,,
"35351075","Philadelphia Cream Cheese Original 8 Oz","00021000612239","0","Dairy","12","$3.00",,"0",,,,,,,,,,,,,,
"35965746","Kraft Dress Ranch 8 FL Oz","00021000643592","0","General Food","7","$2.50",,"0",,,,,,,,,,,,,,
"35965745","Kr 1000 Island Dressing 8 FL Oz","00021000644551","0","General Food","7","$2.50",,"0",,,,,,,,,,,,,,
"35351054","Oil Sheen","00021306210504","0","Household","6","$3.11",,"0",,,,,,,,,,,,,,
"41253525","Tom's Nacho Bugles Nacho Cheese 2.6 Oz","00021900982234","0","Snacks","9","$2.99",,"0",,,,,,,,,,,,,,
"35350744","Toms Chips Vinagre 5.5oz","00021900982357","0","Snacks","9","$3.99",,"0",,,,,,,,,,,,,,
"35353008","Toms Vinegar & Salt (2.5 Oz)","00021900982579","0","Snacks","9","$2.50",,"0",,,,,,,,,,,,,,
"35351678","Hubba Bubba:bubble Tape Tangy Tropical 2","00022000002785","0","Snacks","9","$1.60",,"0",,,,,,,,,,,,,,
"35352573","Life Savers: 5 Flavours Hard Candy- 14 C","00022000004345","0","Snacks","9","$1.40",,"0",,,,,,,,,,,,,,
"35352963","Wrigleys Orbit:sweet Mint Sugar Free 14.","00022000004833","0","Grocery Non-taxable","3","$2.00",,"0",,,,,,,,,,,,,,
"35351757","Wrigleys Orbit Spearmint 14 Pieces","00022000004840","0","Grocery Non-taxable","3","$2.00",,"0",,,,,,,,,,,,,,
"35351090","Wrigleys Orbit Peppemint Gum 14 Pieces","00022000004864","0","Snacks","9","$1.40",,"0",,,,,,,,,,,,,,
"35352469","Wrigleys:orbit -Wintermint 14.00 Pieces","00022000004888","0","Grocery Non-taxable","3","$2.00",,"0",,,,,,,,,,,,,,
"35352591","Wrigleys:5 Peppermint Cobalt 15 Sticks","00022000005120","0","Candy","22","$3.00",,"0",,,,"Sams Club",,,,,,,,,,
"35351205","Wrigley's 5 Spearmint - Rain 15 Sticks","00022000005144","0","Candy","22","$3.00",,"0",,,,"Sams Club",,,,,,,,,,
"35351523","Spearmint","00022000006653","0","Snacks","9","$2.00","$0.00","0",,,,,,,,,,,,,,
"35352730","Wrigley's Doublemint 15 Sticks","00022000006660","0","Snacks","9","$1.87",,"0",,,,,,,,,,,,,,
"35352305","Wrigley's Juicy Fruit 15 Sticks","00022000006677","0","Candy","22","$2.00",,"5",,,,"Nepa Wholesale",,,,,,,,,,
"35352755","Wrigleys: Extra Peppermint 15 Sticks","00022000008916","0","Snacks","9","$1.87",,"0",,,,,,,,,,,,,,
"35352859","Wrigleys:extra Polar Ice 15 Sticks","00022000008985","0","Snacks","9","$2.00",,"0",,,,,,,,,,,,,,
"35352445","Wrigleys Extra Spearmint 15 Sticks","00022000008992","0","Snacks","9","$2.00",,"0",,,,,,,,,,,,,,
"35351136","Wrigleys:orbit Strawberry 14 Pcs","00022000012098","0","Grocery Non-taxable","3","$2.00",,"0",,,,,,,,,,,,,,
"36253229","Lifesaver Gummie 5 King 5","00022000014641","0","Candy","22","$2.99",,"0",,,,,,,,,,,,,,
"35351563","Starburst:mini Original 3.5 Oz","00022000014696","0","Snacks","9","$2.00",,"0",,,,,,,,,,,,,,
"35352590","Wrigley's 5 Rpm Mint 15 Sticks","00022000014719","0","Candy","22","$3.00",,"0",,,,"Sams Club",,,,,,,,,,
"35351654","Bubble Tape Sour Flavor Blubble Gum 2 Oz","00022000016935","0","Candy","22","$1.60",,"0",,,,,,,,,,,,,,
"35352858","Extra Spearmint 35 Sticks","00022000017871","0","Snacks","9","$4.35",,"0",,,,,,,,,,,,,,
"35351679","Wrigleys Peppermint Cobalt 5 35 Sticks","00022000017895","0","Candy","22","$5.65",,"0",,,,"Sams Club",,,,,,,,,,
"35351516","Wrigleys Extra Cinnamon 15 Sticks","00022000019080","0","Grocery Non-taxable","3","$2.25",,"0",,,,,,,,,,,,,,
"43003751","L Sav Gummi Neon","00022000019233","0","General Food","7","$3.75",,"0",,,,,,,,,,,,,,
"35351458","Wrigleys: Watermelon Prism 15 Sticks","00022000116024","0","Gen Merch","10","$2.00",,"0",,,,,,,,,,,,,,
"35372799","Altoids:peppermint 1.76 Oz","00022000159335","0","Snacks","9","$3.99","$0.00","0",,,,,,,,,,,,,,
"35372788","Altoids:wintergreen 1.76 Oz","00022000159342","0","Snacks","9","$3.99",,"0",,,,,,,,,,,,,,
"39246539","Altoids Mints Cinnamon T","00022000159359","0","Snacks","9","$3.99","$0.00","0",,,,,,,,,,,,,,
"35351120","Wrigleys: Extra Pink Lemonade 15 Sticks","00022000292780","0","Grocery Non-taxable","3","$2.34",,"0",,,,,,,,,,,,,,
"35352830","Wrigley's Doublemint Big Red 5 Sticks","00022000293183","0","Snacks","9","$0.50",,"0",,,,,,,,,,,,,,
"35352064","Wrigley's Juicy Fruit","00022000293244","0","Snacks","9","$0.50",,"0",,,,,,,,,,,,,,
"35350975","Wrigleys Winter Fresh 5 Sticks Gum","00022000293275","0","Snacks","9","$0.50",,"0",,,,,,,,,,,,,,
"35351040","Spearmint 5 Ct","00022000293305","0","Snacks","9","$0.50",,"0",,,,,,,,,,,,,,
"40650570","Extra Sour","00022000303134","0","Candy","22","$2.00",,"0",,,,,,,,,,,,,,
"40650569","Wrig Extra Sr Strawberry","00022000303233","0","Snacks","9","$2.00",,"0",,,,,,,,,,,,,,
"35351903","Hubba Bubba:bubble Tape Awesome Original","00022110079806","0","Snacks","9","$1.60",,"0",,,,,,,,,,,,,,
"35351071","Wiley Wallaby Blueberry Pomegranate 4 Oz","00022224200943","0","Snacks","9","$2.05",,"0",,,,,,,,,,,,,,
"35352284","Magnum Large Size Lubricated 3.00 Ct","00022600642039","0","Household","6","$5.55",,"0",,,,"Nepa Wholesale",,,,,,,,,,
"35352698","Trojan Enz Condoms:premium Lubricant 3.0","00022600930501","0","Household","6","$5.55",,"0",,,,"Nepa Wholesale",,,,,,,,,,
"35352559","Covergirl Brow Pencil 0.06 Oz","00022700062560","0","Household","6","$3.24",,"0",,,,,,,,,,,,,,
"35351419","Cesar:w/beef In Meaty Juices 3.50 Oz","00023100014012","0","Pet Food","21","$1.75",,"0",,,,,,,,,,,,,,
"35351124","Cesar","00023100014074","0","Gen Merch","10","$1.45",,"0",,,,,,,,,,,,,,
"35351541","Cesar:filet Mignon 3.5 Oz","00023100017792","0","Pet Food","21","$1.75",,"0",,,,,,,,,,,,,,
"35352070","Cesar:porterhouse Steak Flavour 3.5 Oz","00023100024516","0","Pet Food","21","$1.75",,"0",,,,,,,,,,,,,,
"35351773","Cesar:grilled Chicken Flavour 3.5 Oz","00023100024523","0","Pet Food","21","$1.75",,"0",,,,,,,,,,,,,,
"35351783","Cap","00023340010102","0","Gen Merch","10","$13.00",,"0",,,,,,,,,,,,,,
"35351702","Del Monte Fresh Cut Green Beans (14.5 Oz","00024000162865","0","General Food","7","$1.50",,"0",,,,,,,,,,,,,,
"35352531","Cheez It Original 1.5 Fl Oz","00024100122615","0","Snacks","9","$0.55",,"0",,,,,,,,,,,,,,
"38851585","Morton Iodized Table Salt","00024600010535","0","General Food","7","$2.50",,"0",,,,,,,,,,,,,,
"35351440","Pepe,s Dipper Chicharrones Cracklins 3 F","00024622511171","0","Snacks","9","$1.79",,"0",,,,,,,,,,,,,,
"35351000","Minute Maid:lemonade 20.00 Fl Oz","00025000058011","0","Soda/Energy Beverages","19","$2.99",,"0",,,,,,,,,,,,,,
"35350851","Minute Maid:fruit Punch 20.00 Oz","00025000058028","0","Grocery Non-taxable","3","$2.50",,"0",,,,,,,,,,,,,,
"35352039","Minute Maid:lemonade","00025000058073","0","Drinks","8","$1.25",,"0",,,,,,,,,,,,,,
"35350423","Minute Maid Pink Lemonade 20.00 Fl Oz","00025000058868","0","Grocery Non-taxable","3","$2.40",,"0",,,,,,,,,,,,,,
"35350866","Simply Orange 52fl Oz Ea","00025000100000","0","Drinks","8","$6.00",,"0",,,,,,,,,,,,,,
"37868405","Simply Orange 100% Pulp Free 46 Fl.Oz.","00025000136788","0","Drinks","8","$4.99","$0.00","0",,,,,,,,,,,,,,
"35352317","Swisher Strawberry","00025900204334","0","Tobacco","4","$1.20",,"0",,,,"Sams Tobacco",,,,,,,,,,
"35352910","Swisher Sweets Mini Cigars - Reseable Po","00025900220808","0","Tobacco","4","$1.45",,"0",,,,"Sams Tobacco,Nepa Wholesale",,,,,,,,,,
"35351832","Swisher Sweets Smooth Sweet","00025900227333","0","Tobacco","4","$1.19",,"0",,,,"Sams Tobacco",,,,,,,,,,
"35352133","Swisher International, Inc.","00025900227340","0","Tobacco","4","$1.19",,"0",,,,"Sams Tobacco",,,,,,,,,,
"35351091","Swisher Sweets Blueberry","00025900227357","0","Tobacco","4","$1.19",,"0",,,,"Sams Tobacco",,,,,,,,,,
"35352132","Swisher Sweets Green","00025900227425","0","Tobacco","4","$1.19",,"0",,,,"Sams Tobacco",,,,,,,,,,
"35351340","Swisher Sweets Diamonds","00025900229832","0","Tobacco","4","$1.19",,"0",,,,"Sams Tobacco",,,,,,,,,,
"35351987","Silver","00025900229856","0","Tobacco","4","$1.19",,"0",,,,,,,,,,,,,,
"35352152","Swisher Sweets Tropical Fusion","00025900229863","0","Tobacco","4","$1.19",,"0",,,,"Sams Tobacco,Nepa Wholesale",,,,,,,,,,
"35351544","Swisher Sweets Blk Cherry","00025900236519","0","Tobacco","4","$1.29",,"7",,,,"Sams Tobacco",,,,,,,,,,
"35352638","Swisher Sweets Blk Grape","00025900236526","0","Tobacco","4","$1.29",,"6",,,,"Sams Tobacco",,,,,,,,,,
"35352762","Swisher Sweets Blk Smooth","00025900236878","0","Tobacco","4","$1.48",,"1",,,,"Sams Tobacco",,,,,,,,,,
"35351549","Blk Grape","00025900236892","0","Tobacco","4","$1.49",,"0",,,,,,,,,,,,,,
"35352363","Swisher Leafaro Aromatic","00025900259525","0","Tobacco","4","$2.49",,"0",,,,"Sams Tobacco,Nepa Wholesale",,,,,,,,,,
"35351467","Swisher Sweet Leaf OG","00025900259600","0","Tobacco","4","$2.49",,"0",,,,"Nepa Wholesale",,,,,,,,,,
"35351092","Swisher Leaf","00025900259624","0","Tobacco","4","$2.49",,"0",,,,"Sams Tobacco",,,,,,,,,,
"35351830","Swisher Sweets:gold Cigarillos","00025900279318","0","Tobacco","4","$1.19",,"0",,,,"Sams Tobacco,Nepa Wholesale",,,,,,,,,,
"35350910","Crwnz Og Leaf","00025900281403","0","Tobacco","4","$1.29",,"0",,,,,,,,,,,,,,
"35350738","Crwnz Platinum Leaf","00025900281410","0","Tobacco","4","$1.29",,"0",,,,,,,,,,,,,,
"35351156","Crwnz Cream Leaf","00025900281427","0","Tobacco","4","$1.29",,"0",,,,,,,,,,,,,,
"35350800","Crwnz Berry Leaf","00025900281441","0","Tobacco","4","$1.29",,"0",,,,,,,,,,,,,,
"35350684","Crwnz Emerald Leaf","00025900284435","0","Tobacco","4","$1.29",,"0",,,,,,,,,,,,,,
"47679943","Swisher Sweet Diamond","00025900442538","0","Tobacco","4","$1.39",,"0",,,,"Nepa Wholesale",,,,,,,,,,
"35352795","Swisher Sweet Original","00025900445522","0","Tobacco","4","$1.39",,"0",,,,"Sams Tobacco,Nepa Wholesale",,,,,,,,,,
"35352697","Swisher Sweets Grape","00025900445546","0","Tobacco","4","$1.39",,"'-72",,,,"Sams Tobacco,Nepa Wholesale",,,,,,,,,,
"48196231","Swish Swt Blueberry","00025900445560","0","Tobacco","4","$1.39",,"0",,,,"Nepa Wholesale",,,,,,,,,,
"37904432","Swisher Sweet Strawberry","00025900445591","0","Tobacco","4","$1.39",,"0",,,,"Nepa Wholesale",,,,,,,,,,
"35350925","Maverick Special M Box 1.00 Pk","00026100001280","0","Tobacco","4","$8.45",,"0",,,,,,,,,,,,,,
"35352415","Newport Menthold Gold 100s","00026100005721","0","Tobacco","4","$11.25",,"6",,,,"Sams Tobacco",,,,,,,,,,
"35352685","Newport 100s","00026100005738","0","Tobacco","4","$11.25",,"'-24",,,,"Sams Tobacco",,,,,,,,,,
"35352976","Newport Short","00026100005752","0","Tobacco","4","$11.25",,"'-57",,,,"Sams Tobacco",,,,,,,,,,
"35352558","Newport Menthold Gold Short","00026100005769","0","Tobacco","4","$11.25",,"0",,,,"Sams Tobacco",,,,,,,,,,
"35350543","Newport Menthol King","00026100005783","0","Tobacco","4","$10.28",,"0",,,,"Sams Tobacco",,,,,,,,,,
"35350548","Newport Menthol Blue 100s","00026100005806","0","Tobacco","4","$10.75",,"0",,,,"Sams Tobacco",,,,,,,,,,
"35350542","Newport Menthol Blue Short","00026100005837","0","Tobacco","4","$10.75",,"0",,,,"Sams Tobacco",,,,,,,,,,
"43004866","Newport Menthol Gold Soft","00026100005851","0","Tobacco","4","$11.00",,"0",,,,"Sams Tobacco",,,,,,,,,,
"35352067","Newport Non-menthol Short","00026100006568","0","Tobacco","4","$10.75",,"0",,,,"Sams Tobacco",,,,,,,,,,
"35350547","Newport Non-menthol 100s","00026100006575","0","Tobacco","4","$9.45",,"0",,,,"Sams Tobacco",,,,,,,,,,
"35351960","Newport Menthol Smooth Select 100s","00026100006681","0","Tobacco","4","$11.25",,"0",,,,"Sams Tobacco",,,,,,,,,,
"35351580","Newport Smooth Select Menthol Short","00026100006704","0","Tobacco","4","$11.25",,"0",,,,"Sams Tobacco",,,,,,,,,,
"35350808","Maverick Special Box 1.00 Pk","00026100008746","0","Tobacco","4","$4.65",,"0",,,,,,,,,,,,,,
"35350964","Maverick Special Lts Box 1.00 Pk","00026100008845","0","Tobacco","4","$8.45",,"0",,,,,,,,,,,,,,
"35351190","Newport Box 100 10 Pack","00026100805734","0","Tobacco","4","$111.13",,"0",,,,"Sams Tobacco",,,,,,,,,,
"35351191","Newport Box 10 Pack","00026100805758","0","Tobacco","4","$111.13",,"0",,,,"Sams Tobacco",,,,,,,,,,
"35352143","David Salted & Roasted Sunflower Seeds (","00026200006161","0","General Food","7","$0.65",,"0",,,,,,,,,,,,,,
"35352881","Slim Jim:original 0.28 Oz","00026200101927","0","Snacks","9","$0.75",,"0",,,,"A & J",,,,,,,,,,
"35352479","Slim Jim:original 0.97 Oz","00026200117003","0","Snacks","9","$2.25",,"0",,,,"A & J",,,,,,,,,,
"35351655","Slim Jim Monster:original 1.94 Oz","00026200140605","0","Snacks","9","$3.11",,"0",,,,"A & J",,,,,,,,,,
"35352622","David Jumbo Salted & Roasted Sunflower S","00026200238920","0","General Food","7","$1.75",,"0",,,,,,,,,,,,,,
"35352642","Tijuana Mama Pickled Sausage 2.4 Oz","00026200391908","0","Snacks","9","$2.75",,"0",,,,"A & J",,,,,,,,,,
"35352759","Big Mama:2.4 Oz 12 Ct Box & 16 Ct Jar 68","00026200392905","0","Snacks","9","$2.75",,"0",,,,"A & J",,,,,,,,,,
"40359998","Andy Capp Hot Fries","00026200471594","0","Snacks","9","$2.69",,"0",,,,,,,,,,,,,,
"41212021","Andy Capp Hot Fries","00026200471730","0","Snacks","9","$0.66",,"0",,,,,,,,,,,,,,
"35350553","Pall Mall Orange King Box 1.00 Pk","00027200001750","0","Tobacco","4","$5.09",,"0",,,,,,,,,,,,,,
"35351951","Capri Menthol Indico","00027200002177","0","Tobacco","4","$17.56",,"0",,,,,,,,,,,,,,
"35351081","Capri Menthol Indigo","00027200002399","0","Tobacco","4","$13.08",,"0",,,,,,,,,,,,,,
"35350935","Pall Mall Blue Cigars Regular","00027200003884","0","Tobacco","4","$6.03",,"0",,,,,,,,,,,,,,
"35350859","Pall Mall Red 100's 1.00 Ct","00027200003914","0","Tobacco","4","$5.80",,"0",,,,,,,,,,,,,,
"35351131","Capri Jade Menthol","00027200006618","0","Tobacco","4","$14.99",,"0",,,,,,,,,,,,,,
"35350503","Pallman","00027200008513","0","Tobacco","4","$4.67",,"0",,,,,,,,,,,,,,
"35350751","Pall Mall Light Blue Box 1.00 Ct","00027200008544","0","Tobacco","4","$5.61",,"0",,,,,,,,,,,,,,
"35350818","Pall Mall Menthol 1.00 Ct","00027200008599","0","Tobacco","4","$7.78",,"0",,,,,,,,,,,,,,
"35350870","Pall Mall 100's 729","00027200008629","0","Tobacco","4","$5.61",,"0",,,,,,,,,,,,,,
"35350579","Pall Mall Menthol 100's 1.00 Ct","00027200008650","0","Tobacco","4","$7.15",,"0",,,,,,,,,,,,,,
"35350712","Pall Mall Cigarettes Filter Red Box 100s","00027200008674","0","Tobacco","4","$7.78",,"0",,,,,,,,,,,,,,
"35350930","Pall Mall Menthol Black 1 Ct","00027200347254","0","Tobacco","4","$7.44",,"0",,,,,,,,,,,,,,
"35350677","Pall Mall Menthol 1.00 Ct","00027200347315","0","Tobacco","4","$7.78",,"0",,,,,,,,,,,,,,
"35350753","Pall Mall - Methol White 100's","00027200347339","0","Tobacco","4","$6.53",,"0",,,,,,,,,,,,,,
"35350674","Pall Mall Menthol 1.00 Ct","00027200347346","0","Tobacco","4","$7.78",,"0",,,,,,,,,,,,,,
"35352097","Keebler Cookies Fudge Stripes Minis","00027800063165","0","Snacks","9","$1.25",,"0",,,,,,,,,,,,,,
"38941642","Nestlé Strawberry Shortcake","00028000065812","0","Ice Cream","11","$2.80","$1.62","4",,,,"Valentini",,,,,,,,,,
"35351587","Maggi Chicken Flavor Bouillon 138g","00028000115678","0","Household","6","$2.25",,"0",,,,,,,,,,,,,,
"35350825","Nesquik Protein Chocolate 14 Oz","00028000276393","0","Drinks","8","$2.50",,"0",,,,,,,,,,,,,,
"35351074","Maggi Beef Flavor Bouillon 65.7g","00028000500313","0","Household","6","$1.75",,"0",,,,,,,,,,,,,,
"35350840","Nestle Nesquik Strawberry Low Fat Milk 1","00028000515751","0","Drinks","8","$2.50",,"0",,,,,,,,,,,,,,
"35351314","Nestle Nesquik Chocolate Low Fat Milk 14","00028000772123","0","Drinks","8","$2.99",,"0",,,,,,,,,,,,,,
"35351098","Nesquik Banana Strawberry Low Fat Milk 1","00028000895044","0","Drinks","8","$2.99",,"0",,,,,,,,,,,,,,
"35351273","Nestle Nesquik Vanilla Low Fat Milk 14 O","00028000896256","0","Drinks","8","$2.99",,"0",,,,,,,,,,,,,,
"35352106","Marlboro Black Gold 100s","00028200001672","0","Tobacco","4","$7.67",,"0",,,,"Sams Tobacco",,,,,,,,,,
"35350782","Marlboro Blend No. 27 1 Ct","00028200002648","0","Tobacco","4","$11.45",,"0",,,,"Sams Tobacco",,,,,,,,,,
"35350598","Marlboro Blend No. 27 King Soft 1.00 Pk","00028200002655","0","Tobacco","4","$9.43",,"0",,,,"Sams Tobacco",,,,,,,,,,
"35350906","Marlboro Smooth 100's 1","00028200003034","0","Tobacco","4","$12.24",,"0",,,,"Sams Tobacco",,,,,,,,,,
"35350545","Marlboro Smooth","00028200003232","0","Tobacco","4","$12.24",,"0",,,,"Sams Tobacco",,,,,,,,,,
"35350833","Marlboro Milds Pack","00028200003430","0","Tobacco","4","$9.89",,"0",,,,"Sams Tobacco",,,,,,,,,,
"35350613","Marlboro Red Short","00028200003577","0","Tobacco","4","$11.45",,"'-12",,,,"Sams Tobacco",,,,,,,,,,
"35350421","Marlboro Menthol Short","00028200003614","0","Tobacco","4","$12.24",,"'-3",,,,"Sams Tobacco",,,,,,,,,,
"35350658","Marlboro Red 100's","00028200003638","0","Tobacco","4","$11.45",,"30",,,,"Sams Tobacco",,,,,,,,,,
"35350582","Marlboro Menthol 100's","00028200003645","0","Tobacco","4","$12.24",,"14",,,,"Sams Tobacco",,,,,,,,,,
"35350576","Marlboro Redlabel King Box 1.00 Pk","00028200003683","0","Tobacco","4","$11.45",,"0",,,,"Sams Tobacco",,,,,,,,,,
"35351004","Marlboro Red Label 100 Box 1.00 Pk","00028200003690","0","Tobacco","4","$11.45",,"0",,,,"Sams Tobacco",,,,,,,,,,
"35350603","Marlboro Blue Menthol 1.00 Ct","00028200003768","0","Tobacco","4","$12.24",,"0",,,,"Sams Tobacco",,,,,,,,,,
"35350546","Marlboro Menthol Blue 100s","00028200003775","0","Tobacco","4","$12.24",,"0",,,,"Sams Tobacco",,,,,,,,,,
"35351047","Marlboro Gold Short","00028200003843","0","Tobacco","4","$11.45",,"'-68",,,,"Sams Tobacco",,,,,,,,,,
"35350655","Marlboro Silver Pack 72's Short Mellow 1","00028200003867","0","Tobacco","4","$11.10",,"0",,,,"Sams Tobacco",,,,,,,,,,
"35350872","Marlboro Menthol Gold Short","00028200004017","0","Tobacco","4","$12.24",,"3",,,,"Sams Tobacco",,,,,,,,,,
"35350578","Marlboro Special Select Gold Short","00028200004222","0","Tobacco","4","$8.55",,"'-27",,,,"Sams Tobacco",,,,,,,,,,
"35350790","Marlboro Special Select Gold 100's","00028200004239","0","Tobacco","4","$8.55",,"28",,,,"Sams Tobacco",,,,,,,,,,
"35350678","Marlboro Gold 100's","00028200004659","0","Tobacco","4","$11.45",,"'-1",,,,"Sams Tobacco",,,,,,,,,,
"35350705","Marlboro Menthol Gold 100's","00028200004710","0","Tobacco","4","$12.24",,"24",,,,"Sams Tobacco",,,,,,,,,,
"35350583","Marlboro Silver Short","00028200004772","0","Tobacco","4","$11.45",,"'-18",,,,"Sams Tobacco",,,,,,,,,,
"35351037","Marlboro Silver 100's","00028200004789","0","Tobacco","4","$11.45",,"11",,,,"Sams Tobacco",,,,,,,,,,
"35350602","Marlboro Menthol Silver Short","00028200004819","0","Tobacco","4","$12.24",,"'-9",,,,"Sams Tobacco",,,,,,,,,,
"35350724","Marlboro Menthol Silver 100's","00028200004857","0","Tobacco","4","$12.24",,"22",,,,"Sams Tobacco",,,,,,,,,,
"35350754","Marlboro Special Select Red Short","00028200005656","0","Tobacco","4","$8.55",,"22",,,,"Sams Tobacco",,,,,,,,,,
"35350901","Marlboro Special Select Red 100's","00028200005687","0","Tobacco","4","$8.55",,"14",,,,"Sams Tobacco",,,,,,,,,,
"35350574","Marlboro Midnight 20","00028200006134","0","Tobacco","4","$10.77",,"0",,,,"Sams Tobacco",,,,,,,,,,
"35351759","B&h","00028200007223","0","Tobacco","4","$12.61",,"0",,,,,,,,,,,,,,
"35350728","Benson & Hedges Menthol 100 Box 1.00 Pk","00028200007230","0","Tobacco","4","$10.19",,"0",,,,,,,,,,,,,,
"35350565","Benson & Hedges Menthol Light 100 1.00 P","00028200007254","0","Tobacco","4","$8.81",,"0",,,,,,,,,,,,,,
"35350554","Benson & Hedges Light 100 Box 1.00 Pk","00028200007278","0","Tobacco","4","$10.19",,"0",,,,,,,,,,,,,,
"35350983","Benson & Hedges Deluxe Ultra Light 100 B","00028200007292","0","Tobacco","4","$7.32",,"0",,,,,,,,,,,,,,
"35351888","Benson & Hedges Deluxe Menthol 100's","00028200007308","0","Tobacco","4","$14.25",,"6",,,,"Sams Tobacco",,,,,,,,,,
"35350999","Viriginia Slims Menthol Gold 120 Box 1.0","00028200007391","0","Tobacco","4","$7.19",,"0",,,,,,,,,,,,,,
"35350619","Virginia Slims Silver 100 Box 1.00 Pk","00028200007438","0","Tobacco","4","$8.88",,"0",,,,,,,,,,,,,,
"35350673","Viriginia Slims Menthol Ultra Light 100","00028200007445","0","Tobacco","4","$9.34",,"0",,,,,,,,,,,,,,
"35351137","Virginia Slims Menthol 100 Box 1.00 Pk","00028200007742","0","Tobacco","4","$8.73",,"0",,,,,,,,,,,,,,
"35350865","Virginia Slims Super Slim 100 Box 1.00 P","00028200007759","0","Tobacco","4","$7.19",,"0",,,,,,,,,,,,,,
"35352008","Parliament White Recessed Filter","00028200007841","0","Tobacco","4","$12.34",,"0",,,,,,,,,,,,,,
"35351857","Parliament White 100s Recessed Filter","00028200007919","0","Tobacco","4","$12.00",,"0",,,,,,,,,,,,,,
"40729342","Parliament Blue Bx","00028200007926","0","Tobacco","4","$12.00",,"0",,,,,,,,,,,,,,
"35352105","Marlboro Black Gold","00028200008879","0","Tobacco","4","$7.67",,"0",,,,"Sams Tobacco",,,,,,,,,,
"35350978","Malboro Seventy Twos 028200009357","00028200009357","0","Tobacco","4","$11.79",,"0",,,,,,,,,,,,,,
"35350863","Marlboro Black Bold Flavor 1 Ct","00028200009524","0","Tobacco","4","$7.67",,"0",,,,"Sams Tobacco",,,,,,,,,,
"35350587","Marlboro Black 100's 1.00 Ct","00028200009531","0","Tobacco","4","$7.67",,"0",,,,"Sams Tobacco",,,,,,,,,,
"35350946","Marlboro Black Bold Menthol Flip-top Box","00028200009548","0","Tobacco","4","$10.77",,"0",,,,"Sams Tobacco",,,,,,,,,,
"35350919","Virginia Slims Silver 120 Box 1.00 Pk","00028200009586","0","Tobacco","4","$8.73",,"0",,,,,,,,,,,,,,
"35350767","Marlboro Blue Pasck 72's Cool Menthol 1.","00028200009616","0","Tobacco","4","$10.48",,"0",,,,"Sams Tobacco",,,,,,,,,,
"35351051","Marlboro Green 72 Box 1.00 Pk","00028200009623","0","Tobacco","4","$11.79",,"0",,,,"Sams Tobacco",,,,,,,,,,
"35350550","Marlboro 72's 1.00 Ct","00028200009630","0","Tobacco","4","$11.10",,"0",,,,"Sams Tobacco",,,,,,,,,,
"35350544","Marlboro Menthol 100s","00028200009647","0","Tobacco","4","$10.77",,"0",,,,"Sams Tobacco",,,,,,,,,,
"35350679","Marlboro Gold Pack 72's Smooth 1.00 Ct","00028200009654","0","Tobacco","4","$11.10",,"0",,,,"Sams Tobacco",,,,,,,,,,
"35350691","Virginia Slims Superslims Menthol Gold B","00028200009838","0","Tobacco","4","$6.81",,"0",,,,,,,,,,,,,,
"35351001","Marlboro King Box Fsc 1.00 Ctn","00028200135704","0","Tobacco","4","$114.50",,"0",,,,"Sams Tobacco",,,,,,,,,,
"35350776","Marlboro Fsc 100 Box 1.00 Ctn","00028200136305","0","Tobacco","4","$114.50",,"0",,,,"Sams Tobacco",,,,,,,,,,
"35350950","Marlboro Menthol 100 Box 1.00 Ctn","00028200136404","0","Tobacco","4","$122.40",,"0",,,,"Sams Tobacco",,,,,,,,,,
"35350600","Marlboro Red Label King Box 1.00 Ctn","00028200136800","0","Tobacco","4","$114.50",,"0",,,,"Sams Tobacco",,,,,,,,,,
"35351189","Marlboro Gold King Box Fsc 1.00 Ctn","00028200138408","0","Tobacco","4","$114.50",,"0",,,,"Sams Tobacco",,,,,,,,,,
"35351049","Marlboro Menthol Gold King Box 1.00 Ctn","00028200140104","0","Tobacco","4","$122.40",,"0",,,,"Sams Tobacco",,,,,,,,,,
"35350699","Marlboro Special Blend Gold Box Fsc 1.00","00028200142207","0","Tobacco","4","$85.50",,"0",,,,"Sams Tobacco",,,,,,,,,,
"35350432","Marlboro Red Label (Soft Pack) 5490","00028200142306","0","Tobacco","4","$85.50",,"0",,,,"Sams Tobacco",,,,,,,,,,
"35352159","Marlboro Gold 100 Box Fsc 1.00 Ctn","00028200146502","0","Tobacco","4","$114.50",,"0",,,,"Sams Tobacco",,,,,,,,,,
"35350784","Marlboro Silver King Box Fsc 1.00 Ctn","00028200147707","0","Tobacco","4","$114.50",,"0",,,,"Sams Tobacco",,,,,,,,,,
"35350639","Marlboro Ultra Lights 100 Box Fsc 1.00 C","00028200147806","0","Tobacco","4","$114.50",,"0",,,,"Sams Tobacco",,,,,,,,,,
"35350551","Marlboro Menthol Silver 100 Box 1.00 Ctn","00028200148506","0","Tobacco","4","$122.40",,"0",,,,"Sams Tobacco",,,,,,,,,,
"35351025","Benson & Hedges Menthol 100 Box 1.00 Ctn","00028200172365","0","Tobacco","4","$78.50",,"0",,,,,,,,,,,,,,
"35350993","Benson & Hedges Menthol Light 100 Luxury","00028200172808","0","Tobacco","4","$101.86",,"0",,,,,,,,,,,,,,
"35350890","Benson & Hedges Deluxe Menthol Ultra Lig","00028200173003","0","Tobacco","4","$92.52",,"0",,,,"Sams Tobacco",,,,,,,,,,
"35350791","Marlboro Black 1.00 Ct","00028200174765","0","Tobacco","4","$9.43",,"0",,,,"Sams Tobacco",,,,,,,,,,
"35350709","Marlboro Black 100's Black 1.00 Ct","00028200174772","0","Tobacco","4","$9.43",,"0",,,,"Sams Tobacco",,,,,,,,,,
"35350997","Marlboro Menthol Black Special Blend Box","00028200174789","0","Tobacco","4","$9.43",,"0",,,,"Sams Tobacco",,,,,,,,,,
"35350778","Marlboro Light Special Blend Short 1","00028200174819","0","Tobacco","4","$9.43",,"0",,,,"Sams Tobacco",,,,,,,,,,
"35350900","Marlboro Light Special Blend1 100","00028200174826","0","Tobacco","4","$9.43",,"0",,,,"Sams Tobacco",,,,,,,,,,
"35350672","Marlboro Special Select 1 Pack","00028200174888","0","Tobacco","4","$9.43",,"0",,,,"Sams Tobacco",,,,,,,,,,
"35350920","Marlboro Sb 100's 50 C Off 1 Pack","00028200174895","0","Tobacco","4","$9.43",,"0",,,,"Sams Tobacco",,,,,,,,,,
"35350991","Marlboro Nxt Regular To Menthol Box Fsc","00028200174925","0","Tobacco","4","$9.43",,"0",,,,"Sams Tobacco",,,,,,,,,,
"35350745","Marlboro Smooth Cool Menthol Flavor","00028200176974","0","Tobacco","4","$9.68",,"0",,,,"Sams Tobacco",,,,,,,,,,
"35351158","Marlboro Rich Blue-menthol 1.00 Pk","00028200176998","0","Tobacco","4","$8.23",,"0",,,,"Sams Tobacco",,,,,,,,,,
"35350907","Marlboro Midnight 1.00 Ct","00028200178183","0","Tobacco","4","$9.80",,"0",,,,"Sams Tobacco",,,,,,,,,,
"35350662","Marlboro Blend 27 50 Off 1 Pack","00028200178213","0","Tobacco","4","$9.80",,"0",,,,"Sams Tobacco",,,,,,,,,,
"35350908","Marlboro Redlabel 50 Off 1 Pack","00028200178237","0","Tobacco","4","$9.80",,"0",,,,"Sams Tobacco",,,,,,,,,,
"35350593","Marlboro Red Label","00028200178244","0","Tobacco","4","$9.43",,"0",,,,"Sams Tobacco",,,,,,,,,,
"35350665","Marlboro 50 Off Smooth 1 Pack","00028200178312","0","Tobacco","4","$10.06",,"0",,,,"Sams Tobacco",,,,,,,,,,
"35350894","Marlboro Smooth 100;s 50off Pack","00028200178329","0","Tobacco","4","$9.68",,"0",,,,"Sams Tobacco",,,,,,,,,,
"35350885","Marlboromenthol 100's 50 Off 1 Pack","00028200178732","0","Tobacco","4","$9.68",,"0",,,,"Sams Tobacco",,,,,,,,,,
"35350666","Marlboro M.l 50 Off 1 Pack","00028200178756","0","Tobacco","4","$9.68",,"0",,,,"Sams Tobacco",,,,,,,,,,
"35350426","Marlboro M Light 50 Off Pack","00028200178763","0","Tobacco","4","$9.31",,"0",,,,"Sams Tobacco",,,,,,,,,,
"35351671","L&m 100","00028200179050","0","Tobacco","4","$8.28",,"0",,,,,,,,,,,,,,
"35350628","L&m 100 50coff","00028200179074","0","Tobacco","4","$5.84",,"0",,,,,,,,,,,,,,
"35350981","L&m100","00028200179098","0","Tobacco","4","$7.96",,"0",,,,,,,,,,,,,,
"35350891","Marlboro Smooth 100's (Hard Pack)","00028200195203","0","Tobacco","4","$76.70",,"0",,,,"Sams Tobacco",,,,,,,,,,
"35350557","L&m King Box 1.00 Ctn","00028200309815","0","Tobacco","4","$64.98",,"0",,,,,,,,,,,,,,
"35350987","L&m King Box 1.00 Pk","00028200309822","0","Tobacco","4","$7.96",,"0",,,,,,,,,,,,,,
"35351529","L&m 100 Box 1.00 Pk","00028200309921","0","Tobacco","4","$7.96",,"0",,,,,,,,,,,,,,
"35351164","L&m Blue King Box 1.00 Pk","00028200310026","0","Tobacco","4","$7.96",,"0",,,,,,,,,,,,,,
"35351692","L&m Blue 100 Box 1.00 Pk","00028200310224","0","Tobacco","4","$7.96",,"0",,,,,,,,,,,,,,
"35350941","L&m Menthol King Box 1.00 Pk","00028200310323","0","Tobacco","4","$11.25",,"'-4",,,,,,,,,,,,,,
"35352429","L&m Menthol 100 Box 1.00 Pk","00028200310422","0","Tobacco","4","$11.25",,"0",,,,,,,,,,,,,,
"35351221","L&m Menthol Bold 1.00 Ct","00028200315526","0","Tobacco","4","$7.96",,"0",,,,,,,,,,,,,,
"35350961","L&m Menthol Bold 100`s 1.00 Ct","00028200315625","0","Tobacco","4","$7.96",,"0",,,,,,,,,,,,,,
"35352540","Marlboro Nxt Regular","00028200317728","0","Tobacco","4","$10.77",,"0",,,,"Sams Tobacco",,,,,,,,,,
"35352109","Marlboro Black Edge","00028200319920","0","Tobacco","4","$7.67",,"0",,,,"Sams Tobacco",,,,,,,,,,
"42354341","Circus Time popcorn","00028293010711","0","Snacks","9","$1.50",,"0",,,,,,,,,,,,,,
"35350464","Brim's Fiery Hot Cheese Balls 7 Fl Oz","00028293022127","0","Snacks","9","$3.00",,"0",,,,,,,,,,,,,,
"41268738","Butter Popcorn","00028293110848","0","Snacks","9","$1.50",,"0",,,,,,,,,,,,,,
"35351299","Funyuns:1.25 Fl Oz","00028400000666","0","Snacks","9","$1.00",,"0",,,,,,,,,,,,,,
"35350970","Cheetos Puffs 1.75 Oz","00028400001342","0","Snacks","9","$1.00",,"0",,,,,,,,,,,,,,
"43875799","Chips Tortilla Rounds 3oz","00028400002172","0","Snacks","9","$2.99",,"0",,,,"Riega Snacks",,,,,,,,,,
"35352914","Cheetos:puffs 0.88 Oz","00028400002561","0","Snacks","9","$0.66",,"0",,,,,,,,,,,,,,
"35350769","Ruffles:cheddar & Sour Cream 1.50 Oz","00028400002912","0","Snacks","9","$1.00",,"0",,,,,,,,,,,,,,
"35350450","Lays Barbecue 1.5 Oz","00028400003001","0","Snacks","9","$1.00",,"0",,,,,,,,,,,,,,
"39356124","Doritos Cool Ranch 3.25 oz","00028400003209","0","Snacks","9","$2.99","$0.00","0",,,,,,,,,,,,,,
"47914448","Grandma's Vanilla Sandwich Cremes 1.7 Oz","00028400004473","0","Ultra-Processed Prep Desserts","23","$1.00",,"0",,,,,,,,,,,,,,
"47914452","Grandma`S Mini Chocolate Chip","00028400004541","0","Ultra-Processed Prep Desserts","23","$1.00",,"0",,,,,,,,,,,,,,
"35352942","Lay's:barbecue 1.00 Oz","00028400008617","0","Snacks","9","$0.66",,"0",,,,,,,,,,,,,,
"35352471","Smartfood:white Cheddar 0.63 Fl Oz","00028400014236","0","Snacks","9","$0.89",,"0",,,,,,,,,,,,,,
"39013268","Doritos nacho cheese","00028400014588","0","Snacks","9","$2.99",,"0",,,,,,,,,,,,,,
"45955340","Cheetohs","00028400014618","0","Snacks","9","$2.99",,"0",,,,,,,,,,,,,,
"35352921","Ruffles Queso Cheese Flavored 1 Oz","00028400021203","0","Snacks","9","$0.62",,"0",,,,,,,,,,,,,,
"35352986","Sun Chips:harvest Cheddar 1.00 Oz","00028400021531","0","Snacks","9","$0.66",,"0",,,,,,,,,,,,,,
"39013250","FRITOS HNY BBQ TWIST","00028400032278","0","Snacks","9","$2.99",,"0",,,,,,,,,,,,,,
"35352548","Fritos:original 1oz","00028400040037","0","Snacks","9","$0.66",,"0",,,,,,,,,,,,,,
"35352985","Fritos:chili Cheese 1.00 Oz","00028400040044","0","Grocery Non-taxable","3","$0.66",,"0",,,,,,,,,,,,,,
"35352840","Cheetos Crunchy:cheese Flavored Snacks 1","00028400040112","0","Snacks","9","$0.66",,"0",,,,,,,,,,,,,,
"35352838","Cheetos Flamin' Hot Crunchy 1oz","00028400040129","0","Snacks","9","$0.66",,"0",,,,,,,,,,,,,,
"35352365","Chester's Flamin' Hot Fries:corn & Potat","00028400043014","0","Snacks","9","$2.50",,"0",,,,,,,,,,,,,,
"35350540","Cheetos Crunchy 2oz","00028400047906","0","Snacks","9","$1.00",,"0",,,,,,,,,,,,,,
"35352307","Cheetos Flamin' Hot:crunchy 2.00 Oz","00028400047913","0","Snacks","9","$0.95",,"0",,,,,,,,,,,,,,
"35352904","Cheetos Flamin' Hot:limon - Crunchy 2.00","00028400047920","0","Snacks","9","$0.95",,"0",,,,,,,,,,,,,,
"35350451","Fritos Original 2oz","00028400047937","0","Snacks","9","$1.00",,"0",,,,,,,,,,,,,,
"35351155","Fritos Flavor Twists Honey Bbq 2 Oz","00028400047951","0","Snacks","9","$1.00",,"0",,,,,,,,,,,,,,
"39013231","Lay's Potato Chips","00028400063388","0","Snacks","9","$2.69",,"0",,,,,,,,,,,,,,
"35351525","Cheetos Cheddar Jalapenos 1 Oz","00028400065528","0","General Food","7","$0.66",,"0",,,,,,,,,,,,,,
"35352988","Chester's Flamin' Hot:fries 1oz","00028400069151","0","Snacks","9","$0.66","$0.00","0",,,,,,,,,,,,,,
"35351517","Doritos Spicy Sweet Chilli 1 Oz","00028400069298","0","General Food","7","$0.66",,"0",,,,,,,,,,,,,,
"35351495","Doritos Spicy Nacho 1 Oz","00028400069656","0","General Food","7","$0.66",,"0",,,,,,,,,,,,,,
"35351144","Dorito's Cool Ranch:flavor 1.75 Fl Oz","00028400070546","0","Snacks","9","$1.00",,"0",,,,,,,,,,,,,,
"35350538","Doritos Nacho Cheese 1 3/4oz","00028400070560","0","Snacks","9","$1.00",,"0",,,,,,,,,,,,,,
"45769000","Doritos spicy sweet chips","00028400077682","0","Snacks","9","$2.99",,"0",,,,,,,,,,,,,,
"47914535","Grandma’s Cookies Chocolate Brownie","00028400079143","0","Ultra-Processed Prep Desserts","23","$1.85",,"0",,,,"Walmart",,,,,,,,,,
"47914510","Grandma’s Cookies Peanut Butter 2.5oz","00028400079150","0","Ultra-Processed Prep Desserts","23","$1.85",,"0",,,,"Walmart",,,,,,,,,,
"47914522","Grandma’s Cookies Chocolate Chip 2.5oz","00028400079167","0","Ultra-Processed Prep Desserts","23","$1.85",,"0",,,,"Walmart",,,,,,,,,,
"47914542","Grandma’s Cookies Oatmeal Raisin","00028400079174","0","Ultra-Processed Prep Desserts","23","$1.85",,"0",,,,"Walmart",,,,,,,,,,
"35352779","Grandma's:mini Sandwich Cookies 3.71 Oz","00028400079570","0","Ultra-Processed Prep Desserts","23","$2.00",,"0",,,,"Walmart",,,,,,,,,,
"35352855","Funyuns Flamin' Hot:onion Flavored Rings","00028400089326","0","Snacks","9","$0.95",,"0",,,,,,,,,,,,,,
"35352293","Lay's:salt & Vinegar 1.00 Oz","00028400090094","0","Snacks","9","$0.66",,"0",,,,,,,,,,,,,,
"35351892","Ruffles:original 1.00 Oz","00028400090148","0","Snacks","9","$0.66",,"0",,,,,,,,,,,,,,
"35352940","Ruffles Cheddar & Sour Cream 1oz","00028400090179","0","Snacks","9","$0.66",,"0",,,,,,,,,,,,,,
"35352926","Funyuns:onion Flavored Rings 0.75 Oz","00028400090841","0","Snacks","9","$0.66",,"0",,,,,,,,,,,,,,
"35352620","Lays Classic Potato Chips 1oz","00028400090858","0","Snacks","9","$0.66",,"0",,,,,,,,,,,,,,
"35351866","Lay's:sour Cream & Onion 1oz","00028400090889","0","Snacks","9","$0.66",,"0",,,,,,,,,,,,,,
"35352839","Doritos:nacho Cheese 1oz","00028400090896","0","Snacks","9","$0.66",,"0",,,,,,,,,,,,,,
"35352707","Doritos Cool Ranch:tortilla Chips 1.00 O","00028400091510","0","Snacks","9","$0.66",,"0",,,,,,,,,,,,,,
"35350447","Lays Classic 1.5oz","00028400091565","0","Snacks","9","$1.00",,"0",,,,,,,,,,,,,,
"35351550","Doritos Dinamita Chime Limon1.5 Fl Oz","00028400162128","0","Snacks","9","$0.66",,"0",,,,,,,,,,,,,,
"35351457","Cracker Jack Caramel Coated Popcorn & Pe","00028400172516","0","General Food","7","$2.69",,"0",,,,,,,,,,,,,,
"35352243","Cheetos Puffs 15.5 Fl Oz","00028400174459","0","Snacks","9","$7.00",,"0",,,,,,,,,,,,,,
"35351527","Lays Cheddar N Sour Cream","00028400189071","0","Snacks","9","$0.66",,"0",,,,,,,,,,,,,,
"35351616","Ruffles Sour Cream & Onion 1 Oz","00028400189224","0","Snacks","9","$0.66",,"0",,,,,,,,,,,,,,
"35352589","Doritos Flamin Hot Nacho 1.5 Fl Oz","00028400217019","0","Snacks","9","$0.95",,"0",,,,,,,,,,,,,,
"35351730","Doritos:flamin Hot 1 Oz","00028400218641","0","Snacks","9","$0.65",,"0",,,,,,,,,,,,,,
"39013271","Fritos Corn Chips Origina","00028400355278","0","Snacks","9","$1.25",,"0",,,,,,,,,,,,,,
"39013265","Lays Potato Chip Bbq 24/2","00028400355599","0","Snacks","9","$2.69",,"0",,,,,,,,,,,,,,
"40628732","Lays Classic 2 1/4 oz","00028400355605","0","Snacks","9","$2.99",,"0",,,,,,,,,,,,,,
"40653774","Lays Limon 24/2.25oz","00028400355629","0","Snacks","9","$2.99",,"0",,,,,,,,,,,,,,
"36469083","Cheetos Jumbo Cheese Puff","00028400355827","0","Snacks","9","$2.99",,"0",,,,,,,,,,,,,,
"39356114","Ruffles Chedd Sour Crm Xv","00028400355841","0","Snacks","9","$2.99","$0.00","0",,,,,,,,,,,,,,
"37931026","Cheetos Crunchy Cheese 32","00028400356145","0","Snacks","9","$2.69",,"0",,,,,,,,,,,,,,
"39013273","Cheetos Crunchy Hot 32/2.","00028400356169","0","Snacks","9","$2.99",,"0",,,,,,,,,,,,,,
"40194752","Cheetos Flaming Hot Lime","00028400356732","0","Snacks","9","$2.69",,"0",,,,,,,,,,,,,,
"39013261","Doritos Tortilla Cool Ran","00028400356787","0","Snacks","9","$2.99",,"0",,,,,,,,,,,,,,
"40280351","Doritos Flamin Hot Nacho","00028400357005","0","Snacks","9","$2.99",,"0",,,,,,,,,,,,,,
"37918598","Doritos Tortilla Nacho Ch","00028400357012","0","Non-Tax","1","$2.50",,"0",,,,,,,,,,,,,,
"36469085","Chester's Hot Fries 28/2.","00028400357371","0","Snacks","9","$2.99",,"0",,,,,,,,,,,,,,
"40167340","Funyuns Onion Rings 1 7/8 oz","00028400357395","0","Snacks","9","$2.99","$1.88","0",,,,"Riega Snacks",,,,,,,,,,
"35350783","Nut Harvest In Shell Pistachios 1 3/4 Oz","00028400459587","0","Snacks","9","$2.39",,"0",,,,,,,,,,,,,,
"40167393","Doritos Dinamita Chile Limon 3 1/2oz","00028400491419","0","Snacks","9","$2.99","$1.94","0",,,,"Riega Snacks",,,,,,,,,,
"39013264","Lays Potato Chips Srcrm&o","00028400707619","0","Snacks","9","$2.99",,"0",,,,,,,,,,,,,,
"39356101","Doritos Spicy Sweet Chili","00028400707633","0","Snacks","9","$2.59","$0.00","0",,,,,,,,,,,,,,
"35350802","Nut","00028400708609","0","Grocery Non-taxable","3","$3.00",,"0",,,,,,,,,,,,,,
"35351217","Lays:classic 15 5/8 Oz","00028400720151","0","Snacks","9","$6.79",,"0",,,,,,,,,,,,,,
"35352595","Lays Barbecue Flavored 15.5 Fl Oz","00028400720168","0","Snacks","9","$6.79",,"0",,,,,,,,,,,,,,
"39240999","Wavy","00028400720175","0","Snacks","9","$6.79",,"0",,,,,,,,,,,,,,
"37837627","Lays","00028400720182","0","Snacks","9","$6.80",,"0",,,,,,,,,,,,,,
"35350477","Ruffles Cheddar N Sour Cream 1lb","00028400720229","0","Snacks","9","$7.00",,"0",,,,,,,,,,,,,,
"35351696","Ruffles Original 15.5 Fl Oz","00028400720236","0","Snacks","9","$7.00",,"0",,,,,,,,,,,,,,
"35351700","Doritos: Nacho Cheese 18 3/8 Oz 1lb","00028400720298","0","Snacks","9","$6.79",,"0",,,,,,,,,,,,,,
"35352216","Doritos Cool Ranch 18.5 Oz 1lb","00028400720304","0","Snacks","9","$6.79",,"0",,,,,,,,,,,,,,
"35351521","Doritos: Spicy Nacho 1lb.2 3/8 Oz","00028400720328","0","Snacks","9","$6.79",,"0",,,,,,,,,,,,,,
"35351930","Funyuns: Onion Flavoured Rings 8 3/4 Oz","00028400720403","0","Snacks","9","$6.79",,"0",,,,,,,,,,,,,,
"35352116","Cheetos Crunchy 17.5 Fl Oz","00028400720984","0","Snacks","9","$6.79",,"0",,,,,,,,,,,,,,
"35352493","Cheetos Flamin Hot Crunchy 17.5 Fl Oz","00028400721028","0","Snacks","9","$7.00",,"0",,,,,,,,,,,,,,
"35350476","Cheetos Flaming Hot Limon Crunchy 17.5 F","00028400721035","0","Snacks","9","$7.00",,"0",,,,,,,,,,,,,,
"35351534","Spitz","00028400737074","0","Snacks","9","$1.59",,"0",,,,,,,,,,,,,,
"35351041","Seed","00028400737104","0","Grocery Non-taxable","3","$1.59",,"0",,,,,,,,,,,,,,
"35351955","Salted Whole Peanuts. Fl 3 3/4 Oz.","00028400741309","0","Snacks","9","$2.09",,"0",,,,,,,,,,,,,,
"35352385","Chesters Hot Fries 13.5 Oz","00028400747721","0","Snacks","9","$6.79",,"0",,,,,,,,,,,,,,
"35350635","Herb's Pickled Hot Sausage 0.70 Oz","00028534120018","0","Snacks","9","$0.60",,"0",,,,,,,,,,,,,,
"35351538","Herb's:pickled Hot Sausage 0.70oz","00028534120025","0","Snacks","9","$0.54",,"0",,,,"A & J",,,,,,,,,,
"35351257","Herb's Huge Pickled Hot Sausage 1.5 Oz","00028534120032","0","Snacks","9","$1.25",,"0",,,,"A & J",,,,,,,,,,
"42577143","Herb S Tall Red Hot Sausage","00028534120056","0","Snacks","9","$1.05",,"0",,,,"A & J",,,,,,,,,,
"35351642","Planters:salted Peanuts 1.75oz","00029000017931","0","Snacks","9","$0.75",,"0",,,,,,,,,,,,,,
"35352900","Planters:honey Roasted Peanuts 1.75 Oz","00029000017948","0","Snacks","9","$0.75",,"0",,,,,,,,,,,,,,
"35351391","Planters:salted Cashews 1.5oz","00029000017955","0","Snacks","9","$0.75",,"0",,,,,,,,,,,,,,
"35351253","Sour Power Straws Pink Lemonade 2 Oz Eac","00029126150352","0","Grocery Non-taxable","3","$1.65",,"0",,,,,,,,,,,,,,
"35351394","Sour Power Straws Wild Cherry 1.75 Oz","00029126150406","0","Grocery Non-taxable","3","$1.65",,"0",,,,,,,,,,,,,,
"36466219","Potato","00029700061470","0","Snacks","9","$2.80",,"0",,,,,,,,,,,,,,
"35350836","Flight 1","00029924770813","0","Alcohol","5","$17.75",,"0",,,,,,,,,,,,,,
"35351853","Twinings Lemon & Ginger","00030000000014","0","General Food","7","$4.75",,"0",,,,,,,,,,,,,,
"36463687","Quaker Quaker Oatmeal Squares Crunchy Oa","00030000064412","0","Grocery Non-taxable","3","$7.00","$0.00","0",,,,,,,,,,,,,,
"36463684","Quaker Oatmeal Squares Cereal","00030000313282","0","Grocery Non-taxable","3","$7.00","$0.00","0",,,,,,,,,,,,,,
"35778335","Quaker Granola (18 OZ)","00030000571620","0","Grocery Non-taxable","3","$7.00","$0.00","0",,,,,,,,,,,,,,
"35778350","Quaker Granola Oats, Honey & Almonds","00030000572429","0","Grocery Non-taxable","3","$7.00","$0.00","0",,,,,,,,,,,,,,
"35778355","Quaker simply granola 21 OZ","00030000572450","0","Grocery Non-taxable","3","$16.50","$0.00","0",,,,,,,,,,,,,,
"35778341","Quaker Granola Maple & Brown Sugar","00030000576106","0","Grocery Non-taxable","3","$7.00","$0.00","0",,,,,,,,,,,,,,
"35351430","Keebler Chocolate Wafers 1","00030100113218","0","Snacks","9","$0.99",,"0",,,,,,,,,,,,,,
"35352941","Big John's Pickled Sausage (2.3 Oz)","00030561087011","0","Snacks","9","$2.34",,"0",,,,,,,,,,,,,,
"43299082","Big John's Red Hots Sausa","00030561089015","0","Non-Tax","1","$2.50",,"0",,,,"A & J",,,,,,,,,,
"35352532","Big John'sbpickled Eggs Pack Of 2 2.75 O","00030561404016","0","Snacks","9","$2.50",,"0",,,,"A & J",,,,,,,,,,
"35351095","Dawn Ultra Dishwashing Liquid 7.5 Oz","00030772081242","0","Household","6","$2.75",,"0",,,,,,,,,,,,,,
"35352427","Dawn Dishwashing Liquid","00030772109267","0","Household","6","$1.99",,"0",,,,,,,,,,,,,,
"35350896","Mr Gain Multisurface Liquid","00030772112922","0","Household","6","$4.75",,"0",,,,,,,,,,,,,,
"35351135","Tide 1qt","00030772120934","0","Household","6","$5.61",,"0",,,,,,,,,,,,,,
"35350611","Crest 1","00030772125489","0","Grocery Non-taxable","3","$3.75",,"0",,,,,,,,,,,,,,
"35350633","Crest 2","00030772125526","0","Grocery Non-taxable","3","$3.75",,"0",,,,,,,,,,,,,,
"38985961","Tide 6oz","00030772175408","0","Grocery Non-taxable","3","$2.99",,"0",,,,,,,,,,,,,,
"35352529","Shin Noodles (4.02 Oz)","00031146055012","0","General Food","7","$2.25",,"0",,,,,,,,,,,,,,
"35352142","Nongshim Curry Noodles (3.56 Oz)","00031146066353","0","General Food","7","$3.25",,"0",,,,,,,,,,,,,,
"49325233","Nong Shim Noodle Soup","00031146150601","0","Snacks","9","$1.75",,"0",,,,,,,,,,,,,,
"35352522","Nongshim Bowl Noodles Hot & Spicy 3.03 O","00031146250103","0","General Food","7","$2.25",,"0",,,,,,,,,,,,,,
"35352123","Nongshim Bowl Noodles Spicy Kimchi (3.03","00031146250301","0","General Food","7","$2.40",,"0",,,,,,,,,,,,,,
"36466234","Os Whole Cranberry Sauce","00031200016034","0","Grocery Non-taxable","3","$3.50",,"0",,,,,,,,,,,,,,
"35351318","Yellow Tail:chardonnay 750.00 Ml","00031259008929","0","Alcohol","5","$7.77",,"0",,,,,,,,,,,,,,
"35351021","Yellow Tail:chardonnay 1.50 Lt","00031259008936","0","Alcohol","5","$13.60",,"0",,,,,,,,,,,,,,
"35350972","Yellow Tail:shiraz 750.00 Ml","00031259008943","0","Alcohol","5","$7.47",,"0",,,,,,,,,,,,,,
"35351453","Yellow Tail Merlot 750.00 Ml","00031259009223","0","Alcohol","5","$8.99",,"0",,,,,,,,,,,,,,
"35350727","Yellow Tail Cabernet Sauvignon 750.00 Ml","00031259009452","0","Alcohol","5","$7.47",,"0",,,,,,,,,,,,,,
"35350670","Yellow Tail:shiraz - Cabernet 750.00 Ml","00031259009544","0","Alcohol","5","$8.40",,"0",,,,,,,,,,,,,,
"35350425","Yellow Tail:pinot Grigio 750.00 Ml","00031259009711","0","Alcohol","5","$8.08",,"0",,,,,,,,,,,,,,
"35351947","Yellow Tail:cabernet - Merlot 750.00 Ml","00031259014043","0","Alcohol","5","$8.99",,"0",,,,,,,,,,,,,,
"35351455","Yellow Tail:pinot Noir 750.00 Ml","00031259018492","0","Alcohol","5","$8.99",,"0",,,,,,,,,,,,,,
"35350903","Yellow Tail:sauvignon Blanc 750.00 Ml","00031259032351","0","Alcohol","5","$8.73",,"0",,,,,,,,,,,,,,
"35351451","Yellow Tail:moscato 750.00 Ml","00031259032856","0","Drinks","8","$12.00",,"0",,,,,,,,,,,,,,
"35352575","Knott's Berry Farm Cookies Premium, Stra","00031535595617","0","Snacks","9","$1.25",,"0",,,,,,,,,,,,,,
"36638428","Game Leaf Ff Natural 2/$","00031700055144","0","Tobacco","4","$1.29",,"0",,,,,,,,,,,,,,
"35351503","Game Leaf","00031700055168","0","Tobacco","4","$1.29",,"0",,,,,,,,,,,,,,
"35350436","Game Mini","00031700057087","0","Tobacco","4","$0.50",,"0",,,,,,,,,,,,,,
"35351568","Duos","00031700057353","0","Tobacco","4","$0.99",,"0",,,,,,,,,,,,,,
"35350643","White Owl Grape","00031700057834","0","Tobacco","4","$1.24",,"0",,,,,,,,,,,,,,
"35351897","Game Pineapple Wrap 1 Pack","00031700058121","0","Tobacco","4","$1.25",,"0",,,,,,,,,,,,,,
"35351504","Game Leaf Pineapple","00031700058428","0","Tobacco","4","$1.29",,"0",,,,,,,,,,,,,,
"35351204","Pump It Up Styling Spirit","00032023016331","0","Gen Merch","10","$3.99",,"0",,,,,,,,,,,,,,
"35350591","Sour Pickle 1","00032207000088","0","Snacks","9","$1.59",,"0",,,,,,,,,,,,,,
"35351800","Arm & Hammer Baking Soda 8 Oz","00033200011309","0","General Food","7","$1.75",,"0",,,,,,,,,,,,,,
"35350577","Motor Oil","00033322820018","0","Household","6","$3.99",,"0",,,,,,,,,,,,,,
"35350427","Motor Oil Sae 5w-20 946 Ml.","00033322850015","0","Household","6","$3.84",,"0",,,,,,,,,,,,,,
"35352490","Corona Familiar 24 Fl Oz","00033544000250","0","Alcohol","5","$4.65",,"0",,,,"Gold Coast",,,,,,,,,,
"49358769","Corona Extra Can 12oz 6pk","00033544000830","0","Alcohol","5","$12.69",,"'-1",,,,"Gold Coast",,,,,,,,,,
"42838934","Modelo Chelada Sandia Picante 1/12 24 Fl","00033544001875","0","Alcohol","5","$4.13",,"0",,,,"Gold Coast",,,,,,,,,,
"35352696","Modelo 16oz 4pk Can","00033544002100","0","Alcohol","5","$10.25",,"0",,,,"Gold Coast",,,,,,,,,,
"35352204","Corona Extra 16oz 4pk Can","00033544002117","0","Alcohol","5","$10.58",,"0",,,,"Gold Coast",,,,,,,,,,
"35351997","Corona Sunbrew Citrus 12oz Btl Sngl","00033544002377","0","Alcohol","5","$2.42",,"0",,,,"Gold Coast",,,,,,,,,,
"35352145","Corona Sunbrew Citrus 12oz 6pk Btl","00033544002384","0","Alcohol","5","$12.14",,"0",,,,"Gold Coast",,,,,,,,,,
"35352701","Corona Sunbrew Citrus Can (24 Fl Oz)","00033544002445","0","Alcohol","5","$4.67",,"0",,,,"Gold Coast",,,,,,,,,,
"36506366","Corona Extra 1/24 12 Oz Can","00033544950159","0","Alcohol","5","$40.50",,"0",,,,"Gold Coast",,,,,,,,,,
"36470938","Modelo Especial 1/18 12 Oz Bottle","00033544950272","0","Alcohol","5","$24.95",,"0",,,,"Gold Coast",,,,,,,,,,
"36091354","Corona Familiar 12oz 6pk Btl","00033544950517","0","Alcohol","5","$12.75",,"0",,,,"Gold Coast",,,,,,,,,,
"35351397","Corona Familiar 12oz 12pk Btl","00033544950531","0","Alcohol","5","$20.60",,"0",,,,"Gold Coast",,,,,,,,,,
"35352029","Corona Familiar 12oz Btl Sngl","00033544950555","0","Alcohol","5","$2.45",,"0",,,,"Gold Coast",,,,,,,,,,
"35352720","Modelo Chelada Limon Ysal Can (24 Fl Oz)","00033544950609","0","Alcohol","5","$4.67",,"0",,,,"Gold Coast",,,,,,,,,,
"37146061","Nature way","00033674102206","0","Grocery Non-taxable","3","$4.99",,"0",,,,,,,,,,,,,,
"35352282","Ice Breakers Mints (1.5 Oz)","00034000000074","0","Snacks","9","$3.25",,"0",,,,,,,,,,,,,,
"36439964","Ice Breaker Wintergreen","00034000000098","0","Candy","22","$3.25",,"0",,,,"Sams Club",,,,,,,,,,
"35351464","Ice Breakers Sours (1.5 Oz)","00034000000982","0","Candy","22","$3.25",,"0",,,,"Sams Club",,,,,,,,,,
"35352155","Ice Breakers Duo Watermelon (1.5 Oz)","00034000002115","0","Snacks","9","$3.25","$0.00","0",,,,,,,,,,,,,,
"35352993","Hershey’s Cookies N Cream (1.55 Oz)","00034000002399","0","Snacks","9","$1.80",,"0",,,,,,,,,,,,,,
"35352968","Hersheys Milk Chocolatte 1.55oz","00034000002405","0","Snacks","9","$1.80",,"0",,,,,,,,,,,,,,
"35353072","Hershey's Milk Chocolate With Whole Almo","00034000002412","0","Snacks","9","$1.90",,"0",,,,,,,,,,,,,,
"35353029","Kitkat (1.5 Oz)","00034000002467","0","Snacks","9","$1.90",,"0",,,,,,,,,,,,,,
"35372785","Almond Joy","00034000003204","0","Candy","22","$1.40",,"0",,,,"Sams Club",,,,,,,,,,
"35352625","Reeses: 2 Peanut Butter Cups (1.5 Oz)","00034000004409","0","Snacks","9","$1.85",,"0",,,,,,,,,,,,,,
"40492710","Reeses Pb Cup King Sz","00034000004805","0","Snacks","9","$2.25",,"0",,,,,,,,,,,,,,
"35351420","Ice Breakers Duo Strawberry 1.3 Oz","00034000006656","0","Grocery Non-taxable","3","$3.25",,"0",,,,,,,,,,,,,,
"35351964","Ice Breakers Duo (1.3 Oz)","00034000007509","0","Candy","22","$3.25",,"0",,,,"Sams Club",,,,,,,,,,
"36971765","Breathsaver Wintergreen","00034000007677","0","Candy","22","$2.00",,"0",,,,"Sams Club",,,,,,,,,,
"35351456","Ice Breakers - Peppermint 40pc","00034000008438","0","Candy","22","$4.00",,"'-4",,,,"Sams Club",,,,,,,,,,
"35351926","Icebreaker:ice Cubes Spearmint 40 Pieces","00034000008476","0","Candy","22","$6.00",,"'-4",,,,"Sams Club",,,,,,,,,,
"48094148","Hershey���s Milk Choc","00034000249862","0","Candy","22","$1.80",,"0",,,,,,,,,,,,,,
"35352494","Kitkat King Size (3 Oz)","00034000318902","0","Household","6","$2.25",,"0",,,,,,,,,,,,,,
"40492518","Reeses Pb Cup W/reeses Pc","00034000485024","0","Snacks","9","$2.95",,"0",,,,,,,,,,,,,,
"35350663","Reeses","00034000702329","0","Grocery Non-taxable","3","$1.95",,"0",,,,,,,,,,,,,,
"49450307","ICE CUBES","00034000711666","0","Candy","22","$3.25",,"0",,,,,,,,,,,,,,
"36516282","Miller High Life Lager Beer 6/16 fl. oz","00034100000073","0","Alcohol","5","$1.70",,"0",,,,"Gold Coast",,,,,,,,,,
"35352912","Miller High Life 7oz Btl Sngl","00034100000103","0","Alcohol","5","$0.99",,"0",,,,"Gold Coast",,,,,,,,,,
"35353018","Miller High Life 12oz Btl Sngl","00034100000219","0","Alcohol","5","$1.59",,"0",,,,"Gold Coast",,,,,,,,,,
"35419343","Miller High Life 32oz Btl Sngl","00034100000318","0","Alcohol","5","$3.50",,"0",,,,"Gold Coast",,,,,,,,,,
"35352020","Miller High Life 16oz Can","00034100001520","0","Alcohol","5","$2.29",,"0",,,,"Gold Coast",,,,,,,,,,
"39813116","Miller Lite 6/4 16 Oz Can","00034100001582","0","Alcohol","5","$2.03",,"0",,,,"Gold Coast",,,,,,,,,,
"35351956","Icehouse 16oz Can","00034100001605","0","Alcohol","5","$1.76",,"0",,,,"Gold Coast",,,,,,,,,,
"35352994","Miller Lite 12oz","00034100003555","0","Alcohol","5","$2.80",,"0",,,,"Gold Coast",,,,,,,,,,
"35351481","Miller Lite 12oz Btl Sngl","00034100003623","0","Alcohol","5","$2.29",,"0",,,,"Gold Coast",,,,,,,,,,
"35351543","Olde English ""800"" 16fl","00034100006242","0","Alcohol","5","$1.58",,"0",,,,"Gold Coast",,,,,,,,,,
"35350570","Steel Reserve Spiked Strawberry Burst","00034100008703","0","Alcohol","5","$1.73",,"0",,,,"Gold Coast",,,,,,,,,,
"35928799","Miller High Life 16oz 8pk Can","00034100013387","0","Alcohol","5","$12.87",,"0",,,,"Gold Coast",,,,,,,,,,
"35352135","Miller Highlife 12fl 6pack (12 Fl Oz X 6","00034100015053","0","Alcohol","5","$8.84",,"0",,,,"Gold Coast",,,,,,,,,,
"35352047","Miller High Life 12fl 12pack Bottles (12","00034100015091","0","Alcohol","5","$14.25","$0.00","0",,,,"Gold Coast",,,,,,,,,,
"35351915","Miller High Life 7oz 6pk Btl","00034100016418","0","Alcohol","5","$4.50",,"0",,,,"Gold Coast",,,,,,,,,,
"35351296","Miller Lite 12fl 6pack Bottles (12 Fl Oz","00034100575052","0","Alcohol","5","$11.07",,"0",,,,"Gold Coast",,,,,,,,,,
"35350445","Miller Lite 12oz 12pk Btl","00034100575090","0","Alcohol","5","$18.22",,"0",,,,"Gold Coast",,,,,,,,,,
"35351559","Miller Lite 12 Pack 12 Oz Cans (12 Fl Oz","00034100576363","0","Alcohol","5","$15.50",,"0",,,,"Gold Coast",,,,,,,,,,
"35350990","Snack","00034856027300","0","Snacks","9","$2.99",,"0",,,,,,,,,,,,,,
"43870364","Welch's Juicefuls Fusion 4oz","00034856040545","0","Candy","22","$3.25",,"0",,,,"Plenty Prices Florida",,,,,,,,,,
"43870404","Welchs Juicefuls Fs Citrus 4oz","00034856040835","0","Candy","22","$3.25",,"0",,,,"Plenty Prices Florida",,,,,,,,,,
"35351182","Palmolive","00035000002068","0","Gen Merch","10","$2.75",,"0",,,,,,,,,,,,,,
"35351096","Colgate Optic White Clean Mint Paste 4.2","00035000458360","0","Household","6","$3.99",,"0",,,,,,,,,,,,,,
"35965752","COLGATE TBRSH PLUS ADULT","00035000470133","0","Household","6","$2.50",,"0",,,,,,,,,,,,,,
"35351928","Colgate Whitening W/stain Lifters Fluori","00035000764102","0","Grocery Non-taxable","3","$5.00",,"0",,,,,,,,,,,,,,
"38985953","Colgate Toothpaste & Mouthwash Icy Blast","00035000764164","0","Grocery Non-taxable","3","$2.99",,"0",,,,,,,,,,,,,,
"35965757","COLGATE MAX FRESH","00035000767165","0","Household","6","$2.50",,"0",,,,,,,,,,,,,,
"35965755","Colgate Knockout","00035000767257","0","Household","6","$2.50",,"0",,,,,,,,,,,,,,
"35965756","Colgate Max Fresh","00035000983282","0","Household","6","$2.50",,"0",,,,,,,,,,,,,,
"35965753","Colgate Toothbrush","00035000991577","0","Household","6","$2.50",,"0",,,,,,,,,,,,,,
"35351931","Colgate Optic White Stain Fighter 4.2 Oz","00035000996411","0","General Food","7","$3.85",,"0",,,,,,,,,,,,,,
"35352077","Bon Appetit Apple Danish 5 Oz","00035751111064","0","Ultra-Processed Prep Desserts","23","$2.99",,"0",,,,"Pastry Plus / Bon Apetit",,,,,,,,,,
"35351614","Bon Appetit Bear Claw 5 Oz","00035751111071","0","Ultra-Processed Prep Desserts","23","$2.99",,"0",,,,"Pastry Plus / Bon Apetit",,,,,,,,,,
"35352301","Bon Appetit Cheese & Berries Danish 5 Oz","00035751111095","0","Ultra-Processed Prep Desserts","23","$2.99",,"0",,,,"Pastry Plus / Bon Apetit",,,,,,,,,,
"47656521","Bon Appetit Vienna Crm D","00035751111125","0","General Food","7","$2.99",,"0",,,,,,,,,,,,,,
"35352248","Bon Appetit - Cheese Croissant 5 Oz","00035751111132","0","Ultra-Processed Prep Desserts","23","$2.99",,"0",,,,"Pastry Plus / Bon Apetit",,,,,,,,,,
"35352125","Blueberry Creamdanish 5 Oz","00035751111149","0","Snacks","9","$2.99",,"0",,,,,,,,,,,,,,
"35351954","Bon Appetit Cinnamon Cake","00035751112016","0","Ultra-Processed Prep Desserts","23","$3.25",,"0",,,,"Pastry Plus / Bon Apetit",,,,,,,,,,
"35352847","Bonappetit-guava Cheese 4.6 Oz","00035751112047","0","Ultra-Processed Prep Desserts","23","$2.99",,"0",,,,,,,,,,,,,,
"35351701","Lemon","00035751112061","0","Grocery Non-taxable","3","$2.99",,"0",,,,,,,,,,,,,,
"35352616","Berry 2","00035751112085","0","Snacks","9","$2.99",,"0",,,,,,,,,,,,,,
"35352655","Berry 3","00035751113105","0","Grocery Non-taxable","3","$2.99",,"0",,,,,,,,,,,,,,
"35351406","Chocolate","00035751113136","0","Grocery Non-taxable","3","$2.99",,"0",,,,,,,,,,,,,,
"35352899","Banana 2","00035751113143","0","Grocery Non-taxable","3","$2.99",,"0",,,,,,,,,,,,,,
"35351944","Bon Appetit:strawberry Cheese Muffin 5 O","00035751113167","0","Ultra-Processed Prep Desserts","23","$2.99",,"0",,,,"Pastry Plus / Bon Apetit",,,,,,,,,,
"35352658","Bon Appetit Banana Bread 4 Oz","00035751114256","0","Ultra-Processed Prep Desserts","23","$2.99",,"0",,,,"Pastry Plus / Bon Apetit",,,,,,,,,,
"35352659","Bon Appetit 4 Oz 1","00035751114263","0","Ultra-Processed Prep Desserts","23","$2.99",,"0",,,,"Pastry Plus / Bon Apetit",,,,,,,,,,
"35352357","Bon Appetit 4 Oz 2","00035751114270","0","Ultra-Processed Prep Desserts","23","$2.99",,"0",,,,"Pastry Plus / Bon Apetit",,,,,,,,,,
"35352042","Bon Appetit Lemon Cake 4 Oz","00035751114287","0","Ultra-Processed Prep Desserts","23","$2.99",,"0",,,,"Pastry Plus / Bon Apetit",,,,,,,,,,
"35352199","Bon Appetit Marble Cake 4 Oz","00035751114294","0","Ultra-Processed Prep Desserts","23","$2.99",,"0",,,,"Pastry Plus / Bon Apetit",,,,,,,,,,
"35350984","Bon Appetit:cheese Coffee Cake 4.00 Oz","00035751114300","0","Ultra-Processed Prep Desserts","23","$2.50",,"0",,,,"Pastry Plus / Bon Apetit",,,,,,,,,,
"36370768","Bon Appetit Sliced Cake Strwbry Ch","00035751114539","0","Ultra-Processed Prep Desserts","23","$2.99",,"0",,,,"Pastry Plus / Bon Apetit",,,,,,,,,,
"36365021","Bon Appt Brownie Cheese","00035751115208","0","Ultra-Processed Prep Desserts","23","$2.75",,"0",,,,"Pastry Plus / Bon Apetit",,,,,,,,,,
"35351569","Bon Apetito:concha French Sweetie Roll","00035751117004","0","Ultra-Processed Prep Desserts","23","$2.99",,"0",,,,"Pastry Plus / Bon Apetit",,,,,,,,,,
"35351125","Bon Appetit:semita Sweet Roll","00035751117097","0","Ultra-Processed Prep Desserts","23","$2.99",,"0",,,,"Pastry Plus / Bon Apetit",,,,,,,,,,
"35351499","Bon Appetit:pan De Queso Cheese Cake","00035751117202","0","Ultra-Processed Prep Desserts","23","$2.99",,"0",,,,"Pastry Plus / Bon Apetit",,,,,,,,,,
"35352908","Mantecada Grande Cake","00035751117295","0","Snacks","9","$2.99",,"0",,,,,,,,,,,,,,
"35351176","Tissues 72","00036000547405","0","Household","6","$1.64",,"0",,,,,,,,,,,,,,
"35351705","Dannon Plain Yogurt (32 Oz)","00036632002822","0","Dairy","12","$5.38",,"0",,,,,,,,,,,,,,
"35352280","Kid's Crest Fluoride Anticavity Toothpas","00037000003823","0","Household","6","$3.75",,"0",,,,,,,,,,,,,,
"35350693","Gain Detergent Original 10 Oz","00037000004707","0","Household","6","$9.99",,"0",,,,,,,,,,,,,,
"35351884","Tide Simply Clean & Fresh All In One","00037000007630","0","Household","6","$3.00",,"0",,,,,,,,,,,,,,
"35350617","Secret Powder Fresh 1.7 Oz","00037000124429","0","Household","6","$2.60",,"0",,,,,,,,,,,,,,
"36558060","Always Thn Pantiliner Uns","00037000426882","0","Gen Merch","10","$2.00",,"0",,,,,,,,,,,,,,
"35351553","Febreze Luxe Ocean","00037000479710","0","Gen Merch","10","$3.75",,"0",,,,,,,,,,,,,,
"35350627","Dawn 4","00037000537823","0","Household","6","$2.75",,"0",,,,,,,,,,,,,,
"35352103","Tide","00037000661382","0","Household","6","$2.80",,"0",,,,,,,,,,,,,,
"35351014","Downy 1","00037000759423","0","Household","6","$4.00",,"0",,,,,,,,,,,,,,
"35350976","Downy 2","00037000896517","0","Household","6","$2.00",,"0",,,,,,,,,,,,,,
"35351220","Kid's Crest Fluoride Anticavity Toothpas","00037000953302","0","Household","6","$1.75",,"0",,,,,,,,,,,,,,
"35351836","Bounce Outdoor Fresh 15 Ct","00037000958604","0","Household","6","$1.59",,"0",,,,,,,,,,,,,,
"35351356","Gain","00037000960249","0","Household","6","$2.55",,"0",,,,,,,,,,,,,,
"35351398","Febreze Air Original 8.8 Oz","00037000962526","0","Household","6","$3.75",,"0",,,,,,,,,,,,,,
"35351898","Febreze Air Mist Heavy Duty","00037000962571","0","Household","6","$3.75",,"0",,,,,,,,,,,,,,
"35350473","Febreze Hawaiian Aloha","00037000962601","0","Drinks","8","$3.75",,"0",,,,,,,,,,,,,,
"35350756","Crest 5","00037000976608","0","Household","6","$3.64",,"0",,,,,,,,,,,,,,
"35351557","Gain 10 Oz","00037000980926","0","Household","6","$3.00",,"0",,,,,,,,,,,,,,
"36466247","Sweet Libby's Whole Sweet Corn 15 Oz","00037100036622","0","General Food","7","$1.40",,"0",,,,,,,,,,,,,,
"44095391","Ronson Butane Multi-fill","00037900991428","0","Non-Tax","1","$8.99",,"0",,,,,,,,,,,,,,
"35351522","Pringles:original 5.2 Oz","00038000138416","0","Snacks","9","$3.00",,"0",,,,,,,,,,,,,,
"35351119","Pringles:cheddar Cheese 5.5 Oz","00038000138577","0","Snacks","9","$3.00",,"0",,,,,,,,,,,,,,
"35351660","Pringles:ranch 5.5 Oz","00038000138720","0","Snacks","9","$3.00",,"0",,,,,,,,,,,,,,
"35351612","Pringles:bbq 5.5 Oz","00038000183713","0","Snacks","9","$3.00",,"0",,,,,,,,,,,,,,
"40902469","Pringles Small G&g Bbq 12","00038000183737","0","Snacks","9","$1.30",,"0",,,,,,,,,,,,,,
"35352311","Kellogg's Corn Pops:cereal 0.95 Oz","00038000219474","0","Snacks","9","$0.75",,"0",,,,,,,,,,,,,,
"35351939","Cocoa Krispies","00038000219528","0","Snacks","9","$0.75",,"0",,,,,,,,,,,,,,
"35350924","Kellogg's Frosted Flakes:of Corn 1.20 Oz","00038000219634","0","Grocery Non-taxable","3","$0.75",,"0",,,,,,,,,,,,,,
"35351012","Kellogg's Froot Loops:sweetened Multi-gr","00038000219740","0","Grocery Non-taxable","3","$0.75",,"0",,,,,,,,,,,,,,
"35350932","Kellogg's Apple Jacks:with Apple And Cin","00038000219856","0","General Food","7","$0.75",,"0",,,,,,,,,,,,,,
"35351819","Kellogg's Frosted Mini-wheats:bite Size","00038000219931","0","General Food","7","$0.99",,"0",,,,,,,,,,,,,,
"35351487","Pringles Mingles Sharp White Cheddar & R","00038000281426","0","Snacks","9","$2.12",,"0",,,,,,,,,,,,,,
"35350510","Pringles Mingles Cheddar & Sour Cream","00038000282584","0","Snacks","9","$2.12",,"0",,,,,,,,,,,,,,
"35352157","Kelloggs Fosted Mini Wheals Original 2.5","00038000313295","0","General Food","7","$1.25",,"0",,,,,,,,,,,,,,
"35351776","Kelloggs Froot Loops Sweetened Multigrai","00038000635304","0","General Food","7","$1.25",,"0",,,,,,,,,,,,,,
"35352393","Kelloggs Frosed Flakes Of Corn 2.1 Fl Oz","00038000635700","0","General Food","7","$1.25",,"0",,,,,,,,,,,,,,
"35352353","Pringles Original Potato Crisps 1.3 Oz","00038000845512","0","Snacks","9","$1.30",,"0",,,,,,,,,,,,,,
"35352044","Pringles:sour Cream & Onion 1.41 Oz","00038000845529","0","Snacks","9","$1.30",,"0",,,,,,,,,,,,,,
"35352524","Pringles Cheddar Cheese Flavored Potato","00038000845536","0","Snacks","9","$1.30",,"0",,,,,,,,,,,,,,
"35351775","Kelloggs: Apple Jacks N Cinnamon","00038000863509","0","Gen Merch","10","$1.25",,"0",,,,,,,,,,,,,,
"35352273","Van Holten's: Pickle In-a Punch- Dill Fl","00038200000018","0","Snacks","9","$2.10",,"0",,,,"A & J",,,,,,,,,,
"35350874","Van Holten's Sour Pickle 1 Fl Oz","00038200000100","0","Grocery Non-taxable","3","$2.16",,"0",,,,,,,,,,,,,,
"35351335","Van Holten's Hot Picklehot & Spicy 1","00038200000117","0","Snacks","9","$2.60",,"0",,,,"A & J",,,,,,,,,,
"35351691","Van Holten's Tapatio Pickle 1 Fl Oz","00038200000162","0","Snacks","9","$2.10",,"0",,,,"A & J",,,,,,,,,,
"35351512","Van Holten's Sour Dill Pickle 1 Fl Oz","00038200000315","0","Snacks","9","$2.10",,"0",,,,,,,,,,,,,,
"35350943","Dole 100% Juice Pineapple Paradise 8.40","00038900009632","0","Grocery Non-taxable","3","$1.82",,"0",,,,,,,,,,,,,,
"36466230","Libby's Pumpkin","00039000045049","0","Grocery Non-taxable","3","$2.80",,"0",,,,,,,,,,,,,,
"35351765","Ginseng","00039278701111","0","Gen Merch","10","$1.50",,"0",,,,,,,,,,,,,,
"35350519","M&m","00040000000310","0","Snacks","9","$1.64",,"0",,,,,,,,,,,,,,
"35352798","M&m's With Peanut (1.74 Oz)","00040000000327","0","Snacks","9","$1.75",,"0",,,,,,,,,,,,,,
"35352992","Starburst Original (2.07 Oz)","00040000000518","0","Snacks","9","$1.85",,"0",,,,,,,,,,,,,,
"35352446","Snickers Almond (1.76 Oz)","00040000001058","0","Candy","22","$2.25",,"0",,,,,,,,,,,,,,
"35352869","Mnms Peanut Butter (1.63 Oz)","00040000001447","0","Snacks","9","$1.70",,"0",,,,,,,,,,,,,,
"35352812","Skittles Original 2.17oz","00040000001607","0","Candy","22","$1.80",,"23",,,,"Nepa Wholesale",,,,,,,,,,
"35352448","Skittles Wild Berry (2.17 Oz)","00040000001621","0","Snacks","9","$1.80",,"0",,,,,,,,,,,,,,
"35352935","Snickers Share Size 2 Bars (3.29 Oz)","00040000002635","0","Candy","22","$3.00",,"0",,,,,,,,,,,,,,
"35351118","Skittles:sour Bite Size 1.80 Oz","00040000002666","0","Snacks","9","$1.77",,"0",,,,,,,,,,,,,,
"35352178","Milky Way:share Size 3.63 Oz","00040000004011","0","Snacks","9","$2.39",,"0",,,,,,,,,,,,,,
"35351627","Twix Cookis Bar Share Size 4 Bars","00040000004059","0","Ice Cream","11","$2.99",,"0",,,,,,,,,,,,,,
"35350573","M&m's:chocolate Candy, King Size 3.14 Oz","00040000004318","0","Grocery Non-taxable","3","$3.00",,"0",,,,,,,,,,,,,,
"35352708","M&m's Chocolate Candy With Peanut, Share","00040000004325","0","Snacks","9","$3.00",,"0",,,,,,,,,,,,,,
"35352725","Twix 2 Cookie Bar (1.79 Oz)","00040000004356","0","Snacks","9","$1.75",,"0",,,,,,,,,,,,,,
"35351402","Skittles Share Size","00040000004608","0","Snacks","9","$3.00",,"0",,,,,,,,,,,,,,
"35351417","Musketeers","00040000006039","0","Gen Merch","10","$3.00",,"0",,,,,,,,,,,,,,
"35351675","Snickers Almond Share Size 2 Bars (3.23","00040000006275","0","Candy","22","$2.99",,"0",,,,,,,,,,,,,,
"35351887","Starburst Fruit Chews Fl 2.07 Oz","00040000009702","0","Snacks","9","$1.85",,"0",,,,,,,,,,,,,,
"35352641","Milky Way Bar (1.84 Oz)","00040000422068","0","Snacks","9","$2.00",,"0",,,,,,,,,,,,,,
"43229508","3 Musketeers","00040000422082","0","Candy","22","$1.75",,"0",,,,"Sams Club",,,,,,,,,,
"35353028","Snickers Bar (1.86 Oz)","00040000424314","0","Candy","22","$1.60",,"0",,,,,,,,,,,,,,
"35351789","Twix Cookie Bars 1.79oz","00040000514206","0","Snacks","9","$1.59",,"0",,,,,,,,,,,,,,
"47526644","Snickers Original Bar 1.8 Oz","00040000514251","0","Candy","22","$1.60",,"0",,,,,,,,,,,,,,
"35351428","Twix Cookies Dough Share Size 4 Bars","00040000583547","0","Snacks","9","$3.15",,"0",,,,,,,,,,,,,,
"35351104","M&m's Mega: Share Size 2.83 Oz","00040000592785","0","Grocery Non-taxable","3","$3.12",,"0",,,,,,,,,,,,,,
"35351993","Twix Snicker Doodle (2.82 Oz)","00040000603023","0","Candy","22","$3.00",,"0",,,,,,,,,,,,,,
"35351672","M&m","00040000605560","0","General Food","7","$2.42",,"0",,,,,,,,,,,,,,
"39240437","M & M Honey Roasted Peanu","00040000610427","0","Snacks","9","$1.75",,"0",,,,,,,,,,,,,,
"39246547","Snickers xtreme 1.55 oz","00040000641650","0","Candy","22","$1.60","$0.00","0",,,,,,,,,,,,,,
"48784493","Tropical Madness Plantain Strips","00040232325236","0","Snacks","9","$2.65","$1.79","0",,,,"Riega Snacks",,,,,,,,,,
"35352561","Hard Steel","00040232418099","0","Misc.","15","$7.99",,"0",,,,,,,,,,,,,,
"35352704","I Can't Believe It's Not Butter! Origina","00040600345002","0","Dairy","12","$6.00",,"0",,,,,,,,,,,,,,
"35352309","GH Strawberry Shortcake","00041000054143","0","Ice Cream","11","$3.00","$1.42","3",,,,"Four Seasons Ice cream",,,,,,,,,,
"48088620","Good Hummor Chocolate Eclair","00041000054150","0","Ice Cream","11","$3.00","$1.42","21",,,,"Four Seasons Ice cream",,,,,,,,,,
"35352782","Ring Pop Cherry 0.50 Oz","00041116005190","0","Snacks","9","$0.89",,"0",,,,,,,,,,,,,,
"35351659","Topps:push Pop, Assorted Flavors 0.50 Oz","00041116005343","0","Snacks","9","$1.50",,"0",,,,,,,,,,,,,,
"35350760","Topps:juicy Drop Pop, Sour Green Apple 0","00041116005923","0","Snacks","9","$0.98",,"0",,,,,,,,,,,,,,
"35352364","Baby Bottle Pop 0.85 Oz","00041116006340","0","Candy","22","$1.15",,"0",,,,,,,,,,,,,,
"35352104","Ring Pop","00041116026362","0","Snacks","9","$1.00",,"0",,,,,,,,,,,,,,
"39380612","Juicy Drop Gummy Dip N S","00041116232190","0","Snacks","9","$3.85",,"0",,,,,,,,,,,,,,
"35353006","Sunmaid Raisains S 9 Oz","00041143024508","0","General Food","7","$2.99",,"0",,,,,,,,,,,,,,
"35353005","Sunmaid: Raisins 12 Oz","00041143124604","0","General Food","7","$4.99",,"0",,,,,,,,,,,,,,
"35353001","Raisins 30 Oz","00041143129005","0","General Food","7","$8.99",,"0",,,,,,,,,,,,,,
"35351341","Flat Toothpicks","00041146000554","0","Household","6","$1.25",,"0",,,,,,,,,,,,,,
"35351055","Wise:original Butter 0.50 Oz","00041262270367","0","Snacks","9","$0.50",,"0",,,,,,,,,,,,,,
"35352326","Wise Puffed Cheez Doodle (0.75 Oz)","00041262270435","0","Snacks","9","$0.56",,"0",,,,,,,,,,,,,,
"35781558","Wise Onion Rings .5 Oz","00041262270749","0","Snacks","9","$0.56",,"0",,,,,,,,,,,,,,
"35350862","Wise Golden Potato Original 0.75 Oz","00041262271241","0","Snacks","9","$0.66",,"0",,,,,,,,,,,,,,
"35352964","Wise Honey Bbq 0.75oz","00041262271852","0","Snacks","9","$0.55","$0.38","0",,,,"Riega Snacks",,,,,,,,,,
"35352807","Wise White Cheddar (0.63 Oz)","00041262271975","0","Snacks","9","$0.56",,"0",,,,,,,,,,,,,,
"35351470","Wise Cheez Doodles Cheddar 0.88 Oz","00041262273887","0","Snacks","9","$0.50",,"0",,,,,,,,,,,,,,
"35352938","Wise Ridgies Sour Cream & Onion 0.75 oz","00041262275119","0","Snacks","9","$0.55","$0.38","0",,,,"Riega Snacks",,,,,,,,,,
"35350931","Wise:bbq 0.75 Oz","00041262275195","0","General Food","7","$0.66",,"0",,,,,,,,,,,,,,
"35353016","Wise Cheese Doodles Honey Bbq 0.75oz","00041262281196","0","Snacks","9","$0.55","$0.38","0",,,,"Riega Snacks",,,,,,,,,,
"35351558","Wise Popcorn Hot Cheese 0.65 Fl Oz","00041262286351","0","Snacks","9","$0.66",,"0",,,,,,,,,,,,,,
"35351622","Wise Honey Bbq Chip","00041262287242","0","Snacks","9","$2.55","$1.88","0",,,,"Riega Snacks",,,,,,,,,,
"35352323","Wise Onion & Garlic Potato Chips (3.25 O","00041262287259","0","Snacks","9","$2.49","$0.00","0",,,,,,,,,,,,,,
"35350852","Wise Golden Potato Salt & Vinegar 3.25 F","00041262287266","0","Snacks","9","$2.50",,"0",,,,,,,,,,,,,,
"35352001","Wise ridges sour cream and onion 3 oz","00041262287327","0","Snacks","9","$2.49","$0.00","0",,,,,,,,,,,,,,
"35352332","Wise Cheese Doodles Baked Puffs (3.25 Oz","00041262287341","0","Snacks","9","$2.49","$0.00","0",,,,,,,,,,,,,,
"35351630","Wise Cheez Hotnhoney Baked Puffs 3.25 Fl","00041262287365","0","Snacks","9","$2.49","$0.00","0",,,,,,,,,,,,,,
"35352808","Wise White Cheddar Cheese Popcorn","00041262287372","0","Snacks","9","$2.49","$0.00","0",,,,,,,,,,,,,,
"35352250","Wise Hot Cheese Popcorn","00041262287396","0","Snacks","9","$2.55","$1.88","0",,,,"Riega Snacks",,,,,,,,,,
"43125014","Wise onion rings","00041262287402","0","Snacks","9","$2.49",,"0",,,,,,,,,,,,,,
"35352939","Wise Golden Potatoes 0.75oz","00041262287488","0","Snacks","9","$0.54","$0.00","0",,,,,,,,,,,,,,
"35351631","Wise Ridges Cheddar & Sour Cream 0.75oz","00041262287495","0","Snacks","9","$0.55","$0.38","0",,,,"Riega Snacks",,,,,,,,,,
"35352907","Wise Cheese Doodles Hot &Honey 0.75 Oz","00041262287501","0","Snacks","9","$0.66",,"0",,,,,,,,,,,,,,
"35351471","Wise Kettle Cooked Jalapeno 0.75 Fl Oz","00041262287587","0","Snacks","9","$0.54",,"0",,,,,,,,,,,,,,
"47768789","Wise","00041262287594","0","Snacks","9","$2.49",,"0",,,,,,,,,,,,,,
"35352205","Wise Extreme Ridgies 0.75oz","00041262287747","0","Snacks","9","$0.54","$0.00","0",,,,,,,,,,,,,,
"35351203","Wise","00041262287778","0","General Food","7","$0.66",,"0",,,,,,,,,,,,,,
"35352316","Wise Honey Butter Chip","00041262287792","0","Snacks","9","$0.56",,"0",,,,,,,,,,,,,,
"35351053","Wise Golden Potato Honey Butter","00041262287808","0","Snacks","9","$2.50",,"0",,,,,,,,,,,,,,
"47766086","Chips","00041262287860","0","Snacks","9","$0.69",,"0",,,,,,,,,,,,,,
"35351555","Wise Cheez Doodles Baked Puffs 3 Fl Oz","00041262287914","0","Snacks","9","$2.50",,"0",,,,,,,,,,,,,,
"48784369","Wise Honey Butter Chips 1oz","00041262288430","0","Snacks","9","$0.55","$0.38","0",,,,"Riega Snacks",,,,,,,,,,
"48784415","Wise Hot and Honey Doodles","00041262288522","0","Snacks","9","$0.55","$0.38","0",,,,"Riega Snacks",,,,,,,,,,
"35352925","Goya Iodized Salt 1 Lb","00041331038157","0","Household","6","$2.50",,"0",,,,,,,,,,,,,,
"35351714","Goya Chick Peas (15.5 Oz)","00041331124225","0","General Food","7","$1.80",,"0",,,,,,,,,,,,,,
"35352915","Sour Punch Sabores Individual 1","00041364012391","0","Snacks","9","$0.35",,"0",,,,,,,,,,,,,,
"38886410","SOUR punch Bites 3.7 oz","00041364084985","0","Grocery Non-taxable","3","$2.50",,"0",,,,,,,,,,,,,,
"36274951","SOUR PUNCH","00041364086460","0","Grocery Non-taxable","3","$2.50",,"0",,,,,,,,,,,,,,
"35352749","Sour Punch Rainbow Straws 2 Oz","00041364087924","0","Snacks","9","$1.25",,"0",,,,,,,,,,,,,,
"35351665","Krabby Patties 2.54 Oz","00041376102325","0","Snacks","9","$2.99",,"0",,,,,,,,,,,,,,
"35351831","Spongebob Krabby Patties Candy 2.54 Oz","00041376103254","0","Snacks","9","$2.05",,"0",,,,,,,,,,,,,,
"39380796","Peelables","00041376116384","0","Snacks","9","$3.99",,"0",,,,,,,,,,,,,,
"43877984","Concord Lemon Juice Reconstituted","00041409000055","0","Snacks","9","$2.25",,"0",,,,,,,,,,,,,,
"35352217","Lime Juice 4.5 Fl Oz","00041409000062","0","General Food","7","$1.35",,"0",,,,,,,,,,,,,,
"35350875","Red Hots","00041420020285","0","Snacks","9","$3.50",,"0",,,,,,,,,,,,,,
"35351109","Trolli Sour Brite Tropical Llamas Gummi","00041420023705","0","Snacks","9","$3.00",,"0",,,,,,,,,,,,,,
"35350881","Berry 4","00041420045707","0","Snacks","9","$1.50",,"0",,,,,,,,,,,,,,
"35351173","Trolli","00041420052187","0","Snacks","9","$2.99",,"0",,,,,,,,,,,,,,
"35351159","Trolli Tropical Illamas 3oz","00041420069857","0","Snacks","9","$3.15",,"0",,,,,,,,,,,,,,
"35350763","Troll sbc Fruit Punch 5oz","00041420069949","0","Snacks","9","$3.50","$0.00","0",,,,,,,,,,,,,,
"35352831","Trolli Sour Duo Crawlers Gummi Candy 4.2","00041420078156","0","Snacks","9","$3.00",,"0",,,,,,,,,,,,,,
"35350610","Sour","00041420080265","0","Grocery Non-taxable","3","$2.99",,"0",,,,,,,,,,,,,,
"43811091","Trolli M.Dew Crawlers 6.3oz","00041420087462","0","Candy","22","$3.99",,"0",,,,"Plenty Prices Florida",,,,,,,,,,
"35886464","Trolli Sb Crawler Very B","00041420115875","0","Snacks","9","$3.50",,"0",,,,,,,,,,,,,,
"35350606","Trolli Sour Brite Weird Beards Gummi Can","00041420570001","0","Snacks","9","$2.99",,"0",,,,,,,,,,,,,,
"35351921","Krusteaz Pancake Mix Buttermilk (16 Oz)","00041449403106","0","General Food","7","$5.50",,"0",,,,,,,,,,,,,,
"35351922","Krusteaz Muffin Mix Wild Blueberry (16 O","00041449403267","0","General Food","7","$5.50",,"0",,,,,,,,,,,,,,
"35351923","Krusteaz Brownie Mix Double Chocolate (1","00041449403366","0","General Food","7","$5.50",,"0",,,,,,,,,,,,,,
"36466209","Red Lobster Cheddar Bay Biscuit Mix","00041449601236","0","Grocery Non-taxable","3","$4.00",,"0",,,,,,,,,,,,,,
"35351715","Out Shine Mini","00041548000169","0","Gen Merch","10","$1.50",,"0",,,,,,,,,,,,,,
"35351581","Drumstick Ice Cream Pint (14 Fl Oz)","00041548287454","0","Ice Cream","11","$7.00",,"0",,,,,,,,,,,,,,
"35351708","Nestle Toll House Cookie Dough 14 Oz","00041548702698","0","Ice Cream","11","$6.50",,"0",,,,,,,,,,,,,,
"35351854","Nestle Dibs","00041548825533","0","Ice Cream","11","$4.10","$2.38","3",,,,"Valentini,Four Seasons Ice cream",,,,,,,,,,
"35352334","Kitkat Ice Cream Pint (14 Fl Oz)","00041548898469","0","Ice Cream","11","$7.00",,"0",,,,,,,,,,,,,,
"49403303","UTZ Potato Chips Regular","00041780000019","0","Snacks","9","$0.50",,"0",,,,,,,,,,,,,,
"49403315","UTZ Potato Chips","00041780000415","0","Snacks","9","$0.50",,"0",,,,,,,,,,,,,,
"49403313","UTZ Potato Chips Sour Cream And Onion Fl","00041780000613","0","Snacks","9","$0.50",,"0",,,,,,,,,,,,,,
"49403331","UTZ Mega Lunch Box","00041780001917","0","Snacks","9","$0.50",,"0",,,,,,,,,,,,,,
"49403308","UTZ Cheese Curls","00041780003416","0","Snacks","9","$0.50",,"0",,,,,,,,,,,,,,
"49403301","UTZ Popcorn White Cheddar Premium","00041780009111","0","Snacks","9","$0.50",,"0",,,,,,,,,,,,,,
"49403318","UTZ Party Mix","00041780009227","0","Snacks","9","$0.50",,"0",,,,,,,,,,,,,,
"35350821","Maruchan Instant Lunch:lime Flavor W/shr","00041789001055","0","Snacks","9","$1.50",,"0",,,,,,,,,,,,,,
"35352073","Maruchan Instant Lunch Lime Chili 1","00041789001154","0","General Food","7","$1.25",,"0",,,,,,,,,,,,,,
"35352092","Maruchan Instant Lunch Chicken Flavor 2.","00041789001215","0","General Food","7","$1.25",,"0",,,,,,,,,,,,,,
"35352408","Maruchan Instant Lunch Beef Flavor 2.25","00041789001222","0","General Food","7","$1.25",,"0",,,,,,,,,,,,,,
"35351530","Maruchan Instant Lunch With Shrimp 2.25","00041789001253","0","General Food","7","$1.25",,"0",,,,,,,,,,,,,,
"35352251","Maruchan Instant Lunch Hot & Spicy Beef","00041789001420","0","General Food","7","$1.25",,"0",,,,,,,,,,,,,,
"35351492","Maruchan Instant Lunch:hot & Spicy Chick","00041789001437","0","General Food","7","$1.25",,"0",,,,,,,,,,,,,,
"35352093","Maruchan Instant Lunch Hot & Spicy With","00041789001444","0","General Food","7","$1.25",,"0",,,,,,,,,,,,,,
"35352144","Maruchan Instant Luch Roast Chicken Flav","00041789001574","0","General Food","7","$1.25",,"0",,,,,,,,,,,,,,
"35351080","Maruchan Instant Lunch:cheddar Cheese 2.","00041789001666","0","General Food","7","$1.50",,"0",,,,,,,,,,,,,,
"35352146","Maruchan:yakisoba Chicken Flavor 4.00 Oz","00041789007019","0","General Food","7","$2.50",,"0",,,,,,,,,,,,,,
"35350944","Yakisoba Maruchan 4.11 Oz","00041789007439","0","Grocery Non-taxable","3","$2.69",,"0",,,,,,,,,,,,,,
"35352049","Maruchan Yakisoba Chili Cheese 3.86 Fl O","00041789007651","0","General Food","7","$2.34",,"0",,,,,,,,,,,,,,
"35352345","Welch's 100% Apple (16 Fl Oz)","00041800236008","0","Drinks","8","$2.45",,"0",,,,"AZ Southeast",,,,,,,,,,
"35351794","Welch's Mango Passion Fruit (16 Fl Oz)","00041800346103","0","Drinks","8","$2.45",,"0",,,,"AZ Southeast",,,,,,,,,,
"35351826","Welch's 100% Concord Grape (16 Fl Oz)","00041800354504","0","Drinks","8","$2.45",,"0",,,,"AZ Southeast",,,,,,,,,,
"35351891","Welch's Cranberry Juice Cocktail (16 Fl","00041800429004","0","Drinks","8","$2.45",,"0",,,,"AZ Southeast",,,,,,,,,,
"35352492","Welch's Fruit Punch 16fl Oz","00041800432004","0","Drinks","8","$2.45",,"0",,,,"AZ Southeast",,,,,,,,,,
"35352118","Welch's Strawberry Kiwi (16 Fl Oz)","00041800453009","0","Drinks","8","$2.45",,"0",,,,"AZ Southeast",,,,,,,,,,
"35352430","Welch's Orange Pineapple (16 Fl Oz)","00041800478002","0","Drinks","8","$2.45",,"0",,,,"AZ Southeast",,,,,,,,,,
"35352061","Bc","00042037111137","0","Vitamins/medicine","14","$1.55",,"0",,,,,,,,,,,,,,
"35351387","Bc 6pk Ea Ea","00042037111151","0","Grocery Non-taxable","3","$2.75",,"0",,,,,,,,,,,,,,
"48785044","Rip It skreech in 16oz","00042200005416","0","Soda/Energy Beverages","19","$1.69",,"0",,,,,,,,,,,,,,
"35352000","Rip It F Bomb Energy Drink 16oz","00042200006802","0","Soda/Energy Beverages","19","$1.69","$0.90","0",,,,"BCI",,,,,,,,,,
"35352033","Rip It Citrus X Energy Drink 16oz","00042200007304","0","Soda/Energy Beverages","19","$1.69",,"0",,,,"BCI",,,,,,,,,,
"35352012","Rip It G-force Grape Energy Drink 16oz","00042200007328","0","Soda/Energy Beverages","19","$1.69","$0.90","0",,,,"BCI",,,,,,,,,,
"35351958","Rip It Power Energy Drink 16oz","00042200007335","0","Soda/Energy Beverages","19","$1.69",,"0",,,,"BCI",,,,,,,,,,
"35352890","Rip It Stinger Mo Energy Drink 16oz","00042200007342","0","Soda/Energy Beverages","19","$1.69","$0.90","0",,,,"BCI",,,,,,,,,,
"35352004","Rip It Tribute (Active Mandarin Live Wil","00042200007359","0","Soda/Energy Beverages","19","$1.69",,"0",,,,"BCI",,,,,,,,,,
"35352111","Rip It Tribute Cherry Lime Energy Drink","00042200007618","0","Soda/Energy Beverages","19","$1.69",,"0",,,,"BCI",,,,,,,,,,
"35352110","Rip It Tribute C.y.p-x Energy Drink 16oz","00042200007625","0","Soda/Energy Beverages","19","$1.69","$0.90","0",,,,"BCI",,,,,,,,,,
"35352112","Rip It Skreech In Strawberry + Peach Ene","00042200007755","0","Soda/Energy Beverages","19","$1.69",,"0",,,,"BCI",,,,,,,,,,
"43223476","Rip It Stinger Mo","00042200008486","0","Drinks","8","$1.60",,"0",,,,,,,,,,,,,,
"44209051","Rip it Stinger mo 16oz can","00042200008653","0","Soda/Energy Beverages","19","$1.69",,"0",,,,"BCI",,,,,,,,,,
"48307025","Rip-it","00042200008707","0","Soda/Energy Beverages","19","$1.69",,"0",,,,,,,,,,,,,,
"44209054","Rip it f bomb","00042200008714","0","Soda/Energy Beverages","19","$1.69",,"0",,,,"BCI",,,,,,,,,,
"35352989","Haribo Goldbears Gummi Candy 5 Oz","00042238302211","0","Snacks","9","$3.00",,"0",,,,"A & J",,,,,,,,,,
"35351817","Haribi Goldbears Candy 4 Oz","00042238302419","0","Snacks","9","$2.05",,"0",,,,,,,,,,,,,,
"35351468","Haribo Happy Cherries 4 Oz","00042238309791","0","Snacks","9","$2.05",,"0",,,,,,,,,,,,,,
"35352288","Habiro Sour Gold Bear 4.5 Oz","00042238312210","0","Snacks","9","$2.99",,"0",,,,"A & J",,,,,,,,,,
"35351413","Haribo Twin Snakes Candy 4 Oz","00042238340930","0","Snacks","9","$2.05",,"0",,,,,,,,,,,,,,
"47863329","Haribo Peaches Gummi Peg","00042238380868","0","Candy","22","$2.99",,"0",,,,"A & J",,,,,,,,,,
"35352036","Haribo Berries 4 Oz","00042238705135","0","Snacks","9","$2.05",,"0",,,,,,,,,,,,,,
"41208890","Haribo Berries","00042238705234","0","Snacks","9","$3.99",,"0",,,,"A & J",,,,,,,,,,
"35351572","Haribo Starmix Candy 4 Oz","00042238722125","0","Snacks","9","$2.05",,"0",,,,,,,,,,,,,,
"40812028","Haribo Wtrmelon Gummies12","00042238723320","0","Snacks","9","$2.05",,"0",,,,"A & J",,,,,,,,,,
"35352400","Haribo Sour Steamers 4.5 oz","00042238750036","0","Snacks","9","$2.99",,"0",,,,,,,,,,,,,,
"36466246","Stove Top Turkey","00043000285558","0","Grocery Non-taxable","3","$2.70",,"0",,,,,,,,,,,,,,
"35350824","Lucky Strike","00043300109172","0","Tobacco","4","$6.69",,"0",,,,,,,,,,,,,,
"35350687","Lucky Strike","00043300109264","0","Tobacco","4","$6.69",,"0",,,,,,,,,,,,,,
"35351117","Lucky Strike","00043300187149","0","Tobacco","4","$6.44",,"0",,,,,,,,,,,,,,
"35351038","Lucky Strike","00043300187507","0","Tobacco","4","$6.69",,"0",,,,,,,,,,,,,,
"35351043","Fruti Coconut 4 Oz","00043638000707","0","Ice Cream","11","$2.75",,"0",,,,,,,,,,,,,,
"35350798","Fruti Strawberry Paleta 4 Oz","00043638000745","0","Ice Cream","11","$2.75",,"0",,,,,,,,,,,,,,
"35350871","Chunks Fruti Mango 4 Oz","00043638000813","0","Ice Cream","11","$2.99",,"0",,,,,,,,,,,,,,
"35351867","Ritz Crackers 0.95 Fl Oz","00044000011574","0","Snacks","9","$0.70",,"0",,,,,,,,,,,,,,
"35351856","Nabisco Mini Oreo 1.50 Oz","00044000011703","0","Snacks","9","$1.30",,"0",,,,,,,,,,,,,,
"35350819","Nabisco Chips Ahoy!:mini Chocolate Chip","00044000020071","0","Grocery Non-taxable","3","$1.00",,"0",,,,,,,,,,,,,,
"35350592","Nabisco Oreo:mini 1.00 Oz","00044000020170","0","Grocery Non-taxable","3","$1.00",,"0",,,,,,,,,,,,,,
"35350584","Nutter Butter Cookies - Peanut Butter Sa","00044000020187","0","Grocery Non-taxable","3","$1.00",,"0",,,,,,,,,,,,,,
"35351011","Nabisco Ritz Bits:cheese 1.00 Oz","00044000020255","0","Snacks","9","$1.00",,"0",,,,,,,,,,,,,,
"35350832","Teddy Grahams Graham Snacks Honey 1 Oz","00044000020361","0","Grocery Non-taxable","3","$1.00",,"0",,,,,,,,,,,,,,
"42492342","Nabisco Chips Ahoy Original Cookies","00044000033385","0","Snacks","9","$5.75",,"0",,,,,,,,,,,,,,
"35352990","Nabisco Nutter Butter 1.90 Oz","00044000037451","0","Snacks","9","$0.99",,"0",,,,,,,,,,,,,,
"35352147","Chips Ahoy! Original 1.55 Oz","00044000043148","0","Snacks","9","$1.00",,"0",,,,,,,,,,,,,,
"35351520","Chipsahoy:original 2 Cookies 0.77 Oz","00044000045326","0","Snacks","9","$0.50",,"0",,,,,,,,,,,,,,
"35351153","Oreo Golden 2 Cookies 0.78 Oz","00044000045432","0","Snacks","9","$0.50",,"0",,,,,,,,,,,,,,
"35352686","Oreo Cookies 6 Cookies Fl 2.4 Oz","00044000047009","0","Snacks","9","$1.50",,"0",,,,,,,,,,,,,,
"35350669","Golden Oreo Mini 3 Oz","00044000052317","0","Snacks","9","$1.79",,"0",,,,,,,,,,,,,,
"35351201","Belvita:blueberry 1 Oz","00044000055837","0","Candy","22","$0.75",,"0",,,,,,,,,,,,,,
"35351061","Belvita: Chocolate 1 Oz","00044000055844","0","Candy","22","$0.75",,"0",,,,,,,,,,,,,,
"35351403","Belvita:cinnamon Brown Sugar 1 Oz","00044000055851","0","Candy","22","$0.75",,"0",,,,,,,,,,,,,,
"35352431","Oreo 1.02 OZ","00044000060701","0","Snacks","9","$0.55",,"0",,,,,,,,,,,,,,
"35352361","Oreo:double Stuff 2 Pcs","00044000060718","0","Snacks","9","$0.54",,"0",,,,,,,,,,,,,,
"35352270","Oreo Golden Mini Fl 1.5 Oz","00044000061494","0","Snacks","9","$0.93",,"0",,,,,,,,,,,,,,
"35352916","Chips Ahoy 2 Cookies 1.08 Oz","00044000071776","0","Snacks","9","$0.55",,"0",,,,,,,,,,,,,,
"35352693","Oreo:selena Gomez Edition 2cookies","00044000081652","0","Snacks","9","$0.54",,"0",,,,,,,,,,,,,,
"48242333","Chips ahoy","00044000083755","0","Snacks","9","$0.75",,"0",,,,,,,,,,,,,,
"38985943","Clorox Disenfect Wipes To","00044600016658","0","Grocery Non-taxable","3","$2.99",,"0",,,,,,,,,,,,,,
"35351790","Sweet 'N Low:zero Calorie Sweetener 1.75","00044800001010","0","General Food","7","$3.00",,"0",,,,,,,,,,,,,,
"35351407","Snickers Icecream 2oz","00047677001510","0","Ice Cream","11","$1.50",,"0",,,,,,,,,,,,,,
"35352796","Twix Ice Cream Bar 3 Oz","00047677474208","0","Ice Cream","11","$3.00","$1.50","0",,,,"Four Seasons Ice cream",,,,,,,,,,
"35352797","Snickers Ice Cream Bar 2.80 Fl Oz","00047677482487","0","Ice Cream","11","$3.00","$1.50","0",,,,"Four Seasons Ice cream",,,,,,,,,,
"35372800","American Spirit Full-bodied Blue Box 1.0","00047995855086","0","Tobacco","4","$12.50",,"0",,,,"Sams Tobacco",,,,,,,,,,
"35372806","American Spirit Mellow Yellow King Box 1","00047995855093","0","Tobacco","4","$12.50",,"0",,,,"Sams Tobacco",,,,,,,,,,
"35372787","American Spirit Organic Mellow Gold Box","00047995855253","0","Tobacco","4","$10.75",,"0",,,,"Sams Tobacco",,,,,,,,,,
"35351209","Rose Garden","00048155905641","0","Gen Merch","10","$1.50",,"0",,,,,,,,,,,,,,
"35351110","Powerhouse Foam Carpet Refresher","00048155906570","0","Gen Merch","10","$1.59",,"0",,,,,,,,,,,,,,
"35351497","Bubble Bath","00048155910836","0","Household","6","$1.59",,"0",,,,,,,,,,,,,,
"40328750","Personal Care Men's Lubricating Lotion","00048155923737","0","Taxable","2","$1.59",,"0",,,,,,,,,,,,,,
"35351154","Powehouse:toilet Cleaner 16 Oz","00048155925229","0","Grocery Non-taxable","3","$1.59",,"0",,,,,,,,,,,,,,
"35351145","Great Scents Odor Neutralizer 13 Oz","00048155925960","0","Household","6","$1.59",,"0",,,,,,,,,,,,,,
"35351087","Power House Shower Clean-up 12 Oz","00048155927278","0","Household","6","$2.08",,"0",,,,,,,,,,,,,,
"35350711","Wipes","00048155940673","0","Household","6","$1.75",,"0",,,,,,,,,,,,,,
"39381422","Tropicana Lots Of Pulpa","00048500205648","0","Drinks","8","$3.50",,"0",,,,,,,,,,,,,,
"35350879","Lemonade","00048500206553","0","Grocery Non-taxable","3","$2.10",,"0",,,,,,,,,,,,,,
"35352473","Tropicana Orange Blend 10 Oz","00048500206867","0","Drinks","8","$1.50",,"0",,,,,,,,,,,,,,
"35350522","Coke","00049000000443","0","Soda/Energy Beverages","19","$2.34",,"0",,,,,,,,,,,,,,
"35350528","Coke Diet","00049000000450","0","Soda/Energy Beverages","19","$2.34",,"0",,,,,,,,,,,,,,
"35352882","Sprite Lemon Lime 12 Fl Oz","00049000001327","0","Soda/Energy Beverages","19","$1.75",,"0",,,,,,,,,,,,,,
"35352017","Powerade Fruit Punch Sports Drink 20 Fl","00049000003710","0","Drinks","8","$1.64",,"0",,,,,,,,,,,,,,
"35353071","Coca Cola 12 Fl Oz","00049000006346","0","Soda/Energy Beverages","19","$1.75",,"0",,,,,,,,,,,,,,
"35352906","Coke Diet","00049000006582","0","Soda/Energy Beverages","19","$1.75",,"0",,,,,,,,,,,,,,
"35351472","Powerade Mountain Berry Blast Sports Dri","00049000007909","0","Drinks","8","$1.64",,"0",,,,,,,,,,,,,,
"35352497","Dasani","00049000009774","0","Drinks","8","$1.66",,"0",,,,,,,,,,,,,,
"35351355","Fanta Strawberry 12 OZ","00049000014266","0","Soda/Energy Beverages","19","$1.25",,"0",,,,,,,,,,,,,,
"35351384","Fanta:pineapple 12 Fl Oz","00049000014273","0","Snacks","9","$1.25",,"0",,,,,,,,,,,,,,
"35351023","Fanta Orange 20.00 Fl Oz","00049000019162","0","Grocery Non-taxable","3","$2.60",,"0",,,,,,,,,,,,,,
"35352862","Coca Cola 16.9 Fl Oz","00049000024685","0","Soda/Energy Beverages","19","$2.25",,"0",,,,,,,,,,,,,,
"35352732","Coca Cola Diet 16.9 Oz 500 Ml","00049000024692","0","Soda/Energy Beverages","19","$2.25",,"0",,,,,,,,,,,,,,
"35353004","Sprite 16.9 Fl Oz","00049000024708","0","Soda/Energy Beverages","19","$2.25",,"0",,,,,,,,,,,,,,
"35351036","Fanta:strawberry 20.00 Oz","00049000026207","0","Grocery Non-taxable","3","$2.50",,"0",,,,,,,,,,,,,,
"35350723","Dasani:purified Water 16.90 Fl Oz","00049000027624","0","Grocery Non-taxable","3","$1.35",,"0",,,,,,,,,,,,,,
"41210275","Coca-cola 12pk/12oz Cans","00049000028904","0","Soda/Energy Beverages","19","$12.00",,"0",,,,,,,,,,,,,,
"45912085","Fresca 16.9oz","00049000029635","0","Soda/Energy Beverages","19","$2.25",,"0",,,,,,,,,,,,,,
"35351629","Fanta:16.9 Fl Oz","00049000031683","0","Soda/Energy Beverages","19","$1.69",,"0",,,,,,,,,,,,,,
"35350659","Coca-cola Zero 20.00 Fl Oz","00049000040869","0","Soda/Energy Beverages","19","$2.50",,"0",,,,,,,,,,,,,,
"35351475","Fanta Orange Zero 12oz Can","00049000041194","0","Soda/Energy Beverages","19","$1.25",,"0",,,,,,,,,,,,,,
"35352763","Coca-cola Zero Sugar 12 Fl Oz Can","00049000042566","0","Soda/Energy Beverages","19","$1.75",,"0",,,,,,,,,,,,,,
"35350461","Coke Zero 16.9 Fl Oz","00049000045840","0","Soda/Energy Beverages","19","$1.64",,"0",,,,,,,,,,,,,,
"35352905","Coca Cola Original 2 Liter","00049000050103","0","Soda/Energy Beverages","19","$3.99",,"0",,,,,,,,,,,,,,
"35351827","Coca Cola Diet 2 Liter","00049000050110","0","Soda/Energy Beverages","19","$3.50",,"0",,,,,,,,,,,,,,
"35350435","Coca Cola Zero Sugar 2 Liter","00049000050141","0","Soda/Energy Beverages","19","$2.57",,"0",,,,,,,,,,,,,,
"35351729","Sprite Bottle 67.6 Fl Oz (2 Litre)","00049000050158","0","Soda/Energy Beverages","19","$3.99",,"0",,,,,,,,,,,,,,
"35350730","Sprite:lemon-lime Soda 16.00 Fl Oz","00049000053432","0","Soda/Energy Beverages","19","$2.30",,"0",,,,,,,,,,,,,,
"35372784","4 Pack Of Coke","00049000054026","0","Soda/Energy Beverages","19","$15.00",,"0",,,,"Sams Club",,,,,,,,,,
"35350471","Coke","00049000058468","0","Soda/Energy Beverages","19","$28.04",,"0",,,,,,,,,,,,,,
"35351321","Coke Mini 7.5 Fl Oz","00049000061017","0","Soda/Energy Beverages","19","$0.84",,"0",,,,,,,,,,,,,,
"35350491","Fanta Mini","00049000061031","0","Soda/Energy Beverages","19","$0.79",,"0",,,,,,,,,,,,,,
"35351348","Sprite Mini 7.5 Fl Oz","00049000061062","0","Soda/Energy Beverages","19","$0.84",,"0",,,,,,,,,,,,,,
"35351670","Peace Tea Just Peachy 23 Fl Oz","00049000070439","0","Soda/Energy Beverages","19","$2.75",,"0",,,,,,,,,,,,,,
"35351235","Peace Tea Razzleberry 23 Fl Oz","00049000070484","0","Soda/Energy Beverages","19","$2.75",,"0",,,,,,,,,,,,,,
"35350490","Coke Cherry Mini 7.5 Fl","00049000072303","0","Soda/Energy Beverages","19","$0.84",,"0",,,,,,,,,,,,,,
"42437185","COKE 2 LITER","00049000072341","0","Soda/Energy Beverages","19","$3.75",,"0",,,,,,,,,,,,,,
"41117957","Coke diet 2 ltr","00049000072358","0","Soda/Energy Beverages","19","$3.99",,"0",,,,,,,,,,,,,,
"47677440","Coca Cola CHERRY 16.9","00049000075960","0","Soda/Energy Beverages","19","$2.25",,"0",,,,,,,,,,,,,,
"49454235","PowerAde","00049000079326","0","Drinks","8","$2.50",,"0",,,,,,,,,,,,,,
"45830258","POWERADE  ORANGE ZERO SUGAR","00049000079333","0","Drinks","8","$2.50",,"0",,,,,,,,,,,,,,
"49412093","Power are zero sugar  28 oz","00049000079340","0","Soda/Energy Beverages","19","$2.50",,"0",,,,,,,,,,,,,,
"35350764","Powerade Mountain Berry Blast 28oz","00049000079357","0","Drinks","8","$2.50",,"0",,,,"Powerade",,,,,,,,,,
"35351143","Powerade Orange 28oz","00049000079364","0","Drinks","8","$2.50",,"0",,,,"Powerade",,,,,,,,,,
"45830252","Powerade Lemon Lime 28oz","00049000079371","0","Drinks","8","$2.50",,"0",,,,"Powerade",,,,,,,,,,
"35351094","Powerade Fruit Punch 28oz","00049000079388","0","Drinks","8","$2.50",,"0",,,,"Powerade",,,,,,,,,,
"45830251","Powerade Grape 28oz","00049000079401","0","Drinks","8","$2.50",,"0",,,,"Powerade",,,,,,,,,,
"45830865","Powerade Xtra Sour Peach Pucker 28oz","00049000559149","0","Drinks","8","$2.50",,"0",,,,"Powerade",,,,,,,,,,
"45830254","Powerade Blood Orange Kick 28oz","00049000562118","0","Drinks","8","$2.50",,"0",,,,"Powerade",,,,,,,,,,
"45869175","Powerade Cold Berry Burst 28oz","00049000562132","0","Drinks","8","$2.50",,"0",,,,"Powerade",,,,,,,,,,
"45830247","Powerade White Grape Vape 28oz","00049000562156","0","Drinks","8","$2.50",,"0",,,,"Powerade",,,,,,,,,,
"35352319","Domino Granulated Sugar 2lb","00049200045756","0","Snacks","9","$3.20",,"0",,,,,,,,,,,,,,
"38985948","Rub","00049696700368","0","Grocery Non-taxable","3","$2.99",,"0",,,,,,,,,,,,,,
"35351078","Pregnancy Test","00049696736657","0","Gen Merch","10","$2.50",,"0",,,,,,,,,,,,,,
"35351319","Friskies Wet:savory Shreds W/beef In Gra","00050000103645","0","Pet Food","21","$1.50",,"0",,,,,,,,,,,,,,
"35351772","Friskies Wet:savory Shreds W/ocean White","00050000103683","0","Pet Food","21","$1.50",,"0",,,,,,,,,,,,,,
"35352827","Nestle Toll House Chocolate Chip Cookie","00050000235001","0","Ice Cream","11","$4.10","$2.33","0",,,,"Valentini,Four Seasons Ice cream",,,,,,,,,,
"35352002","Friskies Wet:savory Shreds Turkey & Chee","00050000412204","0","Pet Food","21","$1.50",,"0",,,,,,,,,,,,,,
"35350721","Friskies Wet:classic Pate Mixed Grill 5.","00050000421541","0","Household","6","$1.25",,"0",,,,,,,,,,,,,,
"35351623","Friskies Wet:savory Shreds Chicken & Sal","00050000445691","0","Pet Food","21","$1.50",,"0",,,,,,,,,,,,,,
"37867506","Sunny D Punch Orange Tangy Citrus 6.75oz","00050200013171","0","Drinks","8","$0.50",,"0",,,,,,,,,,,,,,
"37055282","Milk Evaporated","00050700020204","0","General Food","7","$1.75",,"0",,,,,,,,,,,,,,
"35352197","Red & White Sweetened Condensed Milk 14","00050700031675","0","General Food","7","$3.99",,"0",,,,,,,,,,,,,,
"35352198","V8 Original 100% Vegetable Juice 11.5 Fl","00051000012920","0","Drinks","8","$1.50",,"0",,,,,,,,,,,,,,
"36466226","Swanson Broth Chicken 99% Fat Free","00051000121141","0","Grocery Non-taxable","3","$2.80",,"0",,,,,,,,,,,,,,
"35350837","Beef","00051943242316","0","Snacks","9","$1.69",,"0",,,,,,,,,,,,,,
"35352424","Gatorade Arctic Blitz 28 Oz","00052000010299","0","Grocery Non-taxable","3","$3.50",,"0",,,,,,,,,,,,,,
"35352335","Gatorade Frost Thirst Quencher Artic Bli","00052000010398","0","Drinks","8","$1.75",,"0",,,,,,,,,,,,,,
"35351576","Gatorade Fierce Thirst Quencher Green Ap","00052000010534","0","Drinks","8","$1.75",,"0",,,,,,,,,,,,,,
"35352346","Gatorade Zero Sugar Thirst Quencher Lemo","00052000042122","0","Drinks","8","$1.75",,"0",,,,,,,,,,,,,,
"44004014","Gatorade Frost","00052000042139","0","Drinks","8","$1.75",,"0",,,,,,,,,,,,,,
"35351913","GAT Zero Glacier Cherry 20oz","00052000042146","0","Drinks","8","$1.99",,"0",,,,"Gatorades",,,,,,,,,,
"35352028","Gatorade Zero Sugar Thirst Quencher Lemo","00052000042313","0","Drinks","8","$2.85",,"0",,,,,,,,,,,,,,
"35352059","Gatorade Zero Sugar Thirst Quencher Oran","00052000042320","0","Drinks","8","$2.50",,"0",,,,,,,,,,,,,,
"35351298","Gatorade Zero Sugar Thirst Quencher Frui","00052000042337","0","Drinks","8","$2.85",,"0",,,,,,,,,,,,,,
"35352191","Gatorade Zero Sugar Thirst Quencher Glac","00052000042344","0","Drinks","8","$2.50",,"0",,,,,,,,,,,,,,
"35352678","Gatorade Zero Sugar Thirst Quencher Berr","00052000043143","0","Drinks","8","$2.50",,"0",,,,,,,,,,,,,,
"35351626","Gatorade Zero Sugar Thirst Quencher Lemo","00052000043174","0","Drinks","8","$1.75",,"0",,,,,,,,,,,,,,
"36498460","Powerade Zero Sugar, Grape 20 Oz","00052000043273","0","Drinks","8","$3.50",,"0",,,,,,,,,,,,,,
"35352675","Gatorade Zero Sugar Thirst Quencher Glac","00052000043280","0","Drinks","8","$3.25",,"0",,,,,,,,,,,,,,
"35350696","GAT Zero Glacier Freeze 20oz","00052000043549","0","Drinks","8","$1.99",,"0",,,,"Gatorades",,,,,,,,,,
"35351625","Gatorade Zero Sugar Thirst Quencher Frui","00052000044263","0","Drinks","8","$1.75",,"0",,,,,,,,,,,,,,
"35351123","Gatorade Zero Sugar Thirst Quencher Grap","00052000044270","0","Drinks","8","$2.34",,"0",,,,,,,,,,,,,,
"44299519","GAT Zero Cool Blue 28oz","00052000047042","0","Drinks","8","$2.50",,"0",,,,"Gatorades",,,,,,,,,,
"35352202","Gatorade Zero Sugar Thirst Quencher Stra","00052000047059","0","Drinks","8","$1.75",,"0",,,,,,,,,,,,,,
"35352677","Gatorade Zero Sugar Thirst Quencher Cool","00052000047066","0","Drinks","8","$1.75",,"0",,,,,,,,,,,,,,
"35351843","Gatorade Zero Sugar Thirst Quencher Frui","00052000047745","0","Drinks","8","$1.75",,"0",,,,,,,,,,,,,,
"35353026","Gatorade Thirst Quencher Lightning Blast","00052000057980","0","Drinks","8","$2.75",,"0",,,,,,,,,,,,,,
"35352037","Gatorade Thirst Quencher Midnight Ice (2","00052000058024","0","Drinks","8","$3.49",,"0",,,,,,,,,,,,,,
"39259063","GAT Mash Cool Blue & Fruit Punch 28oz","00052000063400","0","Drinks","8","$2.50",,"0",,,,"Gatorades",,,,,,,,,,
"39259050","GAT Mash Lemon Lime & Orange 28oz","00052000063424","0","Drinks","8","$2.50",,"0",,,,"Gatorades",,,,,,,,,,
"49449478","Gatorade 28 ozLow sugar","00052000067798","0","Drinks","8","$2.50",,"0",,,,,,,,,,,,,,
"44299518","GAT Lower Sugar Glacier Cherry 28oz","00052000067811","0","Drinks","8","$2.50",,"0",,,,"Gatorades",,,,,,,,,,
"35351044","Gatorade G Series Glacier Cherry 28 Oz","00052000102413","0","Grocery Non-taxable","3","$3.85",,"0",,,,,,,,,,,,,,
"39030085","Gatorade Frost Thirst Quencher Glacier C","00052000102451","0","Drinks","8","$2.49",,"0",,,,,,,,,,,,,,
"35352569","GAT Glacier Cherry 20oz","00052000102475","0","Drinks","8","$1.99",,"0",,,,"Gatorades",,,,,,,,,,
"35351029","Gatorade G Series Blue Cherry 28 Oz","00052000104103","0","Grocery Non-taxable","3","$3.85",,"0",,,,,,,,,,,,,,
"35352695","Gatorade Thirst Quencher Green Apple (28","00052000104110","0","Drinks","8","$2.50",,"0",,,,,,,,,,,,,,
"35352245","Gatorade Fierce Thirst Quencher Blue Che","00052000104141","0","Drinks","8","$1.75",,"0",,,,,,,,,,,,,,
"35351578","Gatorade Thirst Quencher Lime Cucumber 2","00052000133264","0","Drinks","8","$2.49",,"0",,,,,,,,,,,,,,
"35351698","Gatorade G Serie Lime Cucumber 28 Oz","00052000135084","0","Grocery Non-taxable","3","$3.64",,"0",,,,,,,,,,,,,,
"35352871","GAT Fruit Punch 28oz","00052000135138","0","Drinks","8","$2.50",,"0",,,,"Gatorades",,,,,,,,,,
"35352352","GAT Orange 28oz","00052000135145","0","Drinks","8","$2.50",,"0",,,,"Gatorades",,,,,,,,,,
"35352931","GAT Lemon Lime 28oz","00052000135152","0","Drinks","8","$2.50",,"0",,,,"Gatorades",,,,,,,,,,
"35350526","Gatorade Grape 28 Oz","00052000135169","0","Drinks","8","$3.59",,"0",,,,,,,,,,,,,,
"35351949","GAT Cool Blue 28oz","00052000135176","0","Drinks","8","$2.50",,"0",,,,"Gatorades",,,,,,,,,,
"35352872","GAT Glacier Freeze 28oz","00052000135190","0","Drinks","8","$2.50",,"0",,,,"Gatorades",,,,,,,,,,
"35351681","Gatorade Fierce Strawberry 28 Oz","00052000135282","0","Grocery Non-taxable","3","$3.85",,"0",,,,,,,,,,,,,,
"35910367","GAT Lemon Lime 20oz","00052000208054","0","Drinks","8","$1.99",,"0",,,,"Gatorades",,,,,,,,,,
"35352888","GAT Fruit Punch 20oz","00052000208061","0","Drinks","8","$1.99",,"0",,,,"Gatorades",,,,,,,,,,
"35352673","GAT Orange 20oz","00052000208078","0","Drinks","8","$1.99",,"0",,,,"Gatorades",,,,,,,,,,
"35352987","GAT Galcier Freeze 20oz","00052000208085","0","Drinks","8","$1.99",,"0",,,,"Gatorades",,,,,,,,,,
"35352069","Gatorade Thirst Quencher Riptide Rush (2","00052000208092","0","Drinks","8","$1.75",,"0",,,,,,,,,,,,,,
"35351539","GAT Grape 20oz","00052000208429","0","Drinks","8","$1.99",,"0",,,,"Gatorades",,,,,,,,,,
"40808792","GAT Cool Blue 20oz","00052000208443","0","Drinks","8","$1.99",,"0",,,,"Gatorades",,,,,,,,,,
"35352772","Gatorade Thirst Quencher Cool Blue 20 Fl","00052000324815","0","Drinks","8","$1.75",,"0",,,,,,,,,,,,,,
"35352668","Gatorade Fierce Thirst Quencher Grape (2","00052000324822","0","Drinks","8","$1.75",,"0",,,,,,,,,,,,,,
"35352117","Gatorade Frost Thirst Quencher Glacier F","00052000324860","0","Drinks","8","$2.50",,"0",,,,,,,,,,,,,,
"43349903","Gatorade Thirst Quencher","00052000324884","0","Drinks","8","$1.75",,"0",,,,,,,,,,,,,,
"35352745","Gatorade Thirst Quencher Fruit Punch 20","00052000328660","0","Drinks","8","$1.75",,"0",,,,,,,,,,,,,,
"35350867","Gatorade G Series 02 Perform Orange 20.0","00052000328677","0","Grocery Non-taxable","3","$2.50",,"0",,,,,,,,,,,,,,
"35352634","Gatorade Thirst Quencher Lemon Lime 20 F","00052000328684","0","Drinks","8","$1.75",,"0",,,,,,,,,,,,,,
"35350810","High Gravity Very Smooth Larger Beer 16","00052300001461","0","Alcohol","5","$1.64",,"0",,,,,,,,,,,,,,
"35350786","Schlitz Malt Liquor O.m.l 16 Oz","00052300003267","0","Alcohol","5","$1.63",,"0",,,,"Gold Coast",,,,,,,,,,
"35350446","Hydrogen Peroxide","00052569139653","0","Gen Merch","10","$2.00",,"0",,,,,,,,,,,,,,
"35350992","Scott 1","00054000472190","0","Household","6","$1.50",,"0",,,,,,,,,,,,,,
"40624845","Grace Jerk Seasoning Jamaican Hot","00055270851333","0","General Food","7","$4.99",,"0",,,,,,,,,,,,,,
"44152817","JELLO","00055415845104","0","General Food","7","$3.15",,"0",,,,,,,,,,,,,,
"42497692","Cry Baby Sour Gum 0.64 Oz.","00059642906737","0","Candy","22","$0.99",,"0",,,,,,,,,,,,,,
"35351703","Chef Boyardee Chicken Alfredo (15 Oz)","00064144020737","0","General Food","7","$2.49",,"0",,,,,,,,,,,,,,
"43877928","Cba Lasagna 15 Oz","00064144043040","0","Grocery Non-taxable","3","$2.49",,"0",,,,,,,,,,,,,,
"36470616","Chef Boy Beef Ravioli","00064144043156","0","General Food","7","$2.49",,"0",,,,,,,,,,,,,,
"43877922","Cba Spaghetti & Meatballs 14.5oz","00064144043224","0","Snacks","9","$2.49",,"0",,,,,,,,,,,,,,
"35350796","Chef Boyardee:with Pork, Chicken And Bee","00064144043354","0","General Food","7","$2.99",,"0",,,,,,,,,,,,,,
"35352747","Nestle Life Pure Life","00068274000065","0","Drinks","8","$1.25",,"0",,,,,,,,,,,,,,
"37931445","Nestle Pure Life Water 16 Oz Case of 40","00068274735332","0","Drinks","8","$15.00",,"0",,,,,,,,,,,,,,
"35352057","Oral-b Toothbrush","00069055129968","0","Household","6","$7.50",,"0",,,,,,,,,,,,,,
"35352946","Black & Mild OG Plastic 5Pk","00070137000181","0","Tobacco","4","$5.50",,"0",,,,"Nepa Wholesale,Black & Mild",,,,,,,,,,
"35352635","Black & Mild Wine Plastic Tip 5Pk","00070137000235","0","Tobacco","4","$5.50",,"0",,,,"Nepa Wholesale,Black & Mild",,,,,,,,,,
"44026526","Black & Mild cigar single","00070137005186","0","Tobacco","4","$30.00",,"0",,,,,,,,,,,,,,
"39705022","Black & Mild Wine","00070137005230","0","Tobacco","4","$5.50",,"0",,,,,,,,,,,,,,
"35352341","Black & Mild OG Wood Tip 5Pk","00070137005254","0","Tobacco","4","$6.00",,"0",,,,"Nepa Wholesale,Black & Mild",,,,,,,,,,
"35352930","Black & Mild Wine Wood Tip 5Pk","00070137005292","0","Tobacco","4","$6.00",,"0",,,,"Nepa Wholesale,Black & Mild",,,,,,,,,,
"35353012","Black & Mild OG Plastic 1ct","00070137100188","0","Tobacco","4","$1.40",,"0",,,,"Nepa Wholesale,Black & Mild",,,,,,,,,,
"35353069","Black & Mild Wine Plastic Tip 1Ct","00070137105237","0","Tobacco","4","$1.40",,"0",,,,"Nepa Wholesale,Black & Mild",,,,,,,,,,
"35352636","Black & Mild OG Wood Tip 1ct","00070137105251","0","Tobacco","4","$1.40",,"0",,,,"Nepa Wholesale,Black & Mild",,,,,,,,,,
"35352743","Black & Mild Wine Wood Tip 1ct","00070137105299","0","Tobacco","4","$1.40",,"0",,,,"Nepa Wholesale,Black & Mild",,,,,,,,,,
"35351859","Black & Mild Select","00070137105381","0","Tobacco","4","$1.40",,"0",,,,,,,,,,,,,,
"35352969","Black And Mild Jazz Plastic Tip 1Ct","00070137111214","0","Tobacco","4","$1.40",,"0",,,,"Nepa Wholesale,Black & Mild",,,,,,,,,,
"35351302","Black & Mild Jazz Wood Tip 1ct","00070137111221","0","Tobacco","4","$1.40",,"0",,,,"Nepa Wholesale,Black & Mild",,,,,,,,,,
"35351210","Black & Mild Jazz 1","00070137111375","0","Tobacco","4","$0.89",,"0",,,,,,,,,,,,,,
"35350898","Black & Mild Jazz 1","00070137111399","0","Tobacco","4","$1.21",,"0",,,,,,,,,,,,,,
"35351162","Black & Mild Casino 1 Pk","00070137112471","0","Tobacco","4","$1.40",,"0",,,,,,,,,,,,,,
"35351042","Black & Mild Jazz 1","00070137112655","0","Tobacco","4","$1.17",,"0",,,,,,,,,,,,,,
"35352322","Blackmildsweets","00070137114918","0","Tobacco","4","$1.20",,"0",,,,,,,,,,,,,,
"35352650","Black & Mild Ft","00070137115236","0","Tobacco","4","$0.69",,"0",,,,,,,,,,,,,,
"35352643","Black And Mild Sweet Ft 1ct","00070137115243","0","Tobacco","4","$0.69",,"'-2",,,,,,,,,,,,,,
"49449261","B&M $.99 FLTTIP 1PK SWEET","00070137115618","0","Tobacco","4","$0.99",,"0",,,,,,,,,,,,,,
"35352225","Black & Mild Ft","00070137213376","0","Tobacco","4","$2.75",,"0",,,,,,,,,,,,,,
"45774900","Blk mld Sweets Filt Tip Pack","00070137213727","0","Tobacco","4","$2.75",,"4",,,,,,,,,,,,,,
"35352810","Black And Mild Jazz Plastic tip 5Pk","00070137215592","0","Tobacco","4","$5.50",,"0",,,,"Nepa Wholesale,Black & Mild",,,,,,,,,,
"35351686","Black And Mild Sweet Wood Tip","00070137215639","0","Tobacco","4","$1.02",,"0",,,,,,,,,,,,,,
"38908281","Black & Mild Orig Cigar Pack","00070137500186","0","Tobacco","4","$50.00",,"0",,,,,,,,,,,,,,
"44026519","Black&Mild Wood Tip","00070137525257","0","Tobacco","4","$32.96",,"0",,,,,,,,,,,,,,
"35351185","Black & Mild Ft","00070137831327","0","Tobacco","4","$2.50",,"0",,,,,,,,,,,,,,
"35351483","Black & Mild Ft Pack","00070137831426","0","Tobacco","4","$2.99",,"0",,,,,,,,,,,,,,
"48459029","Black & Mild Wine $1.19","00070137832324","0","Tobacco","4","$1.19",,"0",,,,"Nepa Wholesale,Black & Mild",,,,,,,,,,
"35351595","Black & Mild 5 Cigars Pack Wine","00070137839729","0","Tobacco","4","$5.50",,"0",,,,,,,,,,,,,,
"35351894","Black & Mild Jazz Wood Tip","00070137839828","0","Tobacco","4","$1.00",,"0",,,,,,,,,,,,,,
"35352377","Twinings Lemon N Ginger Tea 20 Bags 1.06","00070177075101","0","General Food","7","$5.99",,"0",,,,,,,,,,,,,,
"35352402","Scripto Lighter","00070257001372","0","Grocery Non-taxable","3","$1.25",,"0",,,,,,,,,,,,,,
"35351766","Bic Small Lighter","00070330000025","0","Household","6","$1.45",,"0",,,,,,,,,,,,,,
"35350985","Bic Disposable Lighter 1.00 Ea","00070330600065","0","Household","6","$2.25",,"0",,,,,,,,,,,,,,
"35353070","Bic Lighter Big","00070330603158","0","Non-Tax","1","$2.25",,"0",,,,,,,,,,,,,,
"35350640","Bic Lighter Mini","00070330643321","0","Household","6","$2.00",,"0",,,,,,,,,,,,,,
"45868915","Bic lighter with mini case","00070330655065","0","Grocery Non-taxable","3","$2.38",,"0",,,,,,,,,,,,,,
"37107500","Sour Patch:kids Tropical 3.5 Oz","00070462002027","0","Snacks","9","$2.05",,"0",,,,,,,,,,,,,,
"36413939","Sour Patch","00070462006599","0","Snacks","9","$2.75",,"0",,,,,,,,,,,,,,
"36350480","SOUR PATCH","00070462006605","0","Snacks","9","$2.50",,"0",,,,,,,,,,,,,,
"35351562","Sour Patch Tropical Candy 3.6 Oz","00070462006629","0","Snacks","9","$2.05",,"0",,,,,,,,,,,,,,
"36024331","Sour patch","00070462007916","0","Non-Tax","1","$2.50",,"0",,,,,,,,,,,,,,
"35351390","Sour Patch Strawberry Candy 3.6 Oz","00070462008876","0","Snacks","9","$2.05",,"0",,,,,,,,,,,,,,
"35352046","Sour Patch Grape Candy 3.58 Oz","00070462009019","0","Snacks","9","$2.05",,"0",,,,,,,,,,,,,,
"42397407","Sour patch peach","00070462009217","0","Snacks","9","$2.50",,"0",,,,,,,,,,,,,,
"35352339","Sour Patch Lemonade Fest Candy 3.61 Oz","00070462010916","0","Snacks","9","$2.05",,"0",,,,,,,,,,,,,,
"43811201","Sour patch, kids besties 3.18oz","00070462015591","0","Candy","22","$2.25",,"0",,,,"Plenty Prices Florida",,,,,,,,,,
"36071825","Sour Patch Kd Wtrmln Thea","00070462082517","0","General Food","7","$2.50",,"0",,,,,,,,,,,,,,
"35351310","Sour Patch:kids 3.5 Oz","00070462098358","0","Snacks","9","$2.05",,"0",,,,,,,,,,,,,,
"35352680","Sour Patch Kids:sour Then Sweet 2.00 Oz","00070462098501","0","Grocery Non-taxable","3","$1.75",,"0",,,,,,,,,,,,,,
"35352735","Sour Patch:watermelon 2.00 Oz","00070462098525","0","Grocery Non-taxable","3","$1.75",,"0",,,,,,,,,,,,,,
"35352259","Yoplait Yogurt Strawberry (6 Oz)","00070470003009","0","Dairy","12","$1.20",,"0",,,,,,,,,,,,,,
"35351957","Yoplait Yogurt Harvest Peach (6 Oz)","00070470003078","0","Dairy","12","$1.20",,"0",,,,,,,,,,,,,,
"35352525","Yoplait Yogurt Strawberry Banana (6 Oz)","00070470003139","0","Dairy","12","$1.20",,"0",,,,,,,,,,,,,,
"35352403","Yoplait Yogurt Orange Creme (6 Oz)","00070470003191","0","Dairy","12","$1.20",,"0",,,,,,,,,,,,,,
"42771362","YOPLAIT","00070470343488","0","General Food","7","$1.50",,"0",,,,,,,,,,,,,,
"35352239","Yoplait Strawberry 6 Oz","00070470409610","0","Dairy","12","$1.20",,"0",,,,,,,,,,,,,,
"39151611","PEACH YOUGURT","00070470409665","0","Grocery Non-taxable","3","$1.25",,"0",,,,,,,,,,,,,,
"35352065","Bomb Pop Ice Lolly (3.5 Fl Oz)","00070640013791","0","Ice Cream","11","$2.20",,"0",,,,,,,,,,,,,,
"35352604","Nerds","00070640023424","0","Ice Cream","11","$2.85",,"0",,,,,,,,,,,,,,
"35352294","Nissin Cup Noodles Chicken Flavor 2.25 O","00070662030035","0","General Food","7","$1.25",,"0",,,,,,,,,,,,,,
"35352080","Nissin Chow Mein Teriyaki Beef Flavor 4","00070662087206","0","General Food","7","$2.50",,"0",,,,,,,,,,,,,,
"35351999","Nissin Chow Mein Chicken Flavor 4 Fl Oz","00070662087213","0","General Food","7","$2.50",,"0",,,,,,,,,,,,,,
"35352100","Nissin Choe Mein Teriyaki Beef Flavor 4","00070662087237","0","General Food","7","$2.50",,"0",,,,,,,,,,,,,,
"35351863","Nissin Chow Mein Teriyaki Chicken Flavor","00070662087299","0","General Food","7","$2.50",,"0",,,,,,,,,,,,,,
"35352407","Hot & Spicy Chicken Flavor","00070662096314","0","General Food","7","$2.25",,"0",,,,,,,,,,,,,,
"35351099","Top Ramenhot Pot Fusions Korean Spicy Be","00070662302019","0","General Food","7","$3.50",,"0",,,,,,,,,,,,,,
"35350441","Deli Market Rellow Mustard 20 Fl Oz","00070845002033","0","General Food","7","$2.79",,"0",,,,,,,,,,,,,,
"35350642","Vinegar","00070845005607","0","Grocery Non-taxable","3","$2.75",,"0",,,,,,,,,,,,,,
"44152278","Monster Zero Sugar 24/16o","00070847000037","0","Drinks","8","$3.32",,"0",,,,,,,,,,,,,,
"35352723","Monster Zero Ultra 16 Fl","00070847012474","0","Soda/Energy Beverages","19","$3.32",,"0",,,,,,,,,,,,,,
"35352126","Monster Zero Sugar Ultra Blue Energy Dri","00070847016205","0","Soda/Energy Beverages","19","$3.10",,"0",,,,,,,,,,,,,,
"35351506","Monster Zero Sugar Ultra Red 16 Fl Oz","00070847017554","0","Soda/Energy Beverages","19","$3.32",,"0",,,,,,,,,,,,,,
"36134595","Monster Energy Ultra Sunr","00070847020905","0","Soda/Energy Beverages","19","$3.32",,"0",,,,,,,,,,,,,,
"42610315","Monster Energy Drink Ultra Violet 16 Oz","00070847027324","0","Soda/Energy Beverages","19","$3.32",,"0",,,,,,,,,,,,,,
"35350848","Monster Juice Mango Loco 16 Fl Oz","00070847029014","0","Soda/Energy Beverages","19","$3.32",,"0",,,,,,,,,,,,,,
"36134599","Monster peachy 16oz","00070847029427","0","Soda/Energy Beverages","19","$3.32",,"0",,,,,,,,,,,,,,
"35350566","Nitro","00070847037750","0","Grocery Non-taxable","3","$2.99",,"0",,,,,,,,,,,,,,
"35350805","Ultra Bold 16oz","00070847037804","0","Grocery Non-taxable","3","$3.19",,"0",,,,,,,,,,,,,,
"35353043","Monster Original 16oz","00070847811169","0","Soda/Energy Beverages","19","$3.32",,"0",,,,"Nepa Wholesale",,,,,,,,,,
"42610319","Monster Blue Lo Carb","00070847811268","0","Soda/Energy Beverages","19","$3.32",,"0",,,,,,,,,,,,,,
"42610313","Monster Java Mean Bean 12","00070847812609","0","Soda/Energy Beverages","19","$3.32",,"0",,,,,,,,,,,,,,
"44149316","Monster Java Loca Mocha 1","00070847812715","0","Soda/Energy Beverages","19","$3.32",,"0",,,,,,,,,,,,,,
"35352340","Monster Zero Sugar Ultra Strawberry Drea","00070847891857","0","Soda/Energy Beverages","19","$3.32",,"0",,,,,,,,,,,,,,
"35351909","Monster Zero Sugar Ultra Fantasy Ruby Re","00070847896180","0","Soda/Energy Beverages","19","$3.32",,"0",,,,,,,,,,,,,,
"35352032","Monster Zero Sugar Ultra Vice Guava Ener","00070847898146","0","Soda/Energy Beverages","19","$3.10",,"0",,,,,,,,,,,,,,
"35351914","Monster Zero Sugar Ultra Blue Hawaiian E","00070847898245","0","Soda/Energy Beverages","19","$3.10",,"0",,,,,,,,,,,,,,
"35352185","Rough Rider","00070907086315","0","Vitamins/medicine","14","$1.50",,"0",,,,,,,,,,,,,,
"35351479","Small Toilet Paper","00070923466238","0","Household","6","$1.17",,"0",,,,,,,,,,,,,,
"35352835","Duchess Honey Bun Glazed 3.00 Fl Oz","00070953701002","0","Ultra-Processed Prep Desserts","23","$1.45",,"0",,,,,,,,,,,,,,
"35350605","Jumbo","00070953703051","0","General Food","7","$1.85",,"0",,,,,,,,,,,,,,
"35352825","Duchess:jumbo Honeybun Glazed 5oz","00070953704508","0","Ultra-Processed Prep Desserts","23","$1.85",,"0",,,,,,,,,,,,,,
"35351059","Duchess: Sugar Donuts 3.00 Oz","00070953891031","0","Grocery Non-taxable","3","$1.99",,"0",,,,,,,,,,,,,,
"35352040","Hot Tamales 5.0 Oz","00070970472572","0","Snacks","9","$3.00",,"0",,,,"A & J",,,,,,,,,,
"35351459","Chifles Plantain Chips 2.50 Oz","00071026112756","0","Snacks","9","$1.90",,"0",,,,,,,,,,,,,,
"35350942","Stp Gas Treatment 5.25 Oz","00071153785731","0","Household","6","$2.99",,"0",,,,,,,,,,,,,,
"35352450","Colt 45 Original (Wht) 16oz Can","00071250000171","0","Alcohol","5","$1.64",,"0",,,,"Gold Coast",,,,,,,,,,
"35351177","Colt 45 High Gravity(Blk) 16oz Can","00071250400131","0","Alcohol","5","$1.64",,"0",,,,"Gold Coast",,,,,,,,,,
"36466260","Zatarainscornbread Mix Honey Butter","00071429013193","0","Grocery Non-taxable","3","$3.50",,"0",,,,,,,,,,,,,,
"35352095","Rolling Rock (12 Fl Oz)","00071439000060","0","Alcohol","5","$1.25",,"0",,,,"Eagle Brands Sales",,,,,,,,,,
"35351389","Rolling Rock 12oz Btl Sngl","00071439000336","0","Alcohol","5","$1.40",,"0",,,,"Eagle Brands Sales",,,,,,,,,,
"35351418","Rolling Rock 16fl Can","00071439006000","0","Alcohol","5","$1.78",,"0",,,,"Eagle Brands Sales",,,,,,,,,,
"35351602","Rolling Rock 12oz 12pk Btl","00071439457123","0","Alcohol","5","$14.95",,"0",,,,"Eagle Brands Sales",,,,,,,,,,
"35352718","Polar Seltzer Original (20 Fl Oz)","00071537060201","0","Drinks","8","$2.99",,"0",,,,"Seven Up Snapple",,,,,,,,,,
"35352717","Polar Seltzer Lime (20 Fl Oz)","00071537060355","0","Drinks","8","$2.99",,"0",,,,"Seven Up Snapple",,,,,,,,,,
"37891966","MOTHGUARD","00071555804016","0","Grocery Non-taxable","3","$5.00",,"0",,,,,,,,,,,,,,
"35351600","Backwoods Black Russian Cream Pack Of 5","00071610202658","0","Tobacco","4","$5.37",,"3",,,,"Nepa Wholesale",,,,,,,,,,
"43231711","Backwoods Black Russian ct 1","00071610202665","0","Tobacco","4","$1.26",,"0",,,,"Nepa Wholesale",,,,,,,,,,
"35351946","Backwoods Cognag 5 Cigars","00071610202832","0","Tobacco","4","$5.37",,"6",,,,"Nepa Wholesale",,,,,,,,,,
"40524207","Backwoods Honey 1 Ct","00071610203013","0","Tobacco","4","$1.26",,"0",,,,"Nepa Wholesale",,,,,,,,,,
"35350686","Dutch 1","00071610203037","0","Tobacco","4","$1.20",,"0",,,,"Sams Tobacco",,,,,,,,,,
"35352438","Backwoods Banana Pack Of 5","00071610203099","0","Tobacco","4","$5.37",,"2",,,,"Nepa Wholesale",,,,,,,,,,
"35351073","Butch","00071610203259","0","Tobacco","4","$0.99",,"0",,,,,,,,,,,,,,
"35350608","Backwoods Gen Now Pack Of 5 5.00 Ct","00071610203310","0","Tobacco","4","$5.37",,"5",,,,"Nepa Wholesale",,,,,,,,,,
"35352452","Dutch Java","00071610203600","0","Tobacco","4","$1.29",,"0",,,,"Sams Tobacco",,,,,,,,,,
"35352320","Silver","00071610203617","0","Tobacco","4","$1.29",,"0",,,,,,,,,,,,,,
"35352451","Dutch 4","00071610203624","0","Tobacco","4","$1.29",,"0",,,,"Sams Tobacco",,,,,,,,,,
"35352917","Berry 7","00071610203648","0","Tobacco","4","$1.29",,"0",,,,"Nepa Wholesale",,,,,,,,,,
"35353015","Dutch Blue Dream","00071610203655","0","Tobacco","4","$1.29",,"0",,,,"Sams Tobacco,Nepa Wholesale",,,,,,,,,,
"35353019","Dutch Honey","00071610203662","0","Tobacco","4","$1.29",,"0",,,,"Sams Tobacco,Nepa Wholesale",,,,,,,,,,
"35352952","Dutch Irish Fusion 1","00071610203679","0","Tobacco","4","$1.29",,"0",,,,"Sams Tobacco,Nepa Wholesale",,,,,,,,,,
"35352453","Dutch Gold Fusion","00071610203686","0","Tobacco","4","$1.29",,"0",,,,"Sams Tobacco,Nepa Wholesale",,,,,,,,,,
"35351560","Fusion","00071610203693","0","Tobacco","4","$1.29",,"0",,,,,,,,,,,,,,
"35351643","Backwoods Honey Pack Of 5 8 5 Ct","00071610301832","0","Tobacco","4","$5.37",,"35",,,,"Nepa Wholesale",,,,,,,,,,
"35351981","Backwoods Honey Box","00071610301849","0","Tobacco","4","$42.55",,"0",,,,,,,,,,,,,,
"35353031","Backwoods Honey Berry Pack Of 5 5.00 Ct","00071610301863","0","Tobacco","4","$5.44",,"9",,,,"Nepa Wholesale",,,,,,,,,,
"35352567","Backwoods Original Pack Of 5 5.00 Ct","00071610301894","0","Tobacco","4","$5.37",,"8",,,,"Nepa Wholesale",,,,,,,,,,
"35352394","Backwoods Sweet Aromatic Pack Of 5 5.00","00071610301924","0","Tobacco","4","$5.37",,"0",,,,"Nepa Wholesale",,,,,,,,,,
"35351795","Backwoods Original Cigar 1 Ct","00071610301955","0","Tobacco","4","$1.26",,"43",,,,"Nepa Wholesale",,,,,,,,,,
"35352022","Backwoods Sweet Aromatic Cigar 1 Ct","00071610301986","0","Tobacco","4","$1.26",,"0",,,,"Nepa Wholesale",,,,,,,,,,
"35351056","Backwoods Honey Berry Cigar 1 Ct","00071610302037","0","Tobacco","4","$1.30",,"0",,,,"Nepa Wholesale",,,,,,,,,,
"35352279","Backwoods Honey Bourbon Pack Of 5 5 Ciga","00071610302266","0","Tobacco","4","$5.37",,"8",,,,"Nepa Wholesale",,,,,,,,,,
"35350581","Backwoods Honey Bourbon Cigar 1 Ct","00071610302297","0","Tobacco","4","$1.26",,"0",,,,"Nepa Wholesale",,,,,,,,,,
"35352420","Backwoods Russian Cream Pack Of 5 Ea","00071610302792","0","Tobacco","4","$5.37",,"14",,,,"Nepa Wholesale",,,,,,,,,,
"35352805","Russian Cream","00071610303065","0","Tobacco","4","$1.24",,"0",,,,,,,,,,,,,,
"40680994","Dutch berry fushion single box","00071610440715","0","Tobacco","4","$19.50",,"0",,,,"Sams Tobacco",,,,,,,,,,
"35351985","Dutch Irish Box","00071610440746","0","Tobacco","4","$19.50",,"0",,,,"Sams Tobacco",,,,,,,,,,
"35351764","Dutch Master Palma","00071610494688","0","Tobacco","4","$1.69",,"0",,,,"Sams Tobacco",,,,,,,,,,
"35351271","Dutch Masters Sweet Greek 3 Cigars","00071610496286","0","Tobacco","4","$2.23",,"0",,,,"Sams Tobacco,Nepa Wholesale",,,,,,,,,,
"35352702","Dutch Masters Chocolate 3 Cigars","00071610498532","0","Tobacco","4","$2.92",,"0",,,,"Sams Tobacco,Nepa Wholesale",,,,,,,,,,
"35352432","Dutch Masters: Palma Cigar","00071610499072","0","Tobacco","4","$1.99",,"0",,,,"Sams Tobacco",,,,,,,,,,
"35351142","Dutch Master Wine","00071610499454","0","Tobacco","4","$2.92",,"0",,,,"Sams Tobacco,Nepa Wholesale",,,,,,,,,,
"35352821","Dutch Masters Palma","00071610499492","0","Tobacco","4","$2.92",,"0",,,,"Sams Tobacco,Nepa Wholesale",,,,,,,,,,
"35350842","Dutch Masters Masters Collection Green C","00071610499539","0","Tobacco","4","$2.80",,"0",,,,"Sams Tobacco",,,,,,,,,,
"43877787","Mobil 1 Motor Oil 5w20","00071924149755","0","Household","6","$8.88",,"0",,,,,,,,,,,,,,
"35351684","Mobil 1 10w-30","00071924248113","0","Household","6","$8.88",,"0",,,,,,,,,,,,,,
"35351325","Mobil 1 5w-30","00071924248120","0","Household","6","$8.88",,"0",,,,,,,,,,,,,,
"44138037","Mobil 1 Oil 0w20","00071924449688","0","Household","6","$8.88",,"0",,,,,,,,,,,,,,
"35350915","Coors Light 12oz Btl Sngl","00071990000004","0","Alcohol","5","$1.39",,"0",,,,"Gold Coast",,,,,,,,,,
"35350880","Coors Light 6pk 12.00 Fl Oz","00071990000080","0","Alcohol","5","$0.97",,"0",,,,"Gold Coast",,,,,,,,,,
"41093321","Coors Light 3/8 16 Oz Can","00071990170462","0","Alcohol","5","$14.35",,"0",,,,"Gold Coast",,,,,,,,,,
"35352582","Coors Light 12oz 6pk Btl","00071990300050","0","Alcohol","5","$10.55",,"0",,,,"Gold Coast",,,,,,,,,,
"35352212","Coors Light Can (24 Fl Oz)","00071990300654","0","Alcohol","5","$3.73",,"0",,,,"Gold Coast",,,,,,,,,,
"35352583","Coors Light 16oz Can","00071990302023","0","Alcohol","5","$1.96",,"0",,,,"Gold Coast",,,,,,,,,,
"47657466","Cheese Danish","00072030023014","0","General Food","7","$2.99",,"0",,,,,,,,,,,,,,
"35350648","Entenmanns Chocolate Chip Cookies 3.5 Oz","00072030023618","0","Ultra-Processed Prep Desserts","23","$2.00",,"0",,,,,,,,,,,,,,
"35350572","Entenmanns Donut Cake","00072030025278","0","Grocery Non-taxable","3","$3.00",,"0",,,,,,,,,,,,,,
"41154036","Cake","00072030960418","0","Snacks","9","$0.89",,"0",,,,,,,,,,,,,,
"35352660","Yoohoo Chocolate Drink 11 Fl Oz","00072350000078","0","Drinks","8","$1.25",,"0",,,,,,,,,,,,,,
"35350911","Yoo-hoo Chocolate Drink 15.50 Fl Oz","00072350000115","0","Drinks","8","$2.35",,"0",,,,,,,,,,,,,,
"35351996","Yoohoo Chocolate Drink 12 Fl Oz","00072350020533","0","Drinks","8","$1.75",,"0",,,,,,,,,,,,,,
"35351068","Yoohoo 4 Pack 12 Fl Oz Bottles - 48 Fl O","00072350020540","0","Drinks","8","$6.75",,"0",,,,,,,,,,,,,,
"37971384","PIC Corporation Mouse Trap Wooden","00072477981137","0","Gen Merch","10","$1.49",,"0",,,,,,,,,,,,,,
"36464026","Jiffy Corn Muffin Mix","00072486010729","0","Grocery Non-taxable","3","$1.12",,"0",,,,,,,,,,,,,,
"35352053","Frollies Pop Ups Orange Ice Lolly (2.75","00072554000089","0","Ice Cream","11","$2.50",,"0",,,,,,,,,,,,,,
"35351345","Drumstick Vanilla 4.6 Fl Oz","00072554001604","0","Ice Cream","11","$2.75",,"0",,,,,,,,,,,,,,
"35350483","Drumstick Vanilla Caramel","00072554001628","0","Ice Cream","11","$2.50",,"0",,,,,,,,,,,,,,
"35350482","Drumstick Vanilla Fudge","00072554001697","0","Ice Cream","11","$2.50",,"0",,,,,,,,,,,,,,
"38919632","Nestlé Ice Cream Sandwich","00072554110931","0","Ice Cream","11","$2.20","$1.27","'-23",,,,"Valentini",,,,,,,,,,
"37924824","OREO KING SIZE","00072554159725","0","Ice Cream","11","$3.60",,"0",,,,,,,,,,,,,,
"35350685","Big Drum Ice Cream Cone","00072554218606","0","Ice Cream","11","$4.10","$2.41","'-1",,,,"Valentini",,,,,,,,,,
"35350994","Drumstick:king Size Triple Chocolate 1","00072554218903","0","Ice Cream","11","$4.10","$2.41","1",,,,"Valentini",,,,,,,,,,
"35352799","OREO SANDWICH","00072554335358","0","Ice Cream","11","$4.10","$2.41","5",,,,"Valentini",,,,,,,,,,
"35353025","Herr's Honey Cheese Curls 1 Oz","00072600002081","0","Snacks","9","$0.80",,"0",,,,,,,,,,,,,,
"48784332","Herr's SCO Chips 1oz","00072600005761","0","Snacks","9","$0.85","$0.58","0",,,,"Riega Snacks",,,,,,,,,,
"35352756","Herr's:potato Chips, Salt & Vinegar 1.00","00072600006225","0","Snacks","9","$0.80",,"0",,,,,,,,,,,,,,
"35350947","Herr's Hot N Honey Cheese 1oz","00072600007185","0","Snacks","9","$0.85","$0.58","0",,,,"Riega Snacks",,,,,,,,,,
"35350660","Herr's:tortilla Chips, Monterey Jack And","00072600007727","0","Grocery Non-taxable","3","$2.69",,"0",,,,,,,,,,,,,,
"35353050","Herr's Honey Bbq Potato Chips 1oz","00072600008861","0","Snacks","9","$0.85","$0.58","0",,,,"Riega Snacks",,,,,,,,,,
"39015973","Herr's Creamy Dill Pickle 1oz","00072600012288","0","Snacks","9","$0.85","$0.58","0",,,,"Riega Snacks",,,,,,,,,,
"39246773","Herr's Buffalo Blue Cheese Curls 1oz","00072600021006","0","Snacks","9","$0.85","$0.58","0",,,,"Riega Snacks",,,,,,,,,,
"35352246","Herr's Jalapeno Poppers 1 Fl Oz","00072600023079","0","Snacks","9","$0.81",,"0",,,,,,,,,,,,,,
"35352500","Hers Curls","00072600081772","0","Snacks","9","$2.69",,"0",,,,,,,,,,,,,,
"35350452","Mouthwash","00072785140431","0","Household","6","$3.38",,"0",,,,,,,,,,,,,,
"35351151","Magic Shaving Powder 4.5 Oz","00072790000126","0","Household","6","$3.99",,"0",,,,,,,,,,,,,,
"35351152","Magic Extra Strength Shaving Powder 4.5","00072790000164","0","Household","6","$3.99",,"0",,,,,,,,,,,,,,
"35350979","Pin","00072879284744","0","Grocery Non-taxable","3","$4.25",,"0",,,,,,,,,,,,,,
"35350527","Heineken 12oz Can","00072890000002","0","Alcohol","5","$2.45",,"0",,,,"Gold Coast",,,,,,,,,,
"37133299","Heineken cans 12oz 6pack","00072890000002","1","Alcohol","5","$12.69",,"0",,,,"Gold Coast",,,,,,,,,,
"35352405","Heineken 12oz Btl Sngl","00072890000019","0","Alcohol","5","$2.42",,"0",,,,"Gold Coast",,,,,,,,,,
"35352623","Heineken 12oz 6pk Btl","00072890000118","0","Alcohol","5","$12.75",,"0",,,,"Gold Coast",,,,,,,,,,
"35352428","Heineken 12oz 12pk Btl","00072890000163","0","Alcohol","5","$20.60",,"0",,,,"Gold Coast",,,,,,,,,,
"40523650","Promo 6-pack Heineken 12 Oz Bottle","00072890000163","1","Alcohol","5","$11.75",,"0",,,,"Gold Coast",,,,,,,,,,
"35352719","Heineken 12fl 12pack Can (12 Fl Oz X 12","00072890000200","0","Alcohol","5","$19.99",,"0",,,,"Gold Coast",,,,,,,,,,
"35352072","Heineken 7oz 6pk Btl","00072890000422","0","Alcohol","5","$10.00",,"0",,,,"Gold Coast",,,,,,,,,,
"35352854","Heineken 16oz 4pk Can","00072890000835","0","Alcohol","5","$10.64",,"0",,,,"Gold Coast",,,,,,,,,,
"35352852","Heineken Can (24 Fl Oz)","00072890001191","0","Alcohol","5","$4.35",,"0",,,,"Gold Coast",,,,,,,,,,
"35351347","Heineken 12oz 18pk Bottles","00072890001528","0","Alcohol","5","$28.04",,"0",,,,"Gold Coast",,,,,,,,,,
"35352487","Heineken 22oz Btl Sngl","00072890004789","0","Alcohol","5","$3.34",,"0",,,,"Gold Coast",,,,,,,,,,
"42492620","Heineken 1/18 12 Oz Can","00072890004949","0","Alcohol","5","$34.02",,"0",,,,"Gold Coast",,,,,,,,,,
"35964842","Heineken 16oz Can","00072890007162","0","Alcohol","5","$2.76",,"0",,,,"Gold Coast",,,,,,,,,,
"35350878","Seagram's Ginger Ale 20 Oz","00072979004174","0","Soda/Energy Beverages","19","$2.50",,"0",,,,,,,,,,,,,,
"35351579","Seagram's Ginger Ale 500 Ml","00072979004327","0","Soda/Energy Beverages","19","$1.69",,"0",,,,,,,,,,,,,,
"39029476","Pro-Line Corporation Super Comb-thru W H","00072982001078","0","Grocery Non-taxable","3","$4.50",,"0",,,,,,,,,,,,,,
"36594355","Tampax Super Tampon","00073010314092","0","Grocery Non-taxable","3","$3.50",,"0",,,,,,,,,,,,,,
"48784541","Uncle Rick's Pork Chili Limon 3oz","00073262012555","0","Snacks","9","$2.89","$1.99","0",,,,"Riega Snacks",,,,,,,,,,
"35352495","Pom Toiler Paper","00073310173504","0","Household","6","$1.25",,"0",,,,,,,,,,,,,,
"35351868","Shari Butterscotch Disks Hard Candy 5.5","00073380360019","0","Snacks","9","$2.80",,"0",,,,"A & J",,,,,,,,,,
"35352278","Shari Strawberry Rings Candy 4.5 Oz","00073380360552","0","Snacks","9","$2.80",,"0",,,,,,,,,,,,,,
"35352811","Ritz Cola 24 oz","00073385101303","0","Soda/Energy Beverages","19","$1.75","$0.89","0",,,,"BCI",,,,,,,,,,
"47648896","Ritz Cola 24oz ","00073385101341","0","Soda/Energy Beverages","19","$1.75","$0.96","0",,,,"BCI",,,,,,,,,,
"35352857","Ritz Grape 24oz","00073385102249","0","Soda/Energy Beverages","19","$1.75","$0.89","0",,,,"BCI",,,,,,,,,,
"35352953","Ritz Orange 24oz","00073385103307","0","Soda/Energy Beverages","19","$1.75","$0.89","0",,,,"BCI",,,,,,,,,,
"35352793","Ritz Strawberry 24oz","00073385110305","0","Soda/Energy Beverages","19","$1.75","$0.89","0",,,,"BCI",,,,,,,,,,
"35353011","Ritz Tropical Fruit Punch 24oz","00073385114303","0","Soda/Energy Beverages","19","$1.75","$0.89","0",,,,"BCI",,,,,,,,,,
"47648788","Ritz Tropical Fruit Punch 24oz","00073385114341","0","Soda/Energy Beverages","19","$1.75","$0.96","0",,,,"BCI",,,,,,,,,,
"35351255","Ritz","00073385124319","0","Soda/Energy Beverages","19","$1.60","$0.89","0",,,,"BCI",,,,,,,,,,
"35350986","Ritz Orange Pineapple 24oz","00073385124357","0","Soda/Energy Beverages","19","$1.75","$0.89","0",,,,"BCI",,,,,,,,,,
"48048415","Riza","00073385124364","0","Drinks","8","$1.75",,"0",,,,,,,,,,,,,,
"35352923","Ritz Champagne Cola 24oz","00073385128249","0","Soda/Energy Beverages","19","$1.75","$0.89","0",,,,"BCI",,,,,,,,,,
"35350792","Ritz Blue Ice 24 Oz","00073385134240","0","Soda/Energy Beverages","19","$1.75","$0.89","0",,,,"BCI",,,,,,,,,,
"35352924","Ritz Pina Colada 24oz","00073385144249","0","Soda/Energy Beverages","19","$1.75",,"0",,,,"BCI",,,,,,,,,,
"35351400","Mentos:the Chewy Mint, Mint 1.32 Oz","00073390000110","0","Candy","22","$1.75",,"0",,,,"Sams Club",,,,,,,,,,
"35352587","Mentos Fruit (1.32 Oz)","00073390000165","0","Candy","22","$1.75",,"0",,,,"Sams Club",,,,,,,,,,
"35350626","Mentos:chewy Mint, Green Apple 1.32 Oz","00073390001834","0","Grocery Non-taxable","3","$2.00",,"0",,,,,,,,,,,,,,
"35372801","Air Heads:cherry 0.55 Oz","00073390002015","0","Candy","22","$0.50",,"0",,,,"Sams Club",,,,,,,,,,
"35372782","Air Heads:orange 0.55 Oz","00073390002022","0","Candy","22","$0.50",,"0",,,,"Sams Club",,,,,,,,,,
"35372783","Air Heads:watermelon 0.55 Oz","00073390002039","0","Candy","22","$0.50",,"0",,,,"Sams Club",,,,,,,,,,
"35372807","Air Heads:blue Raspberry 0.55 Oz","00073390002206","0","Candy","22","$0.50",,"0",,,,"Sams Club",,,,,,,,,,
"35372804","Air Heads:white Mystery 0.55 Oz","00073390002213","0","Candy","22","$0.50",,"0",,,,"Sams Club",,,,,,,,,,
"35351148","Mentos:red Fruit - Lime 15pcs","00073390003937","0","Grocery Non-taxable","3","$3.25",,"0",,,,,,,,,,,,,,
"35372791","Air Heads Xtremes Candy 3.8 Oz","00073390008192","0","Candy","22","$2.05",,"0",,,,"Sams Club",,,,,,,,,,
"35372805","Air Heads Extreme:sweetly Sour Belts 2.0","00073390008383","0","Candy","22","$1.75",,"6",,,,"Sams Club",,,,,,,,,,
"40451381","Airheads Dsp Chckstnd 9b","00073390009373","0","Candy","22","$1.75",,"0",,,,"Sams Club",,,,,,,,,,
"36093010","Airheads Xtremes Rainbow","00073390010614","0","Candy","22","$2.18",,"0",,,,"Sams Club",,,,,,,,,,
"35841522","Airhead Xtr Blt Vry Bry","00073390013486","0","Candy","22","$1.75",,"0",,,,"Sams Club",,,,,,,,,,
"35351129","Mentos Pure Fresh:spearmint - Pure Breat","00073390013875","0","Grocery Non-taxable","3","$3.25",,"0",,,,,,,,,,,,,,
"35350854","Mentos Wintergreen Sugarfree Gum 15 Pcs","00073390013943","0","Grocery Non-taxable","3","$3.25",,"0",,,,,,,,,,,,,,
"35351990","Mentos Pure Fresh Mint Chewing Gum 50 Pc","00073390014049","0","Snacks","9","$5.00",,"0",,,,,,,,,,,,,,
"43229681","Mentos Pure Fresh Sprmin","00073390014056","0","Candy","22","$5.00",,"0",,,,,,,,,,,,,,
"35372796","Airheads Bites 2 Oz","00073390014360","0","Candy","22","$2.50",,"0",,,,"Sams Club",,,,,,,,,,
"35372808","Air Heads:grape 0.55 Oz","00073390014384","0","Candy","22","$0.50",,"0",,,,"Sams Club",,,,,,,,,,
"48782630","Airhead extreme","00073390015602","0","Candy","22","$1.75",,"0",,,,,,,,,,,,,,
"35372794","Airheads:160 Mini Bars","00073390015909","0","Candy","22","$28.00",,"0",,,,"Sams Club",,,,,,,,,,
"35350742","Mentos:chewy Mint, Strawberry 1.32 Oz","00073390026349","0","Grocery Non-taxable","3","$1.75",,"0",,,,,,,,,,,,,,
"35351610","Mentos Chewy Mints Rainbow 1.32 Oz","00073390026424","0","Grocery Non-taxable","3","$2.08",,"0",,,,,,,,,,,,,,
"36630243","Trident Spearmint 14pc","00073390055158","0","Snacks","9","$2.00",,"0",,,,,,,,,,,,,,
"35352068","Trident original flavor","00073390055165","0","Snacks","9","$2.00",,"0",,,,,,,,,,,,,,
"39210456","Trident Tropical Twist","00073390055172","0","Snacks","9","$2.00",,"0",,,,,,,,,,,,,,
"39246493","Trident Watermelon Twist","00073390055189","0","Snacks","9","$2.00","$0.00","0",,,,,,,,,,,,,,
"39984905","Trident Island Berry Lime","00073390055257","0","Snacks","9","$2.00",,"0",,,,,,,,,,,,,,
"39381739","Trident Wintergreen","00073390055264","0","Snacks","9","$1.99",,"0",,,,,,,,,,,,,,
"35352579","Zephyrhills:natural Spring Water 1 Gal","00073430000018","0","Drinks","8","$3.00",,"0",,,,,,,,,,,,,,
"39292708","Zephyrhills 12/1.5 Liter","00073430005006","0","Drinks","8","$1.75",,"0",,,,,,,,,,,,,,
"35352878","Zephyrhills Natural Spring Water 16.9 Fl","00073430005044","0","Drinks","8","$0.99",,"0",,,,,,,,,,,,,,
"35350949","Zephyrhills:.5 L 32.00 Pk","00073430055049","0","Drinks","8","$15.00",,"0",,,,,,,,,,,,,,
"35352351","Zephyrhills Watrer 40 Units 16.9 Oz","00073430501133","0","Drinks","8","$15.00",,"0",,,,,,,,,,,,,,
"35351115","Faygo Orange","00073800000761","0","Soda/Energy Beverages","19","$1.25",,"0",,,,,,,,,,,,,,
"35351385","Faygo Grape","00073800000778","0","Soda/Energy Beverages","19","$1.25",,"0",,,,,,,,,,,,,,
"35351446","Faygo Red","00073800000785","0","Soda/Energy Beverages","19","$1.25",,"0",,,,,,,,,,,,,,
"35350899","Faygo Cream Soda 24oz","00073800002932","0","Soda/Energy Beverages","19","$1.75","$0.89","0",,,,"BCI",,,,,,,,,,
"35351727","Ohana Punch (24 Fl Oz)","00073800004592","0","Drinks","8","$1.60",,"0",,,,"BCI",,,,,,,,,,
"35350504","Faygo Drink","00073800004714","0","Soda/Energy Beverages","19","$1.75","$0.89","0",,,,"BCI",,,,,,,,,,
"35353063","Faygo Pineapple 24oz","00073800006299","0","Soda/Energy Beverages","19","$1.75","$0.89","0",,,,"BCI",,,,,,,,,,
"35351230","Faygo Raspberry Blueberry 24oz","00073800006336","0","Soda/Energy Beverages","19","$1.75","$0.89","0",,,,"BCI",,,,,,,,,,
"35350589","Faygo 1","00073800009771","0","Soda/Energy Beverages","19","$0.99",,"0",,,,,,,,,,,,,,
"35352537","Faygo Firework 24oz","00073800010227","0","Soda/Energy Beverages","19","$1.75","$0.89","0",,,,"BCI",,,,,,,,,,
"35352536","Faygo Creme Soda 24oz","00073800010784","0","Soda/Energy Beverages","19","$1.75","$0.89","0",,,,"BCI",,,,,,,,,,
"35352771","Faygo Cotton Candy 24oz","00073800010791","0","Soda/Energy Beverages","19","$1.75","$0.89","0",,,,"BCI",,,,,,,,,,
"35351936","Faygo Peach 24oz","00073800010807","0","Soda/Energy Beverages","19","$1.75",,"0",,,,"BCI",,,,,,,,,,
"35350614","Faygo Orange Cream 24oz","00073800010838","0","Soda/Energy Beverages","19","$1.76","$0.89","0",,,,"BCI",,,,,,,,,,
"35352474","Faygo Bubble Pop 24oz","00073800011194","0","Soda/Energy Beverages","19","$1.75","$0.89","0",,,,"BCI",,,,,,,,,,
"35352801","Faygo Jolly Green Apple 24oz","00073800011200","0","Soda/Energy Beverages","19","$1.75","$0.89","0",,,,"BCI",,,,,,,,,,
"35352627","Faygo Super Pop 24oz","00073800011217","0","Soda/Energy Beverages","19","$1.75",,"0",,,,"BCI",,,,,,,,,,
"35352207","Ohana Blueberry Lemonade (24 Fl Oz)","00073800011378","0","Drinks","8","$1.60",,"0",,,,,,,,,,,,,,
"47648923","Faygo Cotton Candy 24oz","00073800011514","0","Soda/Energy Beverages","19","$1.75","$0.96","0",,,,"BCI",,,,,,,,,,
"47649037","Faygo Creme Soda 24oz","00073800011538","0","Soda/Energy Beverages","19","$1.75",,"0",,,,"BCI",,,,,,,,,,
"35351103","Sweet Baked Goods Home Style 10.60 Oz","00074323010855","0","Grocery Non-taxable","3","$3.99",,"0",,,,,,,,,,,,,,
"35352422","Submarino Ea","00074323027174","0","Grocery Non-taxable","3","$2.50",,"0",,,,,,,,,,,,,,
"35352177","Marinela Butter Crowns 10 Cookies Pack","00074323051568","0","Snacks","9","$2.34",,"0",,,,,,,,,,,,,,
"35352108","Bread:soft White Family 20.00 Oz","00074323090901","0","General Food","7","$3.50",,"0",,,,,,,,,,,,,,
"35351593","Bimbo","00074323091045","0","Ultra-Processed Prep Desserts","23","$3.50",,"0",,,,,,,,,,,,,,
"35352391","Bimbo Mini Muffins 4.23 Oz","00074323091229","0","Grocery Non-taxable","3","$2.50",,"0",,,,,,,,,,,,,,
"35351815","Bimbo Mini Pound Cake 3.52 Oz","00074323091236","0","Grocery Non-taxable","3","$2.50",,"0",,,,,,,,,,,,,,
"35351943","Bimbo Mantecadas Muffins Vanilla 3.7 Oz","00074323091397","0","Ultra-Processed Prep Desserts","23","$2.34",,"0",,,,,,,,,,,,,,
"35352151","Bimbo:croissants 3.52 Oz","00074323091571","0","Grocery Non-taxable","3","$2.50",,"0",,,,,,,,,,,,,,
"35352637","Bimbo:fine Pastry 3.52 Oz","00074323091731","0","Grocery Non-taxable","3","$2.50",,"0",,,,,,,,,,,,,,
"35351303","Bimbo","00074323091823","0","Gen Merch","10","$4.55",,"0",,,,,,,,,,,,,,
"35351157","Bimbo Pecan Pound Cake 9.00 Oz","00074323091830","0","Grocery Non-taxable","3","$5.75",,"0",,,,,,,,,,,,,,
"35351224","Marinela Principe: Sandwich Cookies With","00074323093001","0","Grocery Non-taxable","3","$2.25",,"0",,,,,,,,,,,,,,
"35351666","Marinela Principe 8 Cookies Pack","00074323093988","0","Snacks","9","$2.34",,"0",,,,,,,,,,,,,,
"35351427","Marinela Barritas Pineapple Filled Cooki","00074323094251","0","Grocery Non-taxable","3","$2.75",,"0",,,,,,,,,,,,,,
"35351426","Barritas:strawberry Filled Cookies 2 - 1","00074323094381","0","Gen Merch","10","$2.50",,"0",,,,,,,,,,,,,,
"45911454","Bimbo TOAST","00074323094596","0","Snacks","9","$3.25",,"0",,,,,,,,,,,,,,
"35352107","Marinela Gansito Filled Cake 3.50 Oz","00074323095012","0","Snacks","9","$2.50",,"0",,,,,,,,,,,,,,
"35351613","Marinela Pastitas:butter Cookies 3.88 Oz","00074323095135","0","Grocery Non-taxable","3","$2.75",,"0",,,,,,,,,,,,,,
"35351968","Marinela Sponch Marshmallow Cookies 3.18","00074323095234","0","Snacks","9","$2.50",,"0",,,,,,,,,,,,,,
"35352060","Marinela Pinguinos Crã¨me-filled Cup Cak","00074323095357","0","Grocery Non-taxable","3","$2.50",,"0",,,,,,,,,,,,,,
"35352454","Sweet Baked Goods:submarinos Strawberry","00074323095852","0","Snacks","9","$2.50",,"0",,,,,,,,,,,,,,
"35351324","Bimbo Mini Mantecadas With Choc Chips","00074323737912","0","Ultra-Processed Prep Desserts","23","$2.34",,"0",,,,,,,,,,,,,,
"47672777","Marinela Pinguinos Hershe","00074323739374","0","Ultra-Processed Prep Desserts","23","$2.25",,"0",,,,,,,,,,,,,,
"35352102","Haagen-dazs Vanilla Ice Cream 14 Fl Oz","00074570004003","0","Ice Cream","11","$8.50","$5.01","'-5",,,,"Valentini",,,,,,,,,,
"35350826","HD Pint Chocolate 14oz","00074570014002","0","Ice Cream","11","$8.20","$4.50","0",,,,"Four Seasons Ice cream",,,,,,,,,,
"35352355","HD Bar Vanilla Milk","00074570016006","0","Ice Cream","11","$4.10","$2.33","'-4",,,,"Valentini,Four Seasons Ice cream",,,,,,,,,,
"35352333","Haagen-dazs Strawberry Ice Cream 14 Fl O","00074570024001","0","Ice Cream","11","$8.50","$5.01","0",,,,"Valentini",,,,,,,,,,
"35352201","Haagen Dazs","00074570026005","0","Ice Cream","11","$3.60","$0.00","0",,,,,,,,,,,,,,
"35351070","HD Bar Vanilla Milk Almond","00074570036004","0","Ice Cream","11","$4.10","$2.33","0",,,,"Valentini,Four Seasons Ice cream",,,,,,,,,,
"42873247","Häagen-Dazs Ice Cream Rum Raisin","00074570044009","0","Ice Cream","11","$8.50","$5.01","0",,,,"Valentini",,,,,,,,,,
"42873184","Häagen-Dazs All Natural Chocolate Chocol","00074570084005","0","Ice Cream","11","$8.50","$5.01","0",,,,"Valentini",,,,,,,,,,
"39096692","Häagen-Dazs All Natural Chocolate Chip C","00074570084067","0","Ice Cream","11","$7.00",,"0",,,,,,,,,,,,,,
"35924582","Häagen-Dazs Ice Cream All Natural Vanill","00074570094004","0","Ice Cream","11","$7.00",,"0",,,,"Eagle Brands Sales",,,,,,,,,,
"35350747","Haagen-dazs Vanilla Chocolate 3.6 Oz","00074570107100","0","Ice Cream","11","$2.30",,"0",,,,,,,,,,,,,,
"35352861","Haagen-dazs:butter Pecan 14.00 Oz","00074570114009","0","Snacks","9","$8.19",,"0",,,,,,,,,,,,,,
"35351490","Haagen-dazs Cookies & Cream Ice Cream 14","00074570274000","0","Ice Cream","11","$7.00",,"0",,,,,,,,,,,,,,
"35351267","Haagen - Dazs Vanilla Caramel 3 Oz","00074570597987","0","Ice Cream","11","$4.10","$2.41","0",,,,"Valentini",,,,,,,,,,
"35804580","Häagen-Dazs Ice Cream All Natural Pineap","00074570610075","0","Ice Cream","11","$7.00",,"0",,,,"Eagle Brands Sales",,,,,,,,,,
"45832052","HD Pint Vanilla Bean","00074570650576","0","Ice Cream","11","$8.20","$4.50","'-4",,,,"Four Seasons Ice cream",,,,,,,,,,
"35351187","Haagen-dazs Caramel Cone Ice Cream 14 Fl","00074570650583","0","Ice Cream","11","$7.00",,"0",,,,,,,,,,,,,,
"35350469","Häageb-dazs","00074570650972","0","Ice Cream","11","$2.00",,"0",,,,,,,,,,,,,,
"35352499","Haagen Dazs","00074570810116","0","Ice Cream","11","$6.95",,"0",,,,,,,,,,,,,,
"35804602","Ice cream coffee choc brownie","00074570976089","0","Ice Cream","11","$7.00",,"0",,,,,,,,,,,,,,
"38985945","LIBBYS","00074584165004","0","Grocery Non-taxable","3","$2.99",,"0",,,,,,,,,,,,,,
"35352614","Maison Watrer 16.9 Fl Oz","00074780515504","0","Drinks","8","$2.80",,"0",,,,,,,,,,,,,,
"35352119","Supertech Coolant 1gal","00074804076226","0","Household","6","$10.51",,"0",,,,,,,,,,,,,,
"39811023","Styro Splat Pets","00075656053021","0","Snacks","9","$2.00",,"0",,,,,,,,,,,,,,
"43811053","Google cushy koala toy","00075656067103","0","Non-Tax","1","$6.99",,"0",,,,"Plenty Prices Florida",,,,,,,,,,
"35350440","Iberia Adobo Con Pimienta With Pepper 16","00075669111527","0","General Food","7","$3.97",,"0",,,,,,,,,,,,,,
"39148576","LIQUID SHOE SHIN","00075914006554","0","Non-Tax","1","$2.00",,"0",,,,,,,,,,,,,,
"35352348","Big Bambu Rolling Paper","00076013600001","0","Tobacco","4","$2.42",,"36",,,,,,,,,,,,,,
"35351052","Pork Skins Salt&vinegar","00076042120532","0","Grocery Non-taxable","3","$1.80",,"0",,,,,,,,,,,,,,
"35352034","Pork Skins Wallace","00076042120549","0","Snacks","9","$1.80",,"0",,,,,,,,,,,,,,
"41152254","Pork Skins","00076042120556","0","Snacks","9","$3.25",,"0",,,,,,,,,,,,,,
"35372797","Act Ii Microwave Popcorn (2.75 Oz)","00076150232486","0","Snacks","9","$1.35",,"0",,,,,,,,,,,,,,
"35351469","Little Tree","00076171101891","0","Gen Merch","10","$1.35",,"0",,,,,,,,,,,,,,
"35350668","Little Trees Air Freshener Caribbean Col","00076171103246","0","Grocery Non-taxable","3","$1.50",,"0",,,,,,,,,,,,,,
"35351648","Littletrees Air Freshener True North 1 P","00076171171467","0","Misc.","15","$1.25",,"0",,,,,,,,,,,,,,
"35351548","Tree","00076171173034","0","Grocery Non-taxable","3","$1.25",,"0",,,,,,,,,,,,,,
"35353067","Little Tree","00076171803931","0","Grocery Non-taxable","3","$1.25",,"0",,,,,,,,,,,,,,
"35352665","Snapple Kiwi Strawberry (16 Fl Oz)","00076183003107","0","Drinks","8","$1.89",,"0",,,,"Seven Up Snapple,Snapple",,,,,,,,,,
"35352457","Snapple Tea Peach Tea (16 Fl Oz))","00076183003114","0","Drinks","8","$1.89",,"0",,,,"Seven Up Snapple,Snapple",,,,,,,,,,
"35352664","Snapple Mango Madness (16 Fl Oz)","00076183003121","0","Drinks","8","$1.89",,"0",,,,"Seven Up Snapple,Snapple",,,,,,,,,,
"35352599","Snapple Fruit Punch (16 Fl Oz)","00076183003138","0","Drinks","8","$1.89",,"0",,,,"Seven Up Snapple,Snapple",,,,,,,,,,
"35353032","Snapple Apple (16 Fl Oz)","00076183003282","0","Drinks","8","$1.89",,"0",,,,"Seven Up Snapple,Snapple",,,,,,,,,,
"35352371","Snapple Tea Peach Tea 32 Fl Oz","00076183323564","0","Drinks","8","$3.25",,"0",,,,"Seven Up Snapple,Snapple",,,,,,,,,,
"35352464","Snapple Kiwi Strawberry (32 Fl Oz)","00076183323632","0","Drinks","8","$2.49",,"0",,,,"Seven Up Snapple,Snapple",,,,,,,,,,
"35350697","Snapple Mango Madness 32 Fl Oz","00076183323649","0","Drinks","8","$2.49",,"0",,,,"Seven Up Snapple,Snapple",,,,,,,,,,
"35352788","Snapple Fruit Punch (32 Fl Oz)","00076183323724","0","Drinks","8","$2.49",,"0",,,,"Seven Up Snapple,Snapple",,,,,,,,,,
"35352463","Snapple Apple (32 Fl Oz)","00076183328507","0","Drinks","8","$2.49",,"0",,,,"Seven Up Snapple,Snapple",,,,,,,,,,
"35351424","Snapple Watermelon Lemonade 16 Fl Oz","00076183455128","0","Drinks","8","$1.25",,"0",,,,,,,,,,,,,,
"35350596","Snapple","00076183468326","0","Drinks","8","$1.25",,"0",,,,,,,,,,,,,,
"35352791","Apple Juice","00076301590052","0","Drinks","8","$0.95",,"0",,,,,,,,,,,,,,
"35351682","Emergen-c:tangerine - 1000 Mg Vitamin C","00076314300556","0","Vitamins/medicine","14","$1.25",,"0",,,,,,,,,,,,,,
"35352814","Chupa Chups Lollipop","00076350000045","0","Candy","22","$0.25",,"0",,,,,,,,,,,,,,
"35352530","Lance: Crackers Peanut Butter1.29oz","00076410901626","0","Dairy","12","$0.45",,"0",,,,,,,,,,,,,,
"35352456","Lance Toast Chee Peanut Butter (1.52 Oz)","00076410901633","0","Snacks","9","$0.45",,"0",,,,,,,,,,,,,,
"35351415","Lance: Cream Cheese 1.37oz","00076410901855","0","Dairy","12","$0.45",,"0",,,,,,,,,,,,,,
"35351536","Lance:chedder Cheese Crackers 1.41oz","00076410903873","0","Snacks","9","$0.45",,"0",,,,,,,,,,,,,,
"35352584","Famous Amos Chocolate Chip 2.00 Oz","00076677100145","0","Ultra-Processed Prep Desserts","23","$1.59",,"0",,,,,,,,,,,,,,
"35351519","EF Fruit Punch 32oz","00076737081216","0","Drinks","8","$4.10","$2.22","0",,,,"BCI",,,,,,,,,,
"35352462","CF Fruit Punch 16.9oz","00076737100665","0","Drinks","8","$1.38",,"0",,,,"BCI",,,,,,,,,,
"35352227","CF Kiwi Strawberry 16.9oz","00076737100672","0","Drinks","8","$1.38",,"0",,,,"BCI",,,,,,,,,,
"35352461","CF Red Rasberry 16.9oz","00076737100689","0","Drinks","8","$1.38",,"0",,,,"BCI",,,,,,,,,,
"35781625","CF Grape 16.9oz","00076737100696","0","Drinks","8","$1.38",,"0",,,,"BCI",,,,,,,,,,
"35352813","CF Pineapple 16.9oz","00076737100702","0","Drinks","8","$1.38",,"0",,,,"BCI",,,,,,,,,,
"35352690","CF Cherry Lime (16.9 Fl Oz)","00076737100719","0","Drinks","8","$1.38",,"0",,,,"BCI",,,,,,,,,,
"35352404","CF Island Breeze 16.9oz","00076737100733","0","Drinks","8","$1.38",,"0",,,,"BCI",,,,,,,,,,
"35352922","CF Berry Delight 16.9oz","00076737100757","0","Drinks","8","$1.38","$0.72","0",,,,"BCI",,,,,,,,,,
"35352670","CF Strawberry Watermelon 16.9oz","00076737100764","0","Drinks","8","$1.38",,"0",,,,"BCI",,,,,,,,,,
"44152280","Clear fruit cherry blast","00076737100771","0","Drinks","8","$1.27",,"0",,,,"BCI",,,,,,,,,,
"48731816","Clear fruits","00076737100788","0","Drinks","8","$1.29",,"0",,,,,,,,,,,,,,
"49454988","Clear fruit","00076737100795","0","Drinks","8","$1.38",,"0",,,,,,,,,,,,,,
"48784904","Clearfruit","00076737100801","0","Drinks","8","$1.38",,"0",,,,,,,,,,,,,,
"47896479","Clear fruit","00076737100818","0","Drinks","8","$1.38",,"0",,,,,,,,,,,,,,
"48455115","Clearfruit","00076737100832","0","Drinks","8","$1.38",,"0",,,,,,,,,,,,,,
"48455111","clear fruit","00076737100856","0","Drinks","8","$1.38",,"0",,,,,,,,,,,,,,
"47649132","CF Island Breeze 16.9oz","00076737100887","0","Drinks","8","$1.38",,"0",,,,"BCI",,,,,,,,,,
"35352482","EF Cranberry 32oz","00076737108166","0","Drinks","8","$4.10","$2.22","0",,,,"BCI",,,,,,,,,,
"35352224","EF Orange Juice 32oz","00076737109026","0","Drinks","8","$4.10","$2.22","0",,,,"BCI",,,,,,,,,,
"35352263","EF Apple Juice 32oz","00076737111043","0","Drinks","8","$4.10","$2.22","0",,,,"BCI",,,,,,,,,,
"35352851","EF Orange Juice 16oz","00076737122308","0","Drinks","8","$2.25","$1.37","0",,,,"BCI",,,,,,,,,,
"35352740","EF Apple Juice 16oz","00076737122322","0","Drinks","8","$2.25","$1.37","0",,,,"BCI",,,,,,,,,,
"35352850","EF Tropical Fruit Punch 16oz","00076737122360","0","Drinks","8","$2.25","$1.37","0",,,,"BCI",,,,,,,,,,
"35352784","EF Cranberry Apple 16oz","00076737122421","0","Drinks","8","$2.25","$1.37","0",,,,"BCI",,,,,,,,,,
"43982274","EverFresh Kiwi Strawberry 16 Oz","00076737122544","0","Drinks","8","$2.25",,"0",,,,,,,,,,,,,,
"35351962","EF Cranberry 16oz","00076737122568","0","Drinks","8","$2.25","$1.37","0",,,,"BCI",,,,,,,,,,
"35351945","EF Pina Colada 16oz","00076737122599","0","Drinks","8","$2.25","$1.37","0",,,,"BCI",,,,,,,,,,
"35351673","EF Peach Watermelon 16oz","00076737122629","0","Drinks","8","$2.25","$1.37","0",,,,"BCI",,,,,,,,,,
"35352281","EF Lime 16oz","00076737123473","0","Drinks","8","$2.25","$1.37","0",,,,"BCI",,,,,,,,,,
"35352783","EF Island Punch 16oz","00076737123923","0","Drinks","8","$2.25","$1.37","0",,,,"BCI",,,,,,,,,,
"35352526","EF Mango 16oz","00076737124548","0","Drinks","8","$2.25","$1.37","0",,,,"BCI",,,,,,,,,,
"35352437","EF Pineapple 16oz","00076737124562","0","Drinks","8","$2.25","$1.37","0",,,,"BCI",,,,,,,,,,
"35350838","EF Orange 16oz","00076737125125","0","Drinks","8","$2.25","$1.37","0",,,,"BCI",,,,,,,,,,
"35351232","EF Ruby Red Grapefruit 32oz","00076737200556","0","Drinks","8","$4.10","$2.22","0",,,,"BCI",,,,,,,,,,
"35352324","EF Lime 32oz","00076737200617","0","Drinks","8","$4.10","$2.22","0",,,,"BCI",,,,,,,,,,
"35351003","EF Pineapple 32oz","00076737200693","0","Drinks","8","$4.10","$2.22","0",,,,"BCI",,,,,,,,,,
"35351906","Barilla Ready Pasta Rotini (7 Oz)","00076808011784","0","General Food","7","$1.50",,"0",,,,,,,,,,,,,,
"35350929","Ice Box","00077071542043","0","Grocery Non-taxable","3","$8.31",,"0",,,,,,,,,,,,,,
"39247145","SOUTHERN RECIPE","00077079007360","0","Snacks","9","$3.50",,"0",,,,,,,,,,,,,,
"42688104","Job Cig Papers 1 0 Gold","00077170000086","0","Grocery Non-taxable","3","$2.78",,"0",,,,,,,,,,,,,,
"35351774","Cone 1","00077170120128","0","Tobacco","4","$3.20",,"0",,,,,,,,,,,,,,
"35351628","Ocb","00077170122429","0","Tobacco","4","$3.32",,"0",,,,,,,,,,,,,,
"44298403","Imperial Dax Co Inc Dax Kocatah For Dry","00077315002043","0","Grocery Non-taxable","3","$3.99",,"0",,,,,,,,,,,,,,
"44294478","Dax Hair Gel 14 oz","00077315003019","0","Gen Merch","10","$5.49",,"0",,,,,,,,,,,,,,
"35352435","Spiderman","00077567002846","0","Ice Cream","11","$2.99","$1.60","4",,,,"Four Seasons Ice cream",,,,,,,,,,
"35351357","Spongebob","00077567002853","0","Ice Cream","11","$2.99","$1.60","6",,,,"Four Seasons Ice cream",,,,,,,,,,
"35352219","GH Vanilla Sandwich","00077567003935","0","Ice Cream","11","$2.50","$1.17","11",,,,"Four Seasons Ice cream",,,,,,,,,,
"48088692","Good Humor King Cone","00077567008220","0","Ice Cream","11","$4.75","$2.34","4",,,,"Four Seasons Ice cream",,,,,,,,,,
"35352826","GH Cookies and Cream","00077567028747","0","Ice Cream","11","$3.00","$1.42","8",,,,"Four Seasons Ice cream",,,,,,,,,,
"35350948","Breyers:ice Cream Oreo Cookies & Cream 1","00077567275059","0","Ice Cream","11","$6.50",,"0",,,,,,,,,,,,,,
"35352568","Fatboy Vanilla Icecream","00077865006515","0","Ice Cream","11","$2.50",,"0",,,,,,,,,,,,,,
"35352661","Snyder's Of Hanover:mini Pretzels 1.50 O","00077975022177","0","Snacks","9","$1.30",,"0",,,,,,,,,,,,,,
"35372789","7up:lemon Lime Soda 2 Liters","00078000000344","0","Soda/Energy Beverages","19","$3.99",,"0",,,,"Seven Up Snapple,7Up",,,,,,,,,,
"35352727","Canada Dry Ginger Ale 12 Fl Oz","00078000001143","0","Soda/Energy Beverages","19","$1.75",,"0",,,,,,,,,,,,,,
"35352193","Canada Dry Ginger Ale 16.9 Fl Oz","00078000001174","0","Soda/Energy Beverages","19","$1.59",,"0",,,,"Seven Up Snapple",,,,,,,,,,
"35372798","7 Up Lemon Lime Soda (20 Fl Oz)","00078000001617","0","Soda/Energy Beverages","19","$2.19",,"0",,,,"Seven Up Snapple,7Up",,,,,,,,,,
"42940423","7 Up Lemon Lime Soda (Zero Sugar) 20 Oz","00078000001624","0","Soda/Energy Beverages","19","$2.19",,"0",,,,"Seven Up Snapple,7Up",,,,,,,,,,
"35352098","Sunkist Oranhe 12 Fl Oz","00078000002744","0","Soda/Energy Beverages","19","$1.75",,"0",,,,,,,,,,,,,,
"35352752","Dr Pepper 12 Fl Oz","00078000003154","0","Soda/Energy Beverages","19","$1.75",,"0",,,,,,,,,,,,,,
"35351122","Me & My Rc 67.6 Fl Oz","00078000003376","0","Soda/Energy Beverages","19","$2.57",,"0",,,,,,,,,,,,,,
"35352666","Schweppes: Ginger Ale 12 Oz","00078000003468","0","Soda/Energy Beverages","19","$1.75",,"0",,,,,,,,,,,,,,
"35352122","Dr Pepper 16.9 Fl Oz","00078000003864","0","Soda/Energy Beverages","19","$1.59",,"0",,,,,,,,,,,,,,
"35352945","Schweppes:ginger Ale 16.9 Oz","00078000003963","0","Soda/Energy Beverages","19","$1.99",,"0",,,,,,,,,,,,,,
"35351916","Canada Dry Cherry Ginger Ale 12 Fl Oz","00078000004458","0","Soda/Energy Beverages","19","$1.17",,"0",,,,,,,,,,,,,,
"35350474","Canada Dry Strawberry Ginger Ale","00078000004601","0","Soda/Energy Beverages","19","$1.17",,"0",,,,,,,,,,,,,,
"35351316","Crush: Orange Soda 12oz","00078000009118","0","Soda/Energy Beverages","19","$1.17",,"0",,,,,,,,,,,,,,
"35351937","Crush: Grape Soda 12 Oz","00078000009125","0","Soda/Energy Beverages","19","$1.17",,"0",,,,,,,,,,,,,,
"35372803","7up 16.9 (Fl Oz)","00078000012194","0","Soda/Energy Beverages","19","$1.59",,"0",,,,"Sams Club",,,,,,,,,,
"35352194","Crush Orange Soda -2 LT","00078000013368","0","Soda/Energy Beverages","19","$3.75",,"0",,,,,,,,,,,,,,
"35352343","Crush:peach Soda 12 Oz","00078000014006","0","Soda/Energy Beverages","19","$1.75",,"0",,,,,,,,,,,,,,
"35352539","Squirt Grapefruit (20 Fl Oz)","00078000016406","0","Soda/Energy Beverages","19","$2.19",,"0",,,,,,,,,,,,,,
"35352465","Tahitian Treat Soda Fruit Punch (20 Fl O","00078000020403","0","Soda/Energy Beverages","19","$2.19",,"0",,,,,,,,,,,,,,
"35351134","Venom Mango Energy Drink 16 Fl Oz","00078000023763","0","Soda/Energy Beverages","19","$2.25",,"0",,,,,,,,,,,,,,
"35351013","Dr Pepper 1","00078000033489","0","Soda/Energy Beverages","19","$1.40",,"0",,,,,,,,,,,,,,
"35352679","Sunkist Berry Lemonade (20 Fl Oz)","00078000035209","0","Soda/Energy Beverages","19","$1.45",,"0",,,,,,,,,,,,,,
"36979262","Rc cola 2l  1.49pp","00078000039481","0","Soda/Energy Beverages","19","$1.49",,"0",,,,"Seven Up Snapple",,,,,,,,,,
"36979263","Sunkist Orange 2ltr","00078000039573","0","Soda/Energy Beverages","19","$1.49",,"0",,,,"Seven Up Snapple,Sunkist",,,,,,,,,,
"35351130","RC Zero 2 Liter","00078000041125","0","Soda/Energy Beverages","19","$3.75",,"0",,,,,,,,,,,,,,
"41091792","RC Cola - 20 oz","00078000041408","0","Soda/Energy Beverages","19","$2.99",,"0",,,,"Seven Up Snapple",,,,,,,,,,
"35351018","Rc:cola, Pre-priced 2.00 Lt","00078000050813","0","Soda/Energy Beverages","19","$0.99",,"0",,,,,,,,,,,,,,
"35352468","A&w Root Beer (20 Fl Oz)","00078000052404","0","Soda/Energy Beverages","19","$2.99",,"0",,,,"Seven Up Snapple",,,,,,,,,,
"35352538","A&w Cream Soda (20 Fl Oz)","00078000054408","0","Soda/Energy Beverages","19","$2.99",,"0",,,,"Seven Up Snapple",,,,,,,,,,
"35352356","Dr Pepper 2l","00078000082463","0","Soda/Energy Beverages","19","$3.75",,"0",,,,,,,,,,,,,,
"35352467","Sunkist Orange (20 Fl Oz)","00078000113402","0","Soda/Energy Beverages","19","$2.19",,"0",,,,"Seven Up Snapple,Sunkist",,,,,,,,,,
"35351984","Sunkist Orange (16.9 Fl Oz)","00078000113426","0","Soda/Energy Beverages","19","$1.59",,"0",,,,,,,,,,,,,,
"35351265","Sunkist:orange 2 Liters","00078000113464","0","Soda/Energy Beverages","19","$3.75",,"0",,,,,,,,,,,,,,
"35352466","Sunkist Grape (20 Fl Oz)","00078000116403","0","Soda/Energy Beverages","19","$2.19",,"0",,,,"Seven Up Snapple,Sunkist",,,,,,,,,,
"35352653","Sunkist Pineapple (20 Fl Oz)","00078000124408","0","Soda/Energy Beverages","19","$1.45",,"0",,,,"Seven Up Snapple,Sunkist",,,,,,,,,,
"35352873","Canada Dry Ginger Ale 20.00 Fl Oz","00078000152401","0","Soda/Energy Beverages","19","$2.19",,"0",,,,"Seven Up Snapple,Canada Dry",,,,,,,,,,
"35350716","Canada Dry Ginger Ale 33.80 Fl Oz","00078000152456","0","Soda/Energy Beverages","19","$2.50",,"0",,,,,,,,,,,,,,
"35352794","Canada Dry Ginger Ale 2 Liters","00078000152463","0","Soda/Energy Beverages","19","$3.99",,"0",,,,"Seven Up Snapple,Canada Dry",,,,,,,,,,
"35352886","Schweppes Ginger Ale 2l","00078000206463","0","Soda/Energy Beverages","19","$3.75",,"0",,,,,,,,,,,,,,
"35352982","Steel Reserve 16oz Can","00078250004642","0","Alcohol","5","$1.75",,"0",,,,"Gold Coast",,,,,,,,,,
"35352153","Steel Reserve Spiked Watermelon 16oz Can","00078250006165","0","Alcohol","5","$1.92",,"0",,,,"Gold Coast",,,,,,,,,,
"35350936","Steel Reserve Blue","00078250006264","0","Alcohol","5","$1.73",,"0",,,,"Gold Coast",,,,,,,,,,
"35351977","Cabot","00078354717288","0","Gen Merch","10","$4.50",,"0",,,,,,,,,,,,,,
"35351978","Cabot","00078354850183","0","Gen Merch","10","$4.50",,"0",,,,,,,,,,,,,,
"35350460","Supertech Brake Fluid 12oz","00078742015897","0","Household","6","$4.91",,"0",,,,,,,,,,,,,,
"35352929","Member's Mark Purified Water 16.9 Fl Oz","00078742051451","0","Drinks","8","$0.99",,"0",,,,,,,,,,,,,,
"35352314","Purified Water Member's Mark 40 Pack 40c","00078742051468","0","Drinks","8","$15.00",,"0",,,,,,,,,,,,,,
"37868437","BUTTER SALTED 4 OZ","00078742104423","0","Dairy","12","$3.75","$0.00","0",,,,,,,,,,,,,,
"35351619","Eggs 12ct 12ct","00078742127071","0","Grocery Non-taxable","3","$8.25",,"0",,,,,,,,,,,,,,
"35351266","Egg 4","00078742127095","0","Grocery Non-taxable","3","$2.34",,"0",,,,,,,,,,,,,,
"35351564","Members Mark Water 1 Gal","00078742150598","0","Drinks","8","$2.50",,"0",,,,,,,,,,,,,,
"35351952","Member Mark's Whole Milk (1 Gallon)","00078742160276","0","General Food","7","$5.50",,"0",,,,,,,,,,,,,,
"35351901","Member Mark's Reduced Fat Milk (1 Gallon","00078742160290","0","Dairy","12","$5.50",,"0",,,,,,,,,,,,,,
"35352433","Premium Chicken Breast Canned 12.5 Oz","00078742196206","0","Household","6","$4.75",,"0",,,,,,,,,,,,,,
"35350604","Great Value Cane Sugar 4 Lb","00078742228037","0","General Food","7","$4.70",,"0",,,,,,,,,,,,,,
"35350506","Singles Pasteurized Prepared Sliced Whit","00078742228693","0","Dairy","12","$3.70",,"0",,,,,,,,,,,,,,
"35352475","Towels 1","00078742235028","0","Household","6","$3.00",,"0",,,,,,,,,,,,,,
"35351711","Member Mark's Tomato Sauce (15 Oz)","00078742256184","0","General Food","7","$1.25",,"0",,,,,,,,,,,,,,
"35351333","Great Value White Round Top Bread 20 Oz","00078742285443","0","Drinks","8","$2.08",,"0",,,,,,,,,,,,,,
"35350759","Plate 50 Count","00078742349350","0","Grocery Non-taxable","3","$4.77",,"0",,,,,,,,,,,,,,
"35352318","Vitamin D Whole Milk 1 Gal","00078742351865","0","Dairy","12","$5.46",,"0",,,,,,,,,,,,,,
"35352410","Reduced Fat 2% Milk 1 Gal","00078742351872","0","Dairy","12","$5.25",,"0",,,,,,,,,,,,,,
"35352310","Vitamin D Whole Milk 1/2 Gal","00078742352008","0","Dairy","12","$3.80",,"0",,,,,,,,,,,,,,
"35352553","Reduced Fat 2% Milk 1/2 Gal","00078742352015","0","Dairy","12","$2.75",,"0",,,,,,,,,,,,,,
"35351111","Plain Salt 26 Oz","00078742352206","0","General Food","7","$1.50",,"0",,,,,,,,,,,,,,
"35352079","Vegetable Oil 48 Fl Oz","00078742352961","0","General Food","7","$6.00",,"0",,,,,,,,,,,,,,
"35350507","Cheese","00078742353258","0","Dairy","12","$3.70",,"0",,,,,,,,,,,,,,
"35351432","Baking Soda 16 Fl Oz","00078742370361","0","General Food","7","$1.50",,"0",,,,,,,,,,,,,,
"35351065","Pure Cane Granulated Sugar:20oz","00078742434032","0","General Food","7","$3.32",,"0",,,,,,,,,,,,,,
"35352608","El Sabroso Guacachip Guacamole (3 Oz)","00078907450310","0","Snacks","9","$2.99",,"0",,,,,,,,,,,,,,
"35352308","El Sabroso Salsitas Spicy Salsa (3 Oz)","00078907450396","0","Snacks","9","$2.99",,"0",,,,,,,,,,,,,,
"35352349","Job 1.25 Rolling Paper","00079083000054","0","Tobacco","4","$2.75",,"0",,,,,,,,,,,,,,
"35352639","Job 1.5","00079083000061","0","Tobacco","4","$2.99",,"0",,,,,,,,,,,,,,
"36135998","Nerds","00079200048563","0","Snacks","9","$3.05",,"0",,,,,,,,,,,,,,
"35352863","Nerds Gummy Clusters (3 Oz)","00079200049058","0","Candy","22","$3.50",,"0",,,,"Plenty Prices Florida",,,,,,,,,,
"35351337","Nerds:gummy Clusters 3 Oz","00079200060657","0","Snacks","9","$3.05",,"0",,,,,,,,,,,,,,
"40650765","Nerds Juicy Gmy Clstr Sh","00079200085629","0","Snacks","9","$3.49",,"0",,,,,,,,,,,,,,
"35351902","Evian Spring Water 1 L","00079298000078","0","Drinks","8","$3.00",,"0",,,,,,,,,,,,,,
"35351850","Evian:natural Spring Water 500.00 Ml","00079298000085","0","Drinks","8","$2.00",,"0",,,,,,,,,,,,,,
"35351925","Loctite Super Glue 0.07 Fl Oz","00079340689527","0","Household","6","$2.99",,"0",,,,,,,,,,,,,,
"35351767","Dove Shampoo","00079400266545","0","Household","6","$4.50",,"0",,,,,,,,,,,,,,
"35351768","Dove Shampoo","00079400266552","0","Household","6","$4.50",,"0",,,,,,,,,,,,,,
"35351770","Dove Shampoo","00079400451866","0","Household","6","$4.50",,"0",,,,,,,,,,,,,,
"35351769","Dove Shampoo","00079400461636","0","Household","6","$4.50",,"0",,,,,,,,,,,,,,
"35351771","Dove Shampoo","00079400479907","0","Household","6","$4.50",,"0",,,,,,,,,,,,,,
"35352376","Star Kist Chunk White 5 Oz","00080000006714","0","General Food","7","$2.50",,"0",,,,,,,,,,,,,,
"35352375","Starkist Tuna 5 Oz","00080000006738","0","Snacks","9","$2.50",,"0",,,,,,,,,,,,,,
"36497389","Star K Chk Lt Tuna In Oi","00080000006745","0","Pet Food","21","$2.50",,"0",,,,,,,,,,,,,,
"35351393","Teist Battery","00080120220168","0","Grocery Non-taxable","3","$10.00",,"0",,,,,,,,,,,,,,
"35350629","Gola 355 Ml","00080432000052","0","Alcohol","5","$3.04",,"0",,,,,,,,,,,,,,
"35350804","Gola","00080432000069","0","Alcohol","5","$12.15",,"0",,,,,,,,,,,,,,
"35350424","Lemonate 355ml","00080432000076","0","Alcohol","5","$3.04",,"0",,,,,,,,,,,,,,
"35351017","Malta Hatuey 24/12 Oz","00080480595920","0","Soda/Energy Beverages","19","$1.59",,"0",,,,,,,,,,,,,,
"35352884","Corona Extra 12oz Btl Sngl","00080660000015","0","Alcohol","5","$2.25",,"0",,,,"Gold Coast",,,,,,,,,,
"35352667","Modelo Especial 12oz Btl Sngl","00080660000046","0","Alcohol","5","$2.20",,"0",,,,"Gold Coast",,,,,,,,,,
"35352485","Corona Extra 7oz Btl Sngl","00080660000084","0","Alcohol","5","$1.67",,"0",,,,"Gold Coast",,,,,,,,,,
"35352802","Corona Extra 7oz 6pk Btl","00080660954011","0","Alcohol","5","$9.99",,"0",,,,"Gold Coast",,,,,,,,,,
"35352959","Corona Extra 12oz 6pk Btl","00080660956053","0","Alcohol","5","$12.75",,"0",,,,"Gold Coast",,,,,,,,,,
"35352864","Corona Extra 12oz 12pk Btl","00080660956152","0","Alcohol","5","$20.60",,"0",,,,"Gold Coast",,,,,,,,,,
"40523666","Promo 6-pack Corona Extra 12 Oz Bottle","00080660956152","1","Alcohol","5","$11.75",,"0",,,,"Gold Coast",,,,,,,,,,
"35352714","Corona Extra 24oz Btl Sngl","00080660956411","0","Alcohol","5","$4.89",,"0",,,,"Gold Coast",,,,,,,,,,
"35352498","Corona Extra 24oz Can","00080660956435","0","Alcohol","5","$4.57",,"0",,,,"Gold Coast",,,,,,,,,,
"35351463","Corona Extra 12 Fl 18pack Bottles (12 Fl","00080660956800","0","Alcohol","5","$28.04",,"0",,,,"Gold Coast",,,,,,,,,,
"35352949","Corona Familiar 32oz Btl Sngl","00080660956831","0","Alcohol","5","$4.21",,"0",,,,"Gold Coast",,,,,,,,,,
"35352083","Corona Extra Can (12 Fl Oz)","00080660956855","0","Alcohol","5","$2.05",,"0",,,,"Gold Coast",,,,,,,,,,
"35353055","Corona Extra 16oz Can","00080660956886","0","Alcohol","5","$2.39",,"0",,,,"Gold Coast",,,,,,,,,,
"35352300","Corona Extra 12oz 12pk Can","00080660956954","0","Alcohol","5","$22.50",,"0",,,,"Gold Coast",,,,,,,,,,
"35352236","Modelo Especial 12fl 12pack Can (12 Fl O","00080660957159","0","Alcohol","5","$22.00",,"0",,,,"Gold Coast",,,,,,,,,,
"35352966","Modelo Especial Can (24 Fl Oz)","00080660957210","0","Alcohol","5","$4.67",,"0",,,,"Gold Coast",,,,,,,,,,
"35351084","Modelo Especial 6 Pk 12 Oz","00080660957555","0","Alcohol","5","$1.77",,"0",,,,"Gold Coast",,,,,,,,,,
"35352716","Modelo Especial 12oz 12pk Btl","00080660957579","0","Alcohol","5","$20.60",,"0",,,,"Gold Coast",,,,,,,,,,
"40523633","Promo 6-Pack Modelo 12oz bottle","00080660957579","1","Alcohol","5","$11.75",,"0",,,,"Gold Coast",,,,,,,,,,
"35351334","Modelo 16oz Can","00080660957609","0","Alcohol","5","$2.75",,"0",,,,"Gold Coast",,,,,,,,,,
"35352758","Modelo Especial 12oz 6pk Btl","00080660957654","0","Alcohol","5","$12.75",,"0",,,,"Gold Coast",,,,,,,,,,
"35352972","Modelo Especial 24oz Btl Sngl","00080660957777","0","Alcohol","5","$4.66",,"0",,,,"Gold Coast",,,,,,,,,,
"35352733","Modelo Chelada Can (24 Fl Oz)","00080660957968","0","Alcohol","5","$3.98",,"0",,,,"Gold Coast",,,,,,,,,,
"47912306","India Malta 12 oz","00081553021209","0","Drinks","8","$1.50",,"0",,,,,,,,,,,,,,
"35352596","Malta India 12 Oz","00081553121107","0","Soda/Energy Beverages","19","$1.75",,"0",,,,,,,,,,,,,,
"35352787","Smirnoff Ice R, W & B 200ml Btl Sngl","00082000007296","0","Alcohol","5","$3.16",,"0",,,,"Gold Coast",,,,,,,,,,
"35352868","Smirnoff Ice Pink Lmnd 200ml Btl Sngl","00082000007302","0","Alcohol","5","$3.25",,"0",,,,"Gold Coast",,,,,,,,,,
"35352688","Smirnoff Ice Original 11.2oz Btl Sngl","00082000723844","0","Alcohol","5","$2.58",,"0",,,,"Gold Coast",,,,,,,,,,
"35352958","Smirnoff Ice Original 11.2oz 6pk Btl","00082000723851","0","Alcohol","5","$14.20",,"0",,,,"Gold Coast",,,,,,,,,,
"35351820","Smirnoff Ice Original 24oz Btl Sngl","00082000725695","0","Alcohol","5","$4.66",,"0",,,,"Gold Coast",,,,,,,,,,
"35352895","Smirnoff Ice Green Apple 11.2oz Btl Sngl","00082000727477","0","Alcohol","5","$2.58",,"0",,,,"Gold Coast",,,,,,,,,,
"35351421","Smirnoff Ice Green Apple 11.2oz 6pk Btl","00082000727514","0","Alcohol","5","$13.28",,"0",,,,"Gold Coast",,,,,,,,,,
"40664122","Smirnoff Ice Green Apple 24oz Btl Sngl","00082000729020","0","Alcohol","5","$4.66",,"0",,,,"Gold Coast",,,,,,,,,,
"35351870","Smirnoff Ice Screwdriver 11.2oz Btl Sngl","00082000757474","0","Alcohol","5","$2.58",,"0",,,,"Gold Coast",,,,,,,,,,
"36662522","Smirnoff Ice Screwdriver 11.2oz 6pk Btl","00082000757481","0","Alcohol","5","$14.20",,"0",,,,"Gold Coast",,,,,,,,,,
"35352078","Smirnoff Ice Screwdriver 24oz Btl Sngl","00082000762126","0","Alcohol","5","$4.66",,"0",,,,"Gold Coast",,,,,,,,,,
"44084310","Smirnoff Ice Pink Lmnd 11.2oz 6pk Btl","00082000766001","0","Alcohol","5","$14.20",,"0",,,,"Gold Coast",,,,,,,,,,
"35352920","Smirnoff Ice Spiked Screwdriver Can (23.","00082000776925","0","Alcohol","5","$4.20",,"0",,,,"Gold Coast",,,,,,,,,,
"35352156","Smirnoff Ice Smash Peach/mango 23oz C","00082000786252","0","Alcohol","5","$4.20",,"0",,,,"Gold Coast",,,,,,,,,,
"35352021","Smirnoff Ice Strawberry Lemon Can 23.5oz","00082000786337","0","Alcohol","5","$4.20",,"0",,,,"Gold Coast",,,,,,,,,,
"35352367","Smirnoff:ice Smash Red,white & Berry 8%","00082000795223","0","Alcohol","5","$4.20",,"0",,,,"Gold Coast",,,,,,,,,,
"40835060","Smirnoff Ice Pink Lmnd 11.2oz Btl Sngl","00082000797227","0","Alcohol","5","$2.58",,"0",,,,"Gold Coast",,,,,,,,,,
"35351524","Vita Coco Pina Colada (12 Fl Oz)","00082000800385","0","Alcohol","5","$2.95",,"0",,,,"Gold Coast",,,,,,,,,,
"35352026","Vita Coco Lime Mojito (12 Fl Oz)","00082000800408","0","Alcohol","5","$2.95",,"0",,,,"Gold Coast",,,,,,,,,,
"35352592","Pop Chips","00082666711001","0","Snacks","9","$0.68",,"0",,,,,,,,,,,,,,
"35352562","Pop Chips","00082666722007","0","Snacks","9","$0.68",,"0",,,,,,,,,,,,,,
"35352564","Pop Chips","00082666755005","0","Snacks","9","$0.68",,"0",,,,,,,,,,,,,,
"35352563","Pop Chips","00082666777007","0","Snacks","9","$0.68",,"0",,,,,,,,,,,,,,
"35352128","Sierra Nevada Hazy Little Thing Ipa (12","00083783110098","0","Alcohol","5","$2.40",,"0",,,,"Gold Coast",,,,,,,,,,
"35351988","Sierra Nevada Hazy Little Things Ipa 12f","00083783110104","0","Alcohol","5","$14.20",,"0",,,,"Gold Coast",,,,,,,,,,
"35352551","Sierra Nevade Big Littlething Ipa","00083783375558","0","Alcohol","5","$3.88",,"0",,,,"Gold Coast",,,,,,,,,,
"40835114","Sierra Nevada Cosmic Little Thing 19.2oz","00083783375626","0","Alcohol","5","$4.18",,"0",,,,"Gold Coast",,,,,,,,,,
"39147081","Zapp'S Chips Voodoo Potato Chips","00083791010052","0","Snacks","9","$1.20",,"0",,,,,,,,,,,,,,
"35352268","Rapps:voodoo 4.75 Oz","00083791191690","0","Snacks","9","$3.50",,"0",,,,,,,,,,,,,,
"35352815","Guinness Extra Stout 11.2oz Btl Sngl","00083820123555","0","Alcohol","5","$2.38",,"0",,,,"Gold Coast",,,,,,,,,,
"35352960","Guinness Extra Stout 11.2oz 6pk Btl","00083820123937","0","Alcohol","5","$12.25",,"0",,,,"Gold Coast",,,,,,,,,,
"47677392","Red Stripe 2/12 11.2 Oz Bottle","00083820138948","0","Alcohol","5","$19.00",,"0",,,,,,,,,,,,,,
"35352483","Guinness Extra Stout 22oz Btl Sngl","00083820234800","0","Alcohol","5","$4.16",,"0",,,,"Gold Coast",,,,,,,,,,
"37106774","Guinness Extra Stout 11.2oz 12pk Btl","00083820234824","0","Alcohol","5","$20.49",,"0",,,,"Gold Coast",,,,,,,,,,
"35351920","Red Stripe Jmaican Lager 11.2oz Btl Sngl","00083820359626","0","Alcohol","5","$2.20",,"0",,,,"Gold Coast",,,,,,,,,,
"35352101","Red Stripe Jamaican Lager 11.2oz 6pk Btl","00083820567939","0","Alcohol","5","$12.63",,"0",,,,"Gold Coast",,,,,,,,,,
"35351183","Salt And Pepper Combo Pack","00084800200006","0","Grocery Non-taxable","3","$1.99",,"0",,,,,,,,,,,,,,
"39149737","Vmc Paloma C12 700ml","00085000037096","0","Alcohol","5","$6.08",,"0",,,,"Gold Coast",,,,,,,,,,
"35352260","Vmc Jamaica Cocktail 700ml","00085000037102","0","Alcohol","5","$4.67",,"0",,,,"Gold Coast",,,,,,,,,,
"35352683","Beach Juice Strbry Guava Lmnd 16.9 OZ","00085000039588","0","Alcohol","5","$4.21",,"0",,,,"Gold Coast",,,,,,,,,,
"35351818","Beach Juice Mango Peach Smash (16.9 OZ)","00085000039595","0","Alcohol","5","$4.21",,"0",,,,"Gold Coast",,,,,,,,,,
"35352948","Beach Juice PApple Pfruit Punch 16.9 OZ","00085000039601","0","Alcohol","5","$4.21",,"0",,,,"Gold Coast",,,,,,,,,,
"41149552","Beach Juice Watermelon Rush 16.9oz","00085000041123","0","Alcohol","5","$4.21",,"0",,,,"Gold Coast",,,,,,,,,,
"35350902","Motor Oil 10w-30 Custom Plus 1qt","00085051982031","0","Household","6","$3.99",,"0",,,,,,,,,,,,,,
"35350430","Motor Oil 10w-40 Custom Plus 1qt","00085051982048","0","Household","6","$3.99",,"0",,,,,,,,,,,,,,
"35351015","Sutter Home Merlot 187 Ml","00085200000029","0","Alcohol","5","$2.27",,"0",,,,"Southern Glazers",,,,,,,,,,
"35351297","Sutterhome: Cabernet Sauvigon - 187ml","00085200000050","0","Alcohol","5","$2.34",,"0",,,,"Southern Glazers",,,,,,,,,,
"35350846","Sutter Home: Chardonnay 187 Ml","00085200000067","0","Alcohol","5","$2.33","$0.00","0",,,,"Southern Glazers",,,,,,,,,,
"35350918","Sutter Home: Sauvignon Blanc 187Ml","00085200000074","0","Alcohol","5","$2.33","$0.00","0",,,,"Southern Glazers",,,,,,,,,,
"35350568","Sutter Home: White Zinfandel 187 Ml","00085200000098","0","Alcohol","5","$2.33","$0.00","0",,,,"Southern Glazers",,,,,,,,,,
"35352722","Sutter Home: Pinot Grigio 187 Ml","00085200000142","0","Alcohol","5","$2.33","$0.00","0",,,,"Southern Glazers",,,,,,,,,,
"35351032","Sutter Home","00085200000166","0","Alcohol","5","$2.27",,"0",,,,"Southern Glazers",,,,,,,,,,
"35350505","Sutter Home Moscato 750 Ml","00085200000203","0","Alcohol","5","$9.35",,"0",,,,"Southern Glazers",,,,,,,,,,
"35350444","Sutter Home Merlot 750 Ml","00085200000241","0","Alcohol","5","$9.11",,"0",,,,"Southern Glazers",,,,,,,,,,
"35350823","Sutter Home:cabernet Sauvignon 750.00 Ml","00085200000258","0","Alcohol","5","$8.40",,"0",,,,"Southern Glazers",,,,,,,,,,
"35350567","Sutter Home:chardonnay 750.00 Ml","00085200000265","0","Alcohol","5","$8.40",,"0",,,,"Southern Glazers",,,,,,,,,,
"35350569","Sutter Home:sauvignon Blanc 750.00 Ml","00085200000272","0","Alcohol","5","$8.40",,"0",,,,"Southern Glazers",,,,,,,,,,
"35350953","Sutter Home:white Zinfandel 750.00 Ml","00085200000296","0","Alcohol","5","$8.88",,"0",,,,"Southern Glazers",,,,,,,,,,
"35350675","Sutter Home:pinot Grigio 750.00 Ml","00085200000692","0","Alcohol","5","$8.40",,"0",,,,"Southern Glazers",,,,,,,,,,
"35351079","Sutter Home: Sweet Red 187ml","00085200000784","0","Alcohol","5","$2.33","$0.00","0",,,,"Southern Glazers",,,,,,,,,,
"35350781","Sutter Home Pink Moscato 750 Ml","00085200000968","0","Alcohol","5","$8.73",,"0",,,,"Southern Glazers",,,,,,,,,,
"35350934","Sutter Home: Pink Moscato 187 Ml","00085200000999","0","Alcohol","5","$2.33","$0.00","0",,,,"Southern Glazers",,,,,,,,,,
"35350988","Sutter Home: Red Moscato 187 Ml","00085200001170","0","Alcohol","5","$2.33","$0.00","0",,,,"Southern Glazers",,,,,,,,,,
"35350595","Sutter Home Rose 187ml 187ml","00085200001552","0","Alcohol","5","$2.20",,"0",,,,"Southern Glazers",,,,,,,,,,
"35351482","Sutterhome: Fruit Infusions- Sweet Peach","00085200001781","0","Alcohol","5","$2.34",,"0",,,,"Southern Glazers",,,,,,,,,,
"35351328","Sutter Home: Fruit Infusions- Wild Berry","00085200001798","0","Alcohol","5","$2.34",,"0",,,,"Southern Glazers",,,,,,,,,,
"35351206","Sutter Home","00085200001804","0","Alcohol","5","$2.34",,"0",,,,"Southern Glazers",,,,,,,,,,
"48463070","Sutter Home Frt Inf Peach 750ml","00085200001811","0","Alcohol","5","$8.88",,"0",,,,,,,,,,,,,,
"35352074","Sutter Homw","00085200001835","0","Alcohol","5","$9.11",,"0",,,,"Southern Glazers",,,,,,,,,,
"37179694","Sutter Home Frt Inf Pineap 750ml","00085200001859","0","Alcohol","5","$8.40",,"0",,,,"Southern Glazers",,,,,,,,,,
"35351589","Sutter Home Lemonade","00085200001927","0","Alcohol","5","$2.66",,"0",,,,"Southern Glazers",,,,,,,,,,
"35350722","Sutter Home Sangria 187 Ml","00085200002191","0","Alcohol","5","$2.27",,"0",,,,"Southern Glazers",,,,,,,,,,
"35351823","Sutterhome: Fruit Infusions- Blueberry W","00085200002368","0","Alcohol","5","$2.34",,"0",,,,"Southern Glazers",,,,,,,,,,
"35350439","Sutterhome:fruit Infusions- Sweet Peach","00085200022182","0","Alcohol","5","$8.40",,"0",,,,"Southern Glazers",,,,,,,,,,
"35351067","Sutterhome: Fruit Infusions - 4/187ml","00085200022205","0","Alcohol","5","$8.40",,"0",,,,"Southern Glazers",,,,,,,,,,
"35350438","Sutterhome: Fruit Infusions - 4pck/187ml","00085200023523","0","Alcohol","5","$8.40",,"0",,,,"Southern Glazers",,,,,,,,,,
"35352901","Sutter Home: Pinot Grigio 4x187 Ml","00085200118755","0","Alcohol","5","$8.40",,"0",,,,"Southern Glazers",,,,,,,,,,
"35351508","Sutter Home: Pink Moscato 4x187 Ml","00085200118830","0","Alcohol","5","$8.40",,"0",,,,"Southern Glazers",,,,,,,,,,
"35351022","Sutter Home: Red Moscato 4x187 Ml","00085200118847","0","Alcohol","5","$8.40",,"0",,,,"Southern Glazers",,,,,,,,,,
"35351149","Sutter Home Sangria 4 Pack 186 Ml","00085200118878","0","Alcohol","5","$9.35",,"0",,,,"Southern Glazers",,,,,,,,,,
"35351354","Sutter Home:merlot - 4pck/187 Ml","00085200218745","0","Alcohol","5","$8.40",,"0",,,,"Southern Glazers",,,,,,,,,,
"35351566","Sutter Home :Cabernet Sauvignon - 4pck/1","00085200518746","0","Alcohol","5","$8.69",,"0",,,,"Southern Glazers",,,,,,,,,,
"35352602","Sutter Home: Chardonnay 4x187 Ml","00085200618743","0","Alcohol","5","$8.40",,"0",,,,"Southern Glazers",,,,,,,,,,
"35352633","Sutter Home: Sauvignon Blanc 4x187 Ml","00085200718740","0","Alcohol","5","$8.40",,"0",,,,"Southern Glazers",,,,,,,,,,
"35352226","Sutter Home: White Zinfandel 4x187 Ml","00085200918744","0","Alcohol","5","$8.40",,"0",,,,"Southern Glazers",,,,,,,,,,
"35352025","Sutter Home Moscato 4pck/187ml","00085200918751","0","Alcohol","5","$8.40",,"0",,,,"Southern Glazers",,,,,,,,,,
"35350443","Sutter Home: Sweet Red 4x187 Ml","00085200918768","0","Alcohol","5","$8.40",,"0",,,,"Southern Glazers",,,,,,,,,,
"35351026","Cloverhill Bakery Big Texas Cinnamon Rol","00085264043703","0","Ultra-Processed Prep Desserts","23","$2.50",,"0",,,,,,,,,,,,,,
"43792496","Mad dog blue razz 200 ml","00085904015602","0","Alcohol","5","$5.44",,"0",,,,,,,,,,,,,,
"35352370","Md 20/20 Blue Raspberry 375ml Btl Sngl","00085904353308","0","Alcohol","5","$4.48",,"0",,,,"Eagle Brands Sales",,,,,,,,,,
"35352382","Md 20/20 Electric Melon 375ml Btl Sngl","00085904363307","0","Alcohol","5","$4.48",,"0",,,,"Eagle Brands Sales",,,,,,,,,,
"35352866","Md 20/20 Orange Jubilee 375ml Btl Sngl","00085904453305","0","Alcohol","5","$4.48",,"0",,,,"Eagle Brands Sales",,,,,,,,,,
"35351927","Md 20/20 Banana Red 375ml Btl Sngl","00085904513306","0","Alcohol","5","$4.48",,"0",,,,"Eagle Brands Sales",,,,,,,,,,
"35350455","Woodbridge Chardonnay 750ml","00086003000087","0","Alcohol","5","$9.34",,"0",,,,,,,,,,,,,,
"35350843","Robert Mondavi Winery:merlot 750.00 Ml","00086003000421","0","Alcohol","5","$9.26",,"0",,,,,,,,,,,,,,
"35350456","Woodbridge Merlot 750ml","00086003000490","0","Alcohol","5","$10.98",,"0",,,,,,,,,,,,,,
"35350956","Robert Mondavi Winery:riesling 750.00 Ml","00086003000520","0","Alcohol","5","$8.87",,"0",,,,,,,,,,,,,,
"35350458","Robert Mondavi Pvt Sel: Chardonnay 1.5 L","00086003001497","0","Alcohol","5","$18.46",,"0",,,,,,,,,,,,,,
"35350706","Robert Mondavi Private Selection Merlot","00086003001503","0","Alcohol","5","$16.81",,"0",,,,,,,,,,,,,,
"35351034","Robert Mondavi Private Selection Caberne","00086003001602","0","Alcohol","5","$16.81",,"0",,,,,,,,,,,,,,
"35351694","Woodbridge Cabernet Sauvignon (187 Ml)","00086003002425","0","Alcohol","5","$2.36",,"0",,,,,,,,,,,,,,
"35352052","Wine 1","00086003002456","0","Alcohol","5","$2.20",,"0",,,,,,,,,,,,,,
"35350683","Woodbridge White Zinfandel 4/pk","00086003002593","0","Alcohol","5","$9.71",,"0",,,,,,,,,,,,,,
"35350889","Robert Mondavi Winery:pinot Grigio 750.0","00086003002692","0","Alcohol","5","$9.34",,"0",,,,,,,,,,,,,,
"35350857","Robert Mondavi Winery Cabernet Sauvignon","00086003061910","0","Alcohol","5","$9.34",,"0",,,,,,,,,,,,,,
"35351050","Robert Mondavi Winery:pinot Noir 750.00","00086003091931","0","Alcohol","5","$9.34",,"0",,,,,,,,,,,,,,
"35351412","Robert Mondavi Winery:sauvignon Blanc 75","00086003361935","0","Alcohol","5","$9.26",,"0",,,,,,,,,,,,,,
"35350766","Robert Mondavi Winery:chardonnay 750.00","00086003461925","0","Alcohol","5","$9.71",,"0",,,,,,,,,,,,,,
"35350457","Woodbridge Sauvignon Blanc 750ml","00086003861862","0","Alcohol","5","$9.34",,"0",,,,,,,,,,,,,,
"35350556","Woodbridge By Robert Mondavi:chardonnay","00086003873889","0","Alcohol","5","$13.08",,"0",,,,,,,,,,,,,,
"35350883","Ck Mondavi 750 Ml","00086012400632","0","Alcohol","5","$9.34",,"0",,,,,,,,,,,,,,
"35350559","Ck Mondavi Willow Springs:chardonnay 750","00086012400731","0","Alcohol","5","$7.47",,"0",,,,,,,,,,,,,,
"35350794","Ck Mondavi:chardonnay 1.50 Lt","00086012400748","0","Tobacco","4","$12.14",,"0",,,,,,,,,,,,,,
"35351048","Ck Mondavi Willow Springs:pinot Grigio 1","00086012400830","0","Alcohol","5","$9.34",,"0",,,,,,,,,,,,,,
"35350625","Ck Mondavi Pinot Grigio 1.5l","00086012400847","0","Alcohol","5","$12.14",,"0",,,,,,,,,,,,,,
"35350869","Ck Mondavi Moscato 750 Ml","00086012401202","0","Alcohol","5","$7.47",,"0",,,,,,,,,,,,,,
"35351869","Ck Wine 1.5","00086012401219","0","Alcohol","5","$12.14",,"0",,,,,,,,,,,,,,
"35350631","Ck Mondavi Wildcreek Canyon:merlot 750.0","00086012500837","0","Alcohol","5","$9.99",,"0",,,,,,,,,,,,,,
"35350855","Ck Mondavi Wildcreek Canyon:cabernet Sau","00086012500936","0","Alcohol","5","$7.47",,"0",,,,,,,,,,,,,,
"35352306","Job 1 1/4 1.25","00086400000833","0","Tobacco","4","$0.99",,"0",,,,,,,,,,,,,,
"35351721","Ocb:bamboo Slim","00086400904926","0","Tobacco","4","$2.35",,"0",,,,,,,,,,,,,,
"35351965","Bumble Bee Tuna Salad And Crackers (3.5","00086600707778","0","General Food","7","$2.25",,"0",,,,,,,,,,,,,,
"35351531","Zigzag","00086614000094","0","Tobacco","4","$1.21",,"0",,,,,,,,,,,,,,
"35353048","Zigzag Slowburning","00086624000060","0","Tobacco","4","$2.49",,"0",,,,,,,,,,,,,,
"35351839","Njoy Coffee Creamer","00086631008493","0","Household","6","$2.99",,"0",,,,,,,,,,,,,,
"35351005","Cavit Collection:pinot Grigio 750.00 Ml","00086785000084","0","Alcohol","5","$11.68",,"0",,,,,,,,,,,,,,
"35352373","Roscato Sweet Red 750 Ml","00086785110738","0","Alcohol","5","$10.98",,"0",,,,,,,,,,,,,,
"35351262","Cavit Collection:pinot Grigio 187.00 Ml","00086785211091","0","Alcohol","5","$3.50",,"0",,,,,,,,,,,,,,
"35351150","Cavit Collection:pinot Grigio 4 Pack 187","00086785211107","0","Alcohol","5","$14.02",,"0",,,,,,,,,,,,,,
"35350829","Cavit Collection:merlot 748.00 Ml","00086785211374","0","Alcohol","5","$14.02",,"0",,,,,,,,,,,,,,
"35351108","Cavit Collection:merlot 187.00 Ml","00086785211428","0","Alcohol","5","$3.50",,"0",,,,,,,,,,,,,,
"35351126","Cavit Collection:moscato 750.00 Ml","00086785212364","0","Alcohol","5","$12.61",,"0",,,,,,,,,,,,,,
"35350945","Cavit Prosecco 750ml","00086785212807","0","Alcohol","5","$12.63",,"0",,,,,,,,,,,,,,
"35350638","Roscato Moscato 750 Ml","00086785213002","0","Alcohol","5","$11.45",,"0",,,,,,,,,,,,,,
"35350571","Cavit Collection:chardonnay 750.00 Ml","00086785221038","0","Alcohol","5","$8.64",,"0",,,,,,,,,,,,,,
"35351636","Wine","00086891080178","0","Alcohol","5","$12.14",,"0",,,,,,,,,,,,,,
"35351829","Mezzacorona Pinot Grigio","00087241881063","0","Alcohol","5","$11.45",,"0",,,,,,,,,,,,,,
"35351880","Caprisun","00087684004449","0","Drinks","8","$0.65",,"0",,,,,,,,,,,,,,
"35351905","Truly Pineapple (24 Fl Oz)","00087692009702","0","Alcohol","5","$3.95",,"0",,,,"Gold Coast",,,,,,,,,,
"35352189","Twisted Tea Mangonada (24 Fl Oz)","00087692015918","0","Alcohol","5","$3.98",,"0",,,,"Gold Coast",,,,,,,,,,
"35352188","Twisted Tea Blue Razz (24 Fl Oz)","00087692017820","0","Alcohol","5","$3.98",,"0",,,,"Gold Coast",,,,,,,,,,
"35352187","Twisted Tea Lemon (24 Fl Oz)","00087692017837","0","Alcohol","5","$3.98",,"0",,,,"Gold Coast",,,,,,,,,,
"35351147","Twisted Tea Hard Iced Tea Half & Half 24","00087692752318","0","Alcohol","5","$3.97",,"0",,,,"Gold Coast",,,,,,,,,,
"35352786","Twisted Tea Hard Iced Tea Original (24 F","00087692832317","0","Alcohol","5","$3.98",,"0",,,,"Gold Coast",,,,,,,,,,
"35352190","Twisted Tea Hard Iced Tea Raspberry Sing","00087692852315","0","Alcohol","5","$3.98",,"0",,,,"Gold Coast",,,,,,,,,,
"35353064","Fireball 1.7 Fl Oz","00088004040888","0","Alcohol","5","$1.29",,"0",,,,"Eagle Brands Sales",,,,,,,,,,
"35351537","Fireball 1.7fl 10pack (1.7 Fl Oz X 10 Ct","00088004040895","0","Alcohol","5","$12.80",,"0",,,,"Eagle Brands Sales",,,,,,,,,,
"35351879","Fireball 100 Ml","00088004040901","0","Alcohol","5","$2.57",,"'-32",,,,"Eagle Brands Sales",,,,,,,,,,
"35351618","Southern Comfort 3.4 Fl Oz","00088004041861","0","Alcohol","5","$2.57",,"0",,,,,,,,,,,,,,
"35352598","Fris (3.4 Fl Oz)","00088004053185","0","Alcohol","5","$2.57",,"0",,,,"Eagle Brands Sales",,,,,,,,,,
"35372781","99 Bananas (1.7 Fl Oz)","00088004053949","0","Alcohol","5","$1.22",,"0",,,,"Eagle Brands Sales",,,,,,,,,,
"35372793","99 Apples (1.7 Fl Oz)","00088004053956","0","Alcohol","5","$1.22",,"112",,,,"Eagle Brands Sales",,,,,,,,,,
"35372792","99 Watermelons (1.7 Fl Oz)","00088004053970","0","Alcohol","5","$1.22",,"0",,,,"Eagle Brands Sales",,,,,,,,,,
"35372790","99 Bananas 10pack (1.7 Fl Oz X 10 Ct)","00088004055875","0","Alcohol","5","$12.00",,"0",,,,"Eagle Brands Sales",,,,,,,,,,
"35352829","Southern Comfort (6.8 Fl Oz)","00088004069537","0","Alcohol","5","$4.75",,"0",,,,,,,,,,,,,,
"35372802","99 Watermelons (6.8 Fl Oz)","00088004069704","0","Alcohol","5","$2.15",,"0",,,,"Eagle Brands Sales",,,,,,,,,,
"40327785","Buzzballz Pink Lm 187ml","00088004076573","0","Alcohol","5","$4.50","$0.00","0",,,,"Southern Glazers",,,,,,,,,,
"47771286","Svedka Vodk 3.4oz","00088004077303","0","Alcohol","5","$2.57",,"0",,,,,,,,,,,,,,
"40645884","Vodka Svedka 1.7 oz","00088004077310","0","Alcohol","5","$1.15",,"0",,,,"Eagle Brands Sales",,,,,,,,,,
"40645838","Fireball 6.8 floz blazing apple","00088004079086","0","Alcohol","5","$3.55",,"0",,,,"Eagle Brands Sales",,,,,,,,,,
"36497559","Epicacabern","00088320135015","0","Alcohol","5","$8.99",,"0",,,,,,,,,,,,,,
"35350739","Yellow Tail:chardonnay 750.00 Ml","00088320135039","0","Alcohol","5","$7.47",,"0",,,,,,,,,,,,,,
"39015716","Real Sangria Red 1/12 750 Ml Bottle","00088320341034","0","Alcohol","5","$8.99","$0.00","0",,,,,,,,,,,,,,
"40916395","Cheers to you set 2 750 ml bottles","00088586012341","0","Alcohol","5","$29.00",,"0",,,,,,,,,,,,,,
"35351841","Chateau Ste. Michelle: Cabernet Sauvigno","00088586601835","0","Alcohol","5","$14.01",,"0",,,,,,,,,,,,,,
"35351845","Chateau Ste. Michelle:chardonnay 750.00","00088586603846","0","Alcohol","5","$14.01",,"0",,,,,,,,,,,,,,
"35351594","Jamaican Kola Champagne 12 Fl Oz","00089087120115","0","Soda/Energy Beverages","19","$1.64",,"0",,,,,,,,,,,,,,
"35352736","Jamaican Ginger Beer 12 Fl Oz","00089087120139","0","Soda/Energy Beverages","19","$1.64",,"0",,,,,,,,,,,,,,
"35352460","Mistic Mango Carrot (15.9 Fl Oz)","00089396000481","0","Drinks","8","$1.59",,"0",,,,"Seven Up Snapple,Mistuc",,,,,,,,,,
"35352459","Mistic Orange Carrot (15.9 Fl Oz)","00089396000528","0","Drinks","8","$1.59",,"0",,,,"Seven Up Snapple,Mistuc",,,,,,,,,,
"35351583","Mistic Strawberry Banana 15.9 Fl Oz","00089396000566","0","Drinks","8","$2.00",,"0",,,,,,,,,,,,,,
"35351526","Mistic Tropical Carrot 15.9 Fl Oz","00089396000580","0","Drinks","8","$1.59",,"0",,,,"Seven Up Snapple,Mistuc",,,,,,,,,,
"35352458","Mistic Bahama Blueberry (15.9 Fl Oz)","00089396000603","0","Drinks","8","$1.59",,"0",,,,"Seven Up Snapple,Mistuc",,,,,,,,,,
"35352998","Mistic Tropical Fruit Punch (15.9 Fl Oz)","00089396000627","0","Drinks","8","$1.59",,"0",,,,"Seven Up Snapple,Mistuc",,,,,,,,,,
"35352439","Mistic Grape Strawberry 15.9 Fl Oz","00089396000641","0","Drinks","8","$2.00",,"0",,,,,,,,,,,,,,
"35350740","Mistic","00089396000665","0","Drinks","8","$2.00",,"0",,,,,,,,,,,,,,
"35352724","Mistic Lotta Colada (15.9 Fl Oz)","00089396000689","0","Drinks","8","$1.59",,"0",,,,"Seven Up Snapple,Mistuc",,,,,,,,,,
"36407043","Wine World Inc. Rose Wine","00089819001750","0","Alcohol","5","$8.99",,"0",,,,,,,,,,,,,,
"35350428","Beringer America's Favorite:white Zinfan","00089819006526","0","Alcohol","5","$5.38",,"0",,,,,,,,,,,,,,
"35350719","Beringer Refreshingly Sweet:moscato 750.","00089819067206","0","Alcohol","5","$5.60",,"0",,,,,,,,,,,,,,
"35350715","Beringer:pink Moscato 750.00 Ml","00089819542543","0","Alcohol","5","$5.60",,"0",,,,,,,,,,,,,,
"35350858","Beringer Sweet Indulgence:white Zinfande","00089819543526","0","Alcohol","5","$5.60",,"0",,,,,,,,,,,,,,
"35350563","Yuengling Traditional Lager 6-pack 72.00","00089924278917","0","Alcohol","5","$11.92",,"0",,,,"Gold Coast",,,,,,,,,,
"44084316","Yuengling Lager 12oz 12pk Can","00089924278986","0","Alcohol","5","$19.25",,"0",,,,"Gold Coast",,,,,,,,,,
"35353000","Yuengling Lager 16 oz Can","00089924532491","0","Alcohol","5","$1.95",,"0",,,,"Gold Coast",,,,,,,,,,
"35352491","Yuengling Lager Can (24 Fl Oz)","00089924600244","0","Alcohol","5","$3.18",,"0",,,,"Gold Coast",,,,,,,,,,
"35352956","Yuengling Flight (24 Fl Oz)","00089924770220","0","Alcohol","5","$3.35",,"0",,,,"Gold Coast",,,,,,,,,,
"36412993","FO CHINA RAIN 60 ML","00090246002456","0","Grocery Non-taxable","3","$2.50",,"0",,,,,,,,,,,,,,
"35352090","Oil Coco Chanel Fragance Bottle","00090246002463","0","Misc.","15","$2.75",,"0",,,,,,,,,,,,,,
"35351793","Scentology","00090246002470","0","Household","6","$2.69",,"0",,,,,,,,,,,,,,
"35351058","Oil Gucci Fragance Bottle","00090246002500","0","Misc.","15","$2.75",,"0",,,,,,,,,,,,,,
"35350873","Oil Pussy Fragance Bottle","00090246002531","0","Misc.","15","$2.75",,"0",,,,,,,,,,,,,,
"35830608","Anti Stress","00090246002548","0","Household","6","$2.50",,"0",,,,,,,,,,,,,,
"35350922","Oil Myrrh Fragance Bottle","00090246002562","0","Misc.","15","$2.75",,"0",,,,,,,,,,,,,,
"35350812","Oil Strawberry Fragance Bottle","00090246002586","0","Misc.","15","$2.86",,"0",,,,,,,,,,,,,,
"35352088","Oil Feng Shui Fragance Bottle","00090246002616","0","Misc.","15","$2.75",,"0",,,,,,,,,,,,,,
"39779263","Cherry blussom","00090246002760","0","Household","6","$2.50",,"0",,,,,,,,,,,,,,
"35350649","Jarritos Mandarin","00090478008301","0","Soda/Energy Beverages","19","$2.25",,"0",,,,,,,,,,,,,,
"41272704","Jarrito 12oz can","00090478008684","0","Soda/Energy Beverages","19","$1.75",,"0",,,,,,,,,,,,,,
"35353017","Jarritos Mandarin 12.5 Fl Oz","00090478410012","0","Soda/Energy Beverages","19","$1.50",,"0",,,,,,,,,,,,,,
"48091331","Jarritos Tamarind 1/24 12.5 Fl Oz Bottle","00090478410029","0","Drinks","8","$1.40",,"0",,,,,,,,,,,,,,
"35352244","Jarritos Pineapple 12.5 Fl Oz","00090478410043","0","Soda/Energy Beverages","19","$1.75",,"0",,,,,,,,,,,,,,
"35351723","Jarritos Lime 12.5 Fl Oz","00090478410050","0","Soda/Energy Beverages","19","$1.40",,"0",,,,,,,,,,,,,,
"35352265","Jarritos Grapefruit 12.5 Fl Oz","00090478410074","0","Soda/Energy Beverages","19","$1.50",,"0",,,,,,,,,,,,,,
"35351436","Winston Black 1.00 Pk","00090500000006","0","Tobacco","4","$10.85",,"0",,,,,,,,,,,,,,
"35350963","Winston Menthol 1.00 Pk","00090500000044","0","Tobacco","4","$10.85",,"0",,,,,,,,,,,,,,
"35350597","Maverick Red 100's 1","00090500000389","0","Tobacco","4","$5.05",,"0",,,,,,,,,,,,,,
"35350488","Maverick Red Short","00090500000464","0","Tobacco","4","$8.45",,"0",,,,,,,,,,,,,,
"35350788","Maverick Cigarettes Green Box 100's 20","00090500000518","0","Tobacco","4","$5.05",,"0",,,,,,,,,,,,,,
"35350860","Maverick Gold Box 100s 1 Ct","00090500000532","0","Tobacco","4","$5.25",,"0",,,,,,,,,,,,,,
"35350486","Winston","00090500000570","0","Tobacco","4","$10.50",,"0",,,,,,,,,,,,,,
"35350485","Winston 100","00090500000587","0","Tobacco","4","$5.40",,"0",,,,,,,,,,,,,,
"35351259","Winston Gold Box Regular","00090500000594","0","Tobacco","4","$10.85",,"0",,,,,,,,,,,,,,
"36518680","Fl Winston Gold 100 Box","00090500000617","0","Tobacco","4","$10.85",,"0",,,,,,,,,,,,,,
"35350743","Winston White Box 1","00090500000624","0","Tobacco","4","$10.85",,"0",,,,,,,,,,,,,,
"35350671","Winston Ultra Lights 100's 1","00090500000679","0","Tobacco","4","$10.85",,"0",,,,,,,,,,,,,,
"35351982","Kool","00090500000716","0","Tobacco","4","$9.50",,"0",,,,,,,,,,,,,,
"35351442","Kool","00090500000723","0","Tobacco","4","$7.01",,"0",,,,,,,,,,,,,,
"35351611","Kool","00090500000730","0","Tobacco","4","$9.99",,"0",,,,,,,,,,,,,,
"35350998","Salem Box Menthol 1 Pk","00090500000907","0","Tobacco","4","$8.37",,"0",,,,,,,,,,,,,,
"35350481","Salem","00090500000914","0","Tobacco","4","$10.75",,"0",,,,,,,,,,,,,,
"35350807","Salem Gold Box 1","00090500000938","0","Tobacco","4","$8.37",,"0",,,,,,,,,,,,,,
"35350996","Salem Gold 100's Box 1","00090500000945","0","Tobacco","4","$8.37",,"0",,,,,,,,,,,,,,
"35350645","Winston Ff K 0.50 Ea","00090500010074","0","Tobacco","4","$6.31",,"0",,,,,,,,,,,,,,
"35350647","Winston Ment. King 1 Off","00090500010166","0","Tobacco","4","$6.12",,"0",,,,,,,,,,,,,,
"35352388","Otis Spunkmeyer:wild Blueberry 4.00 Oz","00091752001001","0","Snacks","9","$1.55",,"0",,,,,,,,,,,,,,
"35352386","Otis Spunkmeyer:banana Nut 4.00 Oz","00091752001056","0","Snacks","9","$2.10",,"0",,,,,,,,,,,,,,
"35352387","Otis Spunkmeyer:chocolate Chocolate Chip","00091752001209","0","Snacks","9","$1.55",,"0",,,,,,,,,,,,,,
"35352874","Heineken 7 Oz Bottle","00094100008790","0","Alcohol","5","$1.64",,"0",,,,"Gold Coast",,,,,,,,,,
"35351907","Grabba Cigars","00094922068422","0","Tobacco","4","$1.75",,"0",,,,,,,,,,,,,,
"35351477","Lemon","00095829600555","0","Grocery Non-taxable","3","$0.12",,"0",,,,,,,,,,,,,,
"35351653","Tic Tac: Tropical Adventure 1oz","00098000074480","0","Candy","22","$1.75",,"0",,,,"Sams Club",,,,,,,,,,
"35350508","Kinder Joy","00098100005339","0","Snacks","9","$1.40",,"0",,,,,,,,,,,,,,
"35352936","Kinder Joy (0.7 Oz)","00098520000037","0","Snacks","9","$2.00",,"0",,,,,,,,,,,,,,
"35351409","Dc Kinder Joy","00098733000091","0","Candy","22","$2.61",,"0",,,,,,,,,,,,,,
"35352726","Butterfinger Bar (1.9 Oz)","00099900100873","0","Snacks","9","$1.50",,"0",,,,,,,,,,,,,,
"44002090","Crunch King","00099900722198","0","Candy","22","$2.25",,"0",,,,,,,,,,,,,,
"35352713","Crunch Creamy Milk Chocolate (1.55 Oz)","00099900908363","0","Snacks","9","$1.80",,"0",,,,,,,,,,,,,,
"35350755","Menage A Trois:white Table Wine 750.00 M","00099988071058","0","Alcohol","5","$9.34",,"0",,,,,,,,,,,,,,
"35350560","Menage A Trois:red Table Wine 750.00 Ml","00099988071096","0","Alcohol","5","$11.21",,"0",,,,,,,,,,,,,,
"35350973","Menage A Trois:chardonnay 750.00 Ml","00099988071102","0","Alcohol","5","$11.66",,"0",,,,,,,,,,,,,,
"35350657","Menage A Trois:moscato 750.00 Ml","00099988071157","0","Alcohol","5","$11.21",,"0",,,,,,,,,,,,,,
"35350632","Menage A Trois:pinot Grigio 750.00 Ml","00099988071164","0","Alcohol","5","$9.34",,"0",,,,,,,,,,,,,,
"35350913","Menage A Trois-merlot 750ml","00099988071201","0","Alcohol","5","$11.21",,"0",,,,,,,,,,,,,,
"35350926","Menage A Trois Malbec 750 Ml","00099988071218","0","Alcohol","5","$9.71",,"0",,,,,,,,,,,,,,
"35350797","Menage A Trois Midnight Red Wine Blend 7","00099988071294","0","Alcohol","5","$9.71",,"0",,,,,,,,,,,,,,
"35350618","Menage A Trois Proseco 750ml","00099988071300","0","Alcohol","5","$11.92",,"0",,,,,,,,,,,,,,
"35352150","Menage Trois Moscato 750","00099988071898","0","Alcohol","5","$11.21",,"0",,,,,,,,,,,,,,
"35350733","Menage A Trois Hot Pink 750 Ml","00099988071973","0","Alcohol","5","$11.21",,"0",,,,,,,,,,,,,,
"35350588","Menage A Trois Red Table Wine 750.00 Ml","00099988371080","0","Alcohol","5","$9.34",,"0",,,,,,,,,,,,,,
"35868583","iPhone Charger","00101107862208","0","Non-Tax","1","$12.00",,"0",,,,,,,,,,,,,,
"35350849","Micro Usb For Androi","00107861101102","0","Household","6","$12.47",,"0",,,,,,,,,,,,,,
"35351787","Chicharrones 2 Fl Oz","00123456789128","0","Snacks","9","$3.25",,"0",,,,,,,,,,,,,,
"35372609","Chicharrones 2 Fl Oz","00123457000000","0","Snacks","9","$3.25",,"0",,,,,,,,,,,,,,
"45691560","Feen THC Purple Haze","00186495793228","0","Tobacco","4","$9.99",,"0",,,,,,,,,,,,,,
"45710159","Feen THC Sour Diesel","00186495793259","0","Tobacco","4","$9.99",,"0",,,,,,,,,,,,,,
"45710163","Feen THC Northern","00186495793280","0","Tobacco","4","$9.99",,"0",,,,,,,,,,,,,,
"40650529","Biscolata","00190104156151","0","Candy","22","$1.25",,"0",,,,,,,,,,,,,,
"39533961","Therma Winter Hat pom","00191554103115","0","Non-Tax","1","$6.50","$0.00","0",,,,,,,,,,,,,,
"35352030","Membersmark:orange Juice 52 Fl Oz","00193968016890","0","Drinks","8","$5.99",,"0",,,,,,,,,,,,,,
"35351712","Member Mark's Diced Tomotoes In Tomato J","00193968031206","0","General Food","7","$1.25",,"0",,,,,,,,,,,,,,
"35352283","Plus Alkaline Water","00193968075125","0","Grocery Non-taxable","3","$3.00",,"0",,,,,,,,,,,,,,
"35351797","Animal Cookies","00193968301170","0","Candy","22","$1.25",,"0",,,,,,,,,,,,,,
"47901843","Orange Juice","00193968556587","0","General Food","7","$5.50",,"0",,,,,,,,,,,,,,
"48082493","Members Mark Whole Milk 1 Gal","00193968901424","0","Dairy","12","$5.50",,"0",,,,"Sams Club",,,,,,,,,,
"35350422","Plate 25 Count","00194346053322","0","Grocery Non-taxable","3","$2.69",,"0",,,,,,,,,,,,,,
"35351742","Dinner Plates 4 Pcs","00195464028872","0","Household","6","$1.25",,"0",,,,,,,,,,,,,,
"35351743","Dinner Plates 4pcs","00195464028964","0","Household","6","$1.25",,"0",,,,,,,,,,,,,,
"35351736","Salad Plate 6pc","00195464029077","0","Household","6","$1.25",,"0",,,,,,,,,,,,,,
"41256813","Bulb","00195464084403","0","Household","6","$1.99",,"0",,,,,,,,,,,,,,
"35351744","Paper Plates 30 Pcs","00195464202968","0","Household","6","$1.25",,"0",,,,,,,,,,,,,,
"35351749","Baverage Napkins","00195464233306","0","Household","6","$1.25",,"0",,,,,,,,,,,,,,
"35350714","Batteries Aaa 8 Count","00195464280768","0","Household","6","$3.50",,"0",,,,,,,,,,,,,,
"35351740","10 Plastic Bowls","00195464360026","0","Household","6","$1.25",,"0",,,,,,,,,,,,,,
"35351542","Super Heavy Duty Aa 1.5v","00195464402719","0","Household","6","$3.25",,"0",,,,,,,,,,,,,,
"35351656","Super Heavy Duty Battries Aaa 1.5 V","00195464402740","0","Household","6","$3.25",,"0",,,,,,,,,,,,,,
"35352876","Razers 2","00195464435564","0","Gen Merch","10","$3.00",,"0",,,,,,,,,,,,,,
"35351751","Baverage Napkins","00195464513507","0","Household","6","$1.25",,"0",,,,,,,,,,,,,,
"35351746","Tumbler Witg Straw","00195464513866","0","Household","6","$1.25",,"0",,,,,,,,,,,,,,
"35351739","Paper Plates 14","00195464513972","0","Household","6","$1.25",,"0",,,,,,,,,,,,,,
"35351737","14 Paper Plates 9x9in","00195464514481","0","Household","6","$1.25",,"0",,,,,,,,,,,,,,
"35351738","Party Paper Plates 14","00195464531075","0","Household","6","$1.25",,"0",,,,,,,,,,,,,,
"35372561","Atomic Boss Hard Punch Berry Blast (16 F","00196383000000","0","Alcohol","5","$5.61",,"0",,,,,,,,,,,,,,
"35351460","Atomic Boss Hard Punch Tropical Fusion (","00196383007559","0","Alcohol","5","$5.61",,"0",,,,,,,,,,,,,,
"35351175","Atomic Boss Hard Punch Berry Blast (16 F","00196383007597","0","Alcohol","5","$5.61",,"0",,,,,,,,,,,,,,
"45628680","Botanera","00199874143323","0","Snacks","9","$3.25",,"0",,,,,,,,,,,,,,
"35350886","T Shirt","00200002023612","0","Household","6","$6.00",,"0",,,,,,,,,,,,,,
"35351633","Hard Steel","00258463648769","0","Alcohol","5","$7.47",,"0",,,,,,,,,,,,,,
"35352256","Type-c To Iphone 6.6ft","00278551322715","0","Household","6","$11.99",,"0",,,,,,,,,,,,,,
"35350892","Advil 1","00305730151122","0","Vitamins/medicine","14","$2.50",,"0",,,,,,,,,,,,,,
"35351179","Tums","00307660739197","0","Vitamins/medicine","14","$2.50",,"0",,,,,,,,,,,,,,
"42419827","Tums Ex Asst Berries","00307667388084","0","Vitamins/medicine","14","$2.50",,"0",,,,,,,,,,,,,,
"35350741","Swan Isoporphyl Alcohol 70% 16 Oz","00308691156106","0","Household","6","$3.00",,"0",,,,,,,,,,,,,,
"35351865","10foot C-type Cord","00310107863300","0","Household","6","$11.99",,"0",,,,,,,,,,,,,,
"35352470","Halls Cough & Throat Relief Honey Lemon","00312546002920","0","General Food","7","$2.10",,"0",,,,,,,,,,,,,,
"35352597","Halls Honey Lemon Cough Relief 9 Tablets","00312546628724","0","Snacks","9","$2.25",,"0",,,,,,,,,,,,,,
"35372661","Halls Honey Lemon Cough Relief 9 Tablets","00312547000000","0","Snacks","9","$2.25",,"0",,,,,,,,,,,,,,
"39368620","Visine Redeye Hyd Comfort","00312547493833","0","Vitamins/medicine","14","$4.50",,"0",,,,,,,,,,,,,,
"35350624","Nyquil","00323900042100","0","Vitamins/medicine","14","$3.38",,"0",,,,,,,,,,,,,,
"35352081","Nyquil","00323900042384","0","Vitamins/medicine","14","$2.50",,"0",,,,,,,,,,,,,,
"35350834","Dayquil 2","00323900042391","0","Vitamins/medicine","14","$2.50",,"0",,,,,,,,,,,,,,
"35350700","Pain Relief 500 Mg Tylenol 40 Ct","00369168328402","0","Vitamins/medicine","14","$2.50",,"0",,,,,,,,,,,,,,
"35350433","Easter Toy","00430002096860","0","Candy","22","$1.00",,"0",,,,,,,,,,,,,,
"35351233","Easter Toy","00430002142581","0","Candy","22","$1.00",,"0",,,,,,,,,,,,,,
"35351551","Easter Toy","00430002143656","0","Candy","22","$1.00",,"0",,,,,,,,,,,,,,
"35350434","Easter Toy","00430002143670","0","Candy","22","$1.00",,"0",,,,,,,,,,,,,,
"35350437","Easter Toy","00430002143977","0","Candy","22","$1.00",,"0",,,,,,,,,,,,,,
"47834729","NYB INDICA 1G","00437823947999","0","Tobacco","4","$60.00",,"0",,,,,,,,,,,,,,
"35351329","Wise Flip Top Sandwich Bags 6.25","00475014011081","0","Household","6","$1.87",,"0",,,,,,,,,,,,,,
"35352006","Burro Primavera","00489741745522","0","Alcohol","5","$7.47",,"0",,,,,,,,,,,,,,
"35350622","Pall Mall","00499050770184","0","Tobacco","4","$5.15",,"0",,,,,,,,,,,,,,
"35350966","Marlboro Special Blend","00499050770221","0","Tobacco","4","$9.43",,"0",,,,"Sams Tobacco",,,,,,,,,,
"35352606","Beef Stick","00499151330010","0","Snacks","9","$1.46",,"0",,,,,,,,,,,,,,
"35352576","Pickled Egg/sausage","00499151330041","0","General Food","7","$1.50",,"0",,,,,,,,,,,,,,
"35352535","Twix Mini","00499151330058","0","Snacks","9","$0.50",,"0",,,,,,,,,,,,,,
"35352055","Snickers Mini","00499151330089","0","Candy","22","$0.50",,"0",,,,,,,,,,,,,,
"35352533","Nutty Buddy","00499151330140","0","Grocery Non-taxable","3","$1.00",,"0",,,,,,,,,,,,,,
"35350472","Kind Minis Pb","00602652257162","0","Drinks","8","$0.70",,"0",,,,,,,,,,,,,,
"35351858","Kind Minis Dark Chocolate","00602652257230","0","Snacks","9","$0.70",,"0",,,,,,,,,,,,,,
"35352048","Kind Minis Caramel Almond 0.7 Fl Oz","00602652257247","0","General Food","7","$0.70",,"0",,,,,,,,,,,,,,
"48260299","Chocolate bosco","00602835514921","0","Ice Cream","11","$4.00",,"0",,,,,,,,,,,,,,
"35350462","Garnier Fructus:sleek N Shine Conditione","00603084491261","0","Household","6","$4.67",,"0",,,,,,,,,,,,,,
"40762706","Super Tech High Mileage Automatic","00605388437297","0","Household","6","$7.75",,"0",,,,,,,,,,,,,,
"35351864","Zyn: Cool Mint 6mg 15 Nicotine Pouches","00609249900036","0","Tobacco","4","$7.00",,"0",,,,,,,,,,,,,,
"38018400","Zyn Cool Mint","00609249900043","0","Tobacco","4","$7.00",,"0",,,,,,,,,,,,,,
"35351689","Zyn:peppermint 6mg 15 Pouches","00609249901033","0","Tobacco","4","$7.00",,"0",,,,,,,,,,,,,,
"35352038","Zyn Spearmint 03mg","00609249902016","0","Tobacco","4","$7.01",,"0",,,,,,,,,,,,,,
"35352519","Zyn:spearmint 6mg 15 Pouches","00609249902023","0","Tobacco","4","$7.00",,"0",,,,,,,,,,,,,,
"35351980","Zun Coffee","00609249904010","0","Tobacco","4","$7.00",,"0",,,,,,,,,,,,,,
"35351842","Zyn Coffee 6mg","00609249904027","0","Tobacco","4","$7.00",,"0",,,,,,,,,,,,,,
"35351208","Zyn Cinnamon 03mg","00609249906014","0","Tobacco","4","$4.86",,"0",,,,,,,,,,,,,,
"39368883","Zyn Nicotine Pouch Cinn","00609249906021","0","Tobacco","4","$7.01",,"0",,,,,,,,,,,,,,
"35351890","Zyn Menthol 3mg","00609249923035","0","Tobacco","4","$7.00",,"0",,,,,,,,,,,,,,
"35352184","Zyn Menthol 6mg","00609249923042","0","Tobacco","4","$7.00",,"0",,,,,,,,,,,,,,
"35352200","Red Bull Amber Edition Strawberry Aprico","00611269001280","0","Soda/Energy Beverages","19","$2.75",,"0",,,,,,,,,,,,,,
"35352304","Red Bull Amber Edition Strawberry Aprico","00611269001303","0","Soda/Energy Beverages","19","$3.50",,"0",,,,,,,,,,,,,,
"35352738","Red Bull Sea Blue Edition Juneberry (8.4","00611269001624","0","Soda/Energy Beverages","19","$2.75",,"0",,,,,,,,,,,,,,
"35353045","Red Bull Sea Blue Edition Juneberry (12","00611269001648","0","Soda/Energy Beverages","19","$3.50",,"0",,,,,,,,,,,,,,
"35350750","Red Bull Winter Edition Ice Vanilla Berr","00611269001846","0","Soda/Energy Beverages","19","$3.50",,"0",,,,,,,,,,,,,,
"39258794","Red Bull Iced Vanilla Berry 8.4 oz","00611269001860","0","Soda/Energy Beverages","19","$2.75",,"0",,,,,,,,,,,,,,
"35965190","Red Bull Curuba 12oz","00611269001921","0","Soda/Energy Beverages","19","$3.50",,"0",,,,,,,,,,,,,,
"35352327","Red Bull Summer Edition Curuba Elderflow","00611269001945","0","Soda/Energy Beverages","19","$2.75",,"0",,,,,,,,,,,,,,
"35351030","Red Bull Red Edition Sugar Free 8.4 Fl O","00611269002034","0","Soda/Energy Beverages","19","$2.75",,"0",,,,,,,,,,,,,,
"35352338","Red Bull Red Edition Watermelon Sugar Fr","00611269002065","0","Soda/Energy Beverages","19","$3.50",,"0",,,,,,,,,,,,,,
"35352381","Red Bull Amber Edition Strawberry Aprico","00611269002126","0","Soda/Energy Beverages","19","$2.75",,"0",,,,,,,,,,,,,,
"35351510","Red Bull Amber Edition Strawberry Aprico","00611269002140","0","Soda/Energy Beverages","19","$3.50",,"0",,,,,,,,,,,,,,
"35352206","Red Bull Sea Blue Juneberry Sugar Free (","00611269002249","0","Soda/Energy Beverages","19","$2.75",,"0",,,,,,,,,,,,,,
"35352609","Red Bull Sea Blue Edition Juneberry Suga","00611269002263","0","Soda/Energy Beverages","19","$3.50",,"0",,,,,,,,,,,,,,
"35350921","Red Bull Winter Edition Sugar Free 12 Fl","00611269002447","0","Soda/Energy Beverages","19","$3.50",,"0",,,,,,,,,,,,,,
"35352541","Red Bull Spring Edition Grapefruit & Blo","00611269002607","0","Soda/Energy Beverages","19","$2.75",,"0",,,,,,,,,,,,,,
"35352253","Red Bull Spring Edition Grapefruit & Blo","00611269002614","0","Soda/Energy Beverages","19","$3.50",,"0",,,,,,,,,,,,,,
"35351697","Red Bull Summer Edition White Peach (8.4","00611269002683","0","Soda/Energy Beverages","19","$2.75",,"0",,,,,,,,,,,,,,
"35351683","Red Bull Summer Edition White Peach (12","00611269002706","0","Soda/Energy Beverages","19","$3.50",,"0",,,,,,,,,,,,,,
"35351760","Red Bull Summer Edition White Peach Suga","00611269002751","0","Soda/Energy Beverages","19","$2.75",,"0",,,,,,,,,,,,,,
"35352757","Red Bull Summer Edition White Peach Suga","00611269002768","0","Soda/Energy Beverages","19","$3.50",,"0",,,,,,,,,,,,,,
"35805209","Red Bull Winter Edition 8.4oz","00611269002843","0","Soda/Energy Beverages","19","$2.75",,"0",,,,,,,,,,,,,,
"35805208","Red Bull Winter Edition 12oz","00611269002867","0","Soda/Energy Beverages","19","$3.50",,"0",,,,,,,,,,,,,,
"35964049","Red Bull Sugar Free Winter Edition 8.4oz","00611269002928","0","Soda/Energy Beverages","19","$2.75","$0.00","0",,,,,,,,,,,,,,
"35964051","Red Bull Sugar Free Winter Edition 12oz","00611269002935","0","Soda/Energy Beverages","19","$3.50","$0.00","0",,,,,,,,,,,,,,
"35352570","Red Bull Pink Edition Wild Berries Sugar","00611269003024","0","Soda/Energy Beverages","19","$2.75",,"0",,,,,,,,,,,,,,
"35352392","Red Bull Pink Edition Wild Berries Sugar","00611269003048","0","Soda/Energy Beverages","19","$3.50",,"0",,,,,,,,,,,,,,
"35352542","Red Bull Pink Edition Wild Berries (8.4","00611269003109","0","Soda/Energy Beverages","19","$2.75",,"0",,,,,,,,,,,,,,
"35352455","Red Bull Pink Edition Wild Berries (12 F","00611269003123","0","Soda/Energy Beverages","19","$3.50",,"0",,,,,,,,,,,,,,
"43028095","Red Bull Sudachi Lime 8.4 Oz Can","00611269003628","0","Soda/Energy Beverages","19","$2.75",,"0",,,,,,,,,,,,,,
"43028086","Red Bull Sudachi Lime 12 Oz Can","00611269003642","0","Soda/Energy Beverages","19","$3.50",,"0",,,,,,,,,,,,,,
"43028092","Redbull Sudachi Lime 8.4 oz sgr free","00611269003703","0","Soda/Energy Beverages","19","$2.75",,"0",,,,,,,,,,,,,,
"43028078","Red Bull Sugar free sudachi lime 12oz","00611269003727","0","Soda/Energy Beverages","19","$3.50",,"0",,,,,,,,,,,,,,
"40006135","Red Bull Cherry Sakura 8.4oz Can","00611269003789","0","Soda/Energy Beverages","19","$2.75","$0.00","0",,,,,,,,,,,,,,
"40006175","Red Bull Cherry Sakura 12oz Can","00611269003802","0","Soda/Energy Beverages","19","$3.50","$0.00","0",,,,,,,,,,,,,,
"40006150","Red Bull Sugar Free Cherry Sakura 8.4oz","00611269003840","0","Soda/Energy Beverages","19","$2.75",,"0",,,,,,,,,,,,,,
"40006187","Red Bull Sugar Free Cherry Sakura 12oz C","00611269003864","0","Soda/Energy Beverages","19","$3.50","$0.00","0",,,,,,,,,,,,,,
"35352218","Red Bull Sugar Free (8.4 Fl Oz)","00611269101713","0","Soda/Energy Beverages","19","$2.75",,"0",,,,,,,,,,,,,,
"35351545","Red Bull Pack Of Four 8 Fl Oz","00611269108026","0","Soda/Energy Beverages","19","$9.34",,"0",,,,,,,,,,,,,,
"35352024","Red Bull Yellow Edition Tropical (12 Fl","00611269113570","0","Soda/Energy Beverages","19","$3.50",,"0",,,,,,,,,,,,,,
"35352087","Red Bull Original Energy Drink (20 Fl Oz","00611269133448","0","Soda/Energy Beverages","19","$5.50",,"0",,,,,,,,,,,,,,
"35351941","Red Bull Sugar Free Energy Drink 20 Fl O","00611269133455","0","Soda/Energy Beverages","19","$5.25",,"0",,,,,,,,,,,,,,
"35352654","Red Bull Yellow Edition Tropical (8.4 Fl","00611269163452","0","Soda/Energy Beverages","19","$2.75",,"0",,,,,,,,,,,,,,
"35351991","Redbull Blue Edition 12 Oz","00611269182460","0","Soda/Energy Beverages","19","$3.50",,"0",,,,,,,,,,,,,,
"35351811","Red Bull Blue Edition Blueberry (8.4 Fl","00611269235685","0","Soda/Energy Beverages","19","$2.75",,"0",,,,,,,,,,,,,,
"35351933","Red Bull Coconut Edition Coconut Berry (","00611269281361","0","Soda/Energy Beverages","19","$2.75",,"0",,,,,,,,,,,,,,
"35352035","Red Bull Coconut Edition Coconut Berry (","00611269321210","0","Soda/Energy Beverages","19","$3.50",,"0",,,,,,,,,,,,,,
"35352425","Red Bull Red Edition Watermelon (8.4 Fl","00611269331240","0","Soda/Energy Beverages","19","$2.75",,"0",,,,,,,,,,,,,,
"35352182","Red Bull Red Edition Watermelon (12 OZ)","00611269332827","0","Soda/Energy Beverages","19","$3.50",,"0",,,,,,,,,,,,,,
"35352503","Red Bull Original Energy Drink (16 Fl Oz","00611269546019","0","Soda/Energy Beverages","19","$4.60",,"0",,,,,,,,,,,,,,
"35352254","Red Bull Sugar Free Energy Drink 16 Fl O","00611269546026","0","Soda/Energy Beverages","19","$4.60",,"0",,,,,,,,,,,,,,
"35352285","Red Bull Zero Energy Drink (8.4 Fl Oz)","00611269623727","0","Soda/Energy Beverages","19","$2.75",,"0",,,,,,,,,,,,,,
"35351624","Red Bull Zero Energy Drink (12 Fl Oz)","00611269623734","0","Soda/Energy Beverages","19","$3.50",,"0",,,,,,,,,,,,,,
"35352342","Red Bull Energy Drink Sugarfree (12 Fl O","00611269716467","0","Soda/Energy Beverages","19","$3.50",,"0",,,,,,,,,,,,,,
"35352652","Red Bull Energy Drink (12 Fl Oz)","00611269818994","0","Soda/Energy Beverages","19","$3.50",,"0",,,,,,,,,,,,,,
"35352848","Red Bull Original (8.4 Fl Oz)","00611269991000","0","Soda/Energy Beverages","19","$2.75",,"0",,,,,,,,,,,,,,
"35350731","Fifo Usb Cable 1","00612046712122","0","Household","6","$7.99",,"0",,,,,,,,,,,,,,
"35352950","Arizona Fruit Punch Gallon (128 Fl Oz)","00613008710194","0","Drinks","8","$4.50",,"0",,,,"AZ Southeast",,,,,,,,,,
"35352054","Arizona Green Tea With Ginseng & Honey G","00613008715120","0","Drinks","8","$4.50",,"0",,,,"AZ Southeast",,,,,,,,,,
"35352715","AZ Green Tea w/ Ginseng & Honey Can 22oz","00613008715267","0","Drinks","8","$1.06",,"0",,,,"AZ Southeast",,,,,,,,,,
"35350938","Arizona: Orangeade 23 Oz","00613008715625","0","Drinks","8","$1.06",,"0",,,,"AZ Southeast",,,,,,,,,,
"35351035","Arizona Sweet Tea 22 Fl Oz","00613008717711","0","Drinks","8","$1.06",,"0",,,,"AZ Southeast",,,,,,,,,,
"35352984","AZ Rx Energy Herbal Tonic Can 22oz","00613008718459","0","Soda/Energy Beverages","19","$1.06",,"0",,,,"AZ Southeast",,,,,,,,,,
"35352624","AZ Fruit Punch Fruit Juice Can 22oz","00613008718763","0","Drinks","8","$1.06",,"0",,,,"AZ Southeast",,,,,,,,,,
"35351338","Arizona Grapeade Fruit Juice Cocktail 22","00613008719296","0","Drinks","8","$1.06",,"0",,,,"AZ Southeast",,,,,,,,,,
"35351227","Arizona Iced Tea With Peach Flavor Can (","00613008719524","0","Drinks","8","$1.06",,"0",,,,"AZ Southeast",,,,,,,,,,
"35350653","Arizona:southern Style - Real Brewed 128","00613008719791","0","Drinks","8","$5.00",,"0",,,,"AZ Southeast",,,,,,,,,,
"35352043","Arizona Kiwi Strawberry Fruit Juice Cock","00613008719845","0","Drinks","8","$4.50",,"0",,,,"AZ Southeast",,,,,,,,,,
"35352947","Arizona Watermelon Fruit Juice Cocktail","00613008720209","0","Drinks","8","$1.06",,"0",,,,"AZ Southeast",,,,,,,,,,
"35352765","Crazy Stallion Classic Lager Can (24 Fl","00613008720902","0","Alcohol","5","$1.55",,"0",,,,"AZ Southeast",,,,,,,,,,
"35352773","AZ Iced Tea w/ Lemon Flavor Bot 34oz","00613008721756","0","Drinks","8","$1.99","$0.00","0",,,,"AZ Southeast",,,,,,,,,,
"35352626","AZ Green Tea w/ Ginseng & Honey Bot 34oz","00613008721770","0","Drinks","8","$1.99","$0.00","0",,,,"AZ Southeast",,,,,,,,,,
"35352617","AZ Iced Tea w/ Lemon Flavor Bot 20oz","00613008725693","0","Drinks","8","$1.06","$0.00","0",,,,"AZ Southeast",,,,,,,,,,
"35352694","Arizona Green Tea With Ginseng & Honey T","00613008725716","0","Drinks","8","$1.06",,"0",,,,"AZ Southeast",,,,,,,,,,
"35353049","Arizona Fruit Punch Fruit Juice Cocktail","00613008725754","0","Drinks","8","$1.06",,"0",,,,"AZ Southeast",,,,,,,,,,
"35353062","Arizona Watermelon Fruit Juice Cocktail","00613008725778","0","Drinks","8","$1.06",,"0",,,,"AZ Southeast",,,,,,,,,,
"35352824","Arizona Mucho Mango Fruit Juice Cocktail","00613008725792","0","Drinks","8","$1.06",,"0",,,,"AZ Southeast",,,,,,,,,,
"35351445","Arizona Half & Half Iced Tea & Lemonade","00613008725815","0","Drinks","8","$1.06",,"0",,,,"AZ Southeast",,,,,,,,,,
"35351223","Arizona Lemonade Fruit Juice Cocktail 22","00613008726096","0","Drinks","8","$1.06",,"0",,,,"AZ Southeast",,,,,,,,,,
"40914852","Arizona Vapor Water","00613008726195","0","Drinks","8","$1.25",,"0",,,,"AZ Southeast",,,,,,,,,,
"35352710","Arizona Energy Drink Extreme Performance","00613008728045","0","Soda/Energy Beverages","19","$1.06",,"0",,,,"AZ Southeast",,,,,,,,,,
"35352586","Arizona Energy Drink Low Carb Perfomance","00613008728069","0","Soda/Energy Beverages","19","$1.06",,"0",,,,"AZ Southeast",,,,,,,,,,
"35353003","AZ Fruit Punch Fruit Juice Bot 34oz","00613008730147","0","Drinks","8","$1.99","$0.00","0",,,,"AZ Southeast",,,,,,,,,,
"35353007","Arizona Blueberry White Tea With Natural","00613008731021","0","Drinks","8","$1.06",,"0",,,,"AZ Southeast",,,,,,,,,,
"35350681","Arizona Raspberry Half & Half Iced Tea L","00613008732288","0","Drinks","8","$1.30",,"0",,,,"AZ Southeast",,,,,,,,,,
"35352209","Arizona Iced Tea With Lemon Flavor Gallo","00613008735135","0","Drinks","8","$4.50",,"0",,,,"AZ Southeast",,,,,,,,,,
"35352913","AZ Iced Tea w/ Lemon Flavor Can 22oz","00613008735159","0","Drinks","8","$1.06",,"0",,,,"AZ Southeast",,,,,,,,,,
"35352979","AZ Mucho Mango Fruit Juice Can 22oz","00613008735418","0","Drinks","8","$1.06",,"0",,,,"AZ Southeast",,,,,,,,,,
"35352893","AZ Kiwi Strawberry Fruit Juice Can 22oz","00613008735432","0","Drinks","8","$1.06",,"0",,,,"AZ Southeast",,,,,,,,,,
"35352894","Arizona Iced Tea With Rasberry Flavor Ca","00613008735470","0","Drinks","8","$1.06",,"0",,,,"AZ Southeast",,,,,,,,,,
"35352215","Arizona Drink Extreme Performance Fruit","00613008739485","0","Soda/Energy Beverages","19","$1.06",,"0",,,,"AZ Southeast",,,,,,,,,,
"35351877","Arizona Mucho Mango Fruit Juice Cocktail","00613008740382","0","Drinks","8","$4.50",,"0",,,,"AZ Southeast",,,,,,,,,,
"35351734","Arizona Watermelon Fruit Juice Cocktail","00613008740412","0","Drinks","8","$4.50",,"0",,,,"AZ Southeast",,,,,,,,,,
"35352058","AZ Mucho Mango Fruit Juice Bot 34oz","00613008742478","0","Drinks","8","$1.99","$0.00","0",,,,"AZ Southeast",,,,,,,,,,
"35350634","Arizona Vapor Water Advanced Ph 24 Fl Oz","00613008744519","0","Drinks","8","$2.00",,"0",,,,"AZ Southeast",,,,,,,,,,
"35352488","AZ Watermelon Fruit Juice Bot 34oz","00613008745370","0","Drinks","8","$1.99","$0.00","0",,,,"AZ Southeast",,,,,,,,,,
"35352978","Arizona Green Tea Cucumber With Citrus C","00613008745905","0","Drinks","8","$1.06",,"0",,,,"AZ Southeast",,,,,,,,,,
"39031798","Arizona Green Tea w Gin & Honey 59 Oz","00613008749347","0","Drinks","8","$2.45",,"0",,,,"AZ Southeast",,,,,,,,,,
"39031713","Arizona Iced Tea Lemon 59 oz","00613008749361","0","Drinks","8","$2.45",,"0",,,,"AZ Southeast",,,,,,,,,,
"39031792","Arizona Watermelon 59 Oz","00613008749385","0","Drinks","8","$2.45",,"0",,,,"AZ Southeast",,,,,,,,,,
"39031679","AriZona Fruit Punch Cocktail 59 Oz","00613008749408","0","Drinks","8","$2.45",,"0",,,,"AZ Southeast",,,,,,,,,,
"39031706","Arizona Mucho Mango 59 oz","00613008749422","0","Drinks","8","$2.45",,"0",,,,"AZ Southeast",,,,,,,,,,
"35352739","AZ Rx Energy Herbal Tonic Bot 34oz","00613008749552","0","Soda/Energy Beverages","19","$1.99","$0.00","0",,,,"AZ Southeast",,,,,,,,,,
"35350817","Crazyhorse 16 Oz 4 Pk Can","00613008749972","0","Alcohol","5","$1.17",,"0",,,,,,,,,,,,,,
"36497514","AZ Green Tea w/ Ginseng & Honey Bot 20oz","00613008751159","0","Drinks","8","$1.06","$0.00","0",,,,"AZ Southeast",,,,,,,,,,
"44023040","Arizona Tea No Price Tag A Palm 24/2","00613008751180","0","Drinks","8","$1.06",,"0",,,,,,,,,,,,,,
"35351229","Arizona Sweet Tea Tallboy (20 Fl Oz)","00613008751210","0","Drinks","8","$1.06",,"0",,,,"AZ Southeast",,,,,,,,,,
"35352790","AZ Rx Energy Herbal Tonic Bot 20oz","00613008751241","0","Soda/Energy Beverages","19","$1.06","$0.00","0",,,,"AZ Southeast",,,,,,,,,,
"36412337","AZ Fruit Punch Bot 20oz","00613008751302","0","Grocery Non-taxable","3","$1.06","$0.00","0",,,,"AZ Southeast",,,,,,,,,,
"36628133","Az Mucho Mango Bot 20oz","00613008751333","0","Drinks","8","$1.06","$0.00","0",,,,"AZ Southeast",,,,,,,,,,
"35351577","Arizona Fruit Snacks- Mixed Fruit","00613008751937","0","Candy","22","$3.11",,"0",,,,"AZ Southeast",,,,,,,,,,
"37146483","AZ Watermelon Fruit Juice Can 22oz","00613008756451","0","Drinks","8","$1.06",,"0",,,,"AZ Southeast",,,,,,,,,,
"35352937","Arizona Pineapple Fruit Juice Cocktail T","00613008756659","0","Drinks","8","$1.06",,"0",,,,"AZ Southeast",,,,,,,,,,
"35352050","AZ Kiwi Strawberry Fruit Juice Bot 34oz","00613008756864","0","Drinks","8","$1.99","$0.00","0",,,,"AZ Southeast",,,,,,,,,,
"35351256","Arizona Sunrise Hard Seltzer Cherry Punc","00613008757250","0","Alcohol","5","$3.73",,"0",,,,,,,,,,,,,,
"35352588","AZ Kiwi Strawberry Fruit Juice Bot 20oz","00613008758868","0","Drinks","8","$1.06","$0.00","0",,,,"AZ Southeast",,,,,,,,,,
"35351540","Arizona Fruit Snacks-green Tea","00613008758912","0","Candy","22","$3.11",,"0",,,,"AZ Southeast",,,,,,,,,,
"35351228","Arizona Sour Fruit Snacks Mixed Lemonade","00613008763442","0","Candy","22","$2.99",,"0",,,,"AZ Southeast",,,,,,,,,,
"35352139","Arizona Hard Iced Tea Lemon Can (22 Fl O","00613008763732","0","Alcohol","5","$4.04",,"0",,,,"Gold Coast",,,,,,,,,,
"35351488","Arizona Hard Green Tea Can (24 Fl Oz)","00613008763749","0","Alcohol","5","$3.73",,"0",,,,"Gold Coast",,,,,,,,,,
"35351489","Arizona Hard Peach Tea Can (22 Fl Oz)","00613008763756","0","Alcohol","5","$4.04",,"0",,,,"Gold Coast",,,,,,,,,,
"35351028","Hello Yellow Mango 473ml","00613008764098","0","Alcohol","5","$2.70",,"0",,,,,,,,,,,,,,
"35351060","Arizona Tropical Chillzicle Juice Cockta","00613008767372","0","Drinks","8","$1.06",,"0",,,,"AZ Southeast",,,,,,,,,,
"35352778","Arizona Hard Watermelon Can (22 Fl Oz)","00613008769918","0","Alcohol","5","$3.88",,"0",,,,"Gold Coast",,,,,,,,,,
"35352426","Arizona Green Tea Red Apple Energy Drink","00613008770471","0","Soda/Energy Beverages","19","$1.30",,"0",,,,"AZ Southeast",,,,,,,,,,
"35352274","Arizona Green Tea Georgia Peach Energy D","00613008770501","0","Soda/Energy Beverages","19","$1.30",,"0",,,,"AZ Southeast",,,,,,,,,,
"35353040","Arizona Green Tea Pomegranate Energy Dri","00613008770532","0","Soda/Energy Beverages","19","$1.25",,"0",,,,"AZ Southeast",,,,,,,,,,
"35350431","Arizona Frost Chillzicle Juice Cocktail","00613008771713","0","Drinks","8","$1.02",,"0",,,,"AZ Southeast",,,,,,,,,,
"35352233","Arizona Fruit Snacks Watermelon (5 Oz)","00613008772703","0","Candy","22","$2.99",,"0",,,,"AZ Southeast",,,,,,,,,,
"35350466","Arizona Blueberry White Tea 22 Fl Oz","00613008773069","0","Drinks","8","$0.99",,"0",,,,"AZ Southeast",,,,,,,,,,
"39029994","Az Dragon Fruit Tallboy 20 oz","00613008775544","0","Drinks","8","$1.06","$0.00","0",,,,"AZ Southeast",,,,,,,,,,
"39030014","Az Pina Colada Tallboy 20 oz","00613008775575","0","Drinks","8","$1.06","$0.00","0",,,,"AZ Southeast",,,,,,,,,,
"36971818","AZ Rizzler Berry Can 22oz","00613008775728","0","Drinks","8","$1.06",,"0",,,,"AZ Southeast",,,,,,,,,,
"40812158","Arizona half n half Sweet tea 20oz","00613008778323","0","Drinks","8","$1.06",,"0",,,,"AZ Southeast",,,,,,,,,,
"35351778","El Tigre Lemonade (12 Fl Oz)","00613527121556","0","Tobacco","4","$6.31",,"0",,,,,,,,,,,,,,
"35351405","El Tigre Strawberry Lemonade (12 Fl Oz)","00613527209315","0","Tobacco","4","$6.31",,"0",,,,,,,,,,,,,,
"35351645","Cloud Cola Orange Creamsicle (12 Fl Oz)","00613527253844","0","Tobacco","4","$4.67",,"0",,,,,,,,,,,,,,
"35352545","Cloud Cola Root Beer (12 Fl Oz)","00613527269173","0","Tobacco","4","$4.67",,"0",,,,,,,,,,,,,,
"35352421","Cloud Cola Classic Cola (12 Fl Oz)","00613527310882","0","Tobacco","4","$4.67",,"0",,,,,,,,,,,,,,
"35351174","Haze Peach Iced Tea (12 Fl Oz)","00613527379490","0","Tobacco","4","$9.35",,"0",,,,,,,,,,,,,,
"35352809","Haze Half & Half 12fl Oz","00613527386313","0","Tobacco","4","$9.35",,"0",,,,,,,,,,,,,,
"48260294","Jazzlato bosco","00630130951387","0","Ice Cream","11","$4.00",,"0",,,,,,,,,,,,,,
"39380643","Ice Cream Twist Lik","00632365102664","0","Snacks","9","$2.15",,"0",,,,,,,,,,,,,,
"39380633","Popcifier Dip N Lik","00632365102695","0","Candy","22","$2.10","$1.33","8",,,,"Plenty Prices Florida",,,,,,,,,,
"39380558","Icee Dip N Lik","00632365625118","0","Candy","22","$2.30","$1.50","'-1",,,,"Plenty Prices Florida",,,,,,,,,,
"39380696","Miniso Water-based Peel Off Nail Polish","00632365626429","0","Snacks","9","$2.25",,"0",,,,,,,,,,,,,,
"39380660","Squeezy Pop","00632365626849","0","Snacks","9","$2.15",,"0",,,,,,,,,,,,,,
"39380598","Ice sour squeeze candy","00632365627044","0","Candy","22","$2.30","$1.49","10",,,,"Plenty Prices Florida",,,,,,,,,,
"39380655","Dippin Dots Dip N Lik","00632365627242","0","Candy","22","$2.30","$1.50","'-9",,,,"Plenty Prices Florida",,,,,,,,,,
"39380691","Animal Dip-n-lik","00632365627310","0","Candy","22","$2.15",,"0",,,,,,,,,,,,,,
"39380667","Puppypalz","00632365627372","0","Snacks","9","$2.15",,"0",,,,,,,,,,,,,,
"39380637","GLO Popcifier Light up LOLLIPOP","00632365744000","0","Snacks","9","$2.35",,"0",,,,,,,,,,,,,,
"35352230","Fiji Natural Artesian Water 16.9 oz","00632565000012","0","Drinks","8","$2.00",,"0",,,,,,,,,,,,,,
"39355980","Fiji Water 2x6pack- 12/1","00632565000029","0","Drinks","8","$3.25","$0.00","0",,,,,,,,,,,,,,
"39355979","Fiji Water 36/330ml","00632565000319","0","Drinks","8","$1.35","$0.00","0",,,,,,,,,,,,,,
"35352603","Lam's Sweet Plantain Strips 2.1 Fl Oz","00634129205673","0","Snacks","9","$2.50",,"0",,,,,,,,,,,,,,
"35351886","Lams Yuca Strips 2.1 Oz","00634129497764","0","Snacks","9","$2.29",,"0",,,,,,,,,,,,,,
"35352991","Lam's Plantain Chips Strips 2.5 Oz","00634129497771","0","Snacks","9","$2.50",,"0",,,,,,,,,,,,,,
"45775944","White claw Bloodorange 12oz can","00635985000471","0","Alcohol","5","$1.87",,"0",,,,"Gold Coast",,,,,,,,,,
"39706191","Mikes Harder Lemonade Cranberry 16oz Can","00635985010371","0","Alcohol","5","$2.72","$0.00","0",,,,"Gold Coast",,,,,,,,,,
"35352781","Mikes Harder Strawberry Pineapple Can (2","00635985132172","0","Alcohol","5","$3.98",,"0",,,,"Gold Coast",,,,,,,,,,
"35352289","Mikes Harder Strawberry Lemonade Can (16","00635985132196","0","Alcohol","5","$2.72",,"0",,,,"Gold Coast",,,,,,,,,,
"35351651","Mikes Harder Lemonade Can (23.5 Fl Oz)","00635985245834","0","Alcohol","5","$3.98",,"0",,,,"Gold Coast",,,,,,,,,,
"35350967","Mikes Harder Blood Orange 16 Oz","00635985245957","0","Alcohol","5","$2.20",,"0",,,,"Gold Coast",,,,,,,,,,
"35353065","Mikes Harder Lemonade Can (16 Fl Oz)","00635985258759","0","Alcohol","5","$2.72",,"0",,,,"Gold Coast",,,,,,,,,,
"40805127","White Claw Mango 12oz Can","00635985260868","0","Alcohol","5","$1.87",,"0",,,,"Gold Coast",,,,,,,,,,
"40805120","White Claw Tangerine 12oz Can","00635985260974","0","Alcohol","5","$1.87",,"0",,,,"Gold Coast",,,,,,,,,,
"40805102","White Claw Black Cherry 12 Oz Can","00635985500018","0","Alcohol","5","$1.87",,"0",,,,"Gold Coast",,,,,,,,,,
"45775941","White Claw Pineapple 12oz can","00635985800231","0","Alcohol","5","$1.87",,"0",,,,"Gold Coast",,,,,,,,,,
"40805124","White Claw Black Berry 12oz Can","00635985800255","0","Alcohol","5","$1.87",,"0",,,,"Gold Coast",,,,,,,,,,
"40805106","WHITE CLAW PEACH 12oz can","00635985801566","0","Alcohol","5","$1.87",,"0",,,,"Gold Coast",,,,,,,,,,
"35351045","White Claw","00635985801986","0","Alcohol","5","$4.25",,"0",,,,"Gold Coast",,,,,,,,,,
"40805099","White claw green apple 12oz can","00635985802723","0","Alcohol","5","$1.87",,"0",,,,"Gold Coast",,,,,,,,,,
"37134446","Mikes Harder Screwdriver can 16oz","00635985802891","0","Alcohol","5","$2.72","$0.00","0",,,,"Gold Coast",,,,,,,,,,
"35352384","Mikes Harder Tea Lemon Can (23.5 Fl Oz)","00635985803782","0","Alcohol","5","$3.98",,"0",,,,"Gold Coast",,,,,,,,,,
"35350514","Hair Pins","00636227007432","0","Household","6","$0.93",,"0",,,,,,,,,,,,,,
"35350718","Weaving Net","00636227022404","0","Household","6","$1.75",,"0",,,,,,,,,,,,,,
"35350636","Cap 21","00636227121602","0","Household","6","$1.79",,"0",,,,,,,,,,,,,,
"36515894","Belt","00636227480105","0","Non-Tax","1","$7.99",,"0",,,,,,,,,,,,,,
"35351431","Rhino 1000k","00638632433325","0","Alcohol","5","$7.47",,"0",,,,,,,,,,,,,,
"35351838","Foil 3","00639277075673","0","Household","6","$2.85",,"0",,,,,,,,,,,,,,
"35350707","9 V Batteries","00639277128003","0","Household","6","$2.60",,"0",,,,,,,,,,,,,,
"35350844","C","00639277128256","0","Household","6","$2.25",,"0",,,,,,,,,,,,,,
"35352337","Assured Pads 40","00639277177506","0","Household","6","$2.60",,"0",,,,,,,,,,,,,,
"35351748","Baverage Napkins","00639277197634","0","Household","6","$1.25",,"0",,,,,,,,,,,,,,
"35351750","Baverage Napkins","00639277197665","0","Household","6","$1.25",,"0",,,,,,,,,,,,,,
"35350564","Comb","00639277201546","0","Household","6","$1.89",,"0",,,,,,,,,,,,,,
"35351741","8 Plastic Plates","00639277217820","0","Household","6","$1.25",,"0",,,,,,,,,,,,,,
"43872815","Party 8 plastic","00639277217950","0","Grocery Non-taxable","3","$2.50",,"0",,,,,,,,,,,,,,
"35351745","Party 10 Plastic Bowls","00639277218032","0","Household","6","$1.25",,"0",,,,,,,,,,,,,,
"35350710","Twin Double Blade Razors Pack Of 10","00639277332455","0","Household","6","$3.00",,"0",,,,,,,,,,,,,,
"35350748","Day Time Cold And Flu","00639277341778","0","Vitamins/medicine","14","$2.25",,"0",,,,,,,,,,,,,,
"40842361","Reading glass 1 5","00639277424679","0","Grocery Tax","27","$2.75",,"0",,,,,,,,,,,,,,
"35351918","Ground Black Pepper Supreme 2 Fl Oz","00639277476135","0","General Food","7","$2.57",,"0",,,,,,,,,,,,,,
"35350762","Six Men's Sup. D Razors","00639277498533","0","Grocery Non-taxable","3","$3.00",,"0",,,,,,,,,,,,,,
"38985932","Napkins 150 Sheets Strong And Absorbent","00639277655509","0","Grocery Non-taxable","3","$2.99",,"0",,,,,,,,,,,,,,
"35350775","Jar","00639277775658","0","Grocery Non-taxable","3","$2.50",,"0",,,,,,,,,,,,,,
"40844705","Rhino","00640791522833","0","Grocery Non-taxable","3","$8.99",,"0",,,,,,,,,,,,,,
"35352700","Premier Protin Chocolate","00643843714477","0","Drinks","8","$2.80",,"0",,,,,,,,,,,,,,
"35352777","Premier Protin Vanilla","00643843714507","0","Drinks","8","$2.80",,"0",,,,,,,,,,,,,,
"43349723","Premier Protein Shake Cafe Latte","00643843716686","0","Drinks","8","$2.80",,"0",,,,,,,,,,,,,,
"36466224","Duncan Mix Cake Butter","00644209307593","0","Grocery Non-taxable","3","$2.00",,"0",,,,,,,,,,,,,,
"35351243","Platinum Blunt Wrap Kiwi Strawberry","00644536226017","0","Tobacco","4","$1.49",,"0",,,,,,,,,,,,,,
"35351161","Blunt Wrap Db Platinum Grape Single 0.06","00644536226116","0","Tobacco","4","$1.45",,"0",,,,,,,,,,,,,,
"35351242","Platinum Blunt Wrap Blueberry","00644536226215","0","Tobacco","4","$1.49",,"0",,,,,,,,,,,,,,
"35351240","Platinum Cigar Peach","00644536226314","0","Tobacco","4","$1.49",,"0",,,,,,,,,,,,,,
"35351244","Platinum Blunt Wrap Mango","00644536227311","0","Tobacco","4","$1.49",,"0",,,,,,,,,,,,,,
"35351241","Platinum Blunt Wrap Kush","00644536227915","0","Tobacco","4","$1.49",,"0",,,,,,,,,,,,,,
"35351245","Platinum Cigars Mojito","00644536228011","0","Tobacco","4","$1.49",,"0",,,,,,,,,,,,,,
"35351315","Headphone","00647166466303","0","Household","6","$14.02",,"0",,,,,,,,,,,,,,
"40668774","FIFO myme back up battery","00647166466723","0","Grocery Non-taxable","3","$14.99",,"0",,,,,,,,,,,,,,
"35351588","Charger 6","00647166471727","0","Household","6","$11.99",,"0",,,,,,,,,,,,,,
"35350695","Dual Charger","00647166471734","0","Household","6","$11.99",,"0",,,,,,,,,,,,,,
"35351423","Fifo Doc N Charger","00647166471796","0","Household","6","$10.75",,"0",,,,,,,,,,,,,,
"38814728","Fifo cable C to C","00647166471864","0","Grocery Non-taxable","3","$10.99",,"0",,,,,,,,,,,,,,
"35351141","Cable","00647166472229","0","Gen Merch","10","$11.99",,"0",,,,,,,,,,,,,,
"37065679","K9 Cannapawa","00652118259001","0","Pet Food","21","$25.00",,"0",,,,,,,,,,,,,,
"45873176","Super Tech Antifreeze / Coolant","00652138103728","0","Grocery Non-taxable","3","$9.25",,"0",,,,,,,,,,,,,,
"35350737","Layshes","00653078100686","0","Grocery Non-taxable","3","$7.28",,"0",,,,,,,,,,,,,,
"42525990","Hazy Mary Hybrid Thin Mint Cookies Green","00653969986344","0","Tobacco","4","$7.99",,"0",,,,,,,,,,,,,,
"42525995","Hazy Mary Sativa Sour Orange","00653969986351","0","Tobacco","4","$7.99",,"0",,,,"Nate",,,,,,,,,,
"42525994","Hazy Mary Sativa Astro Purple","00653969986399","0","Tobacco","4","$7.99",,"0",,,,,,,,,,,,,,
"35351833","Visine Advanced Redness+irritation Relie","00655708119686","0","Vitamins/medicine","14","$3.99",,"0",,,,,,,,,,,,,,
"35352684","Essentia Bottled Water With Sports Cap 2","00657227000247","0","Drinks","8","$3.00",,"0",,,,,,,,,,,,,,
"35352706","Essentia Bottled Water 33.8 Fl Oz","00657227000339","0","Drinks","8","$2.65",,"0",,,,,,,,,,,,,,
"35352555","Essentia Bottled Water 50.7 Fl Oz","00657227000506","0","Drinks","8","$3.50",,"0",,,,,,,,,,,,,,
"35351444","Essentia Bottled Water 20 Fl Oz","00657227001206","0","Drinks","8","$2.00",,"0",,,,,,,,,,,,,,
"35352692","Essentia: 16.9 Oz 500 Ml","00657227106178","0","Drinks","8","$2.50",,"0",,,,,,,,,,,,,,
"35778443","ABC Diapers","00659205602184","0","Grocery Non-taxable","3","$2.00","$0.00","0",,,,,,,,,,,,,,
"35350644","Abc Disposable Diapers Large 16 Units","00659205603167","0","Grocery Non-taxable","3","$2.00","$0.00","0",,,,,,,,,,,,,,
"35778448","ABC diaper 14","00659205604140","0","Grocery Non-taxable","3","$2.00","$0.00","0",,,,,,,,,,,,,,
"35350799","Melo THC Seltzer Grapefruit 5mg 12oz","00659467804159","0","Alcohol","5","$3.04",,"0",,,,,,,,,,,,,,
"35372529","Seltzer","00659468000000","0","Alcohol","5","$3.04",,"0",,,,,,,,,,,,,,
"35353027","Dark Crush Pouch","00660989379643","0","Tobacco","4","$2.79",,"0",,,,"Nepa Wholesale",,,,,,,,,,
"35352751","Stiff Rock","00661799950527","0","Vitamins/medicine","14","$7.50",,"0",,,,"Nepa Wholesale",,,,,,,,,,
"39381387","Hand sanitizer","00667559286370","0","Household","6","$1.50",,"0",,,,,,,,,,,,,,
"35351586","Bob Marley:king Size With Tips","00671734002686","0","Tobacco","4","$4.45",,"0",,,,,,,,,,,,,,
"35351127","Twin Blades Razors 10ct Razors Value Pac","00676979890098","0","Misc.","15","$2.25",,"0",,,,,,,,,,,,,,
"36515891","WAVE SERIES PINOT NOIR","00677758000486","0","Alcohol","5","$9.99",,"0",,,,,,,,,,,,,,
"35350882","Metasol Medicated Skin Lightening Triple","00678924331069","0","Household","6","$2.49",,"0",,,,,,,,,,,,,,
"35352898","Fire Paper King Size","00680750876775","0","Tobacco","4","$2.34",,"0",,,,,,,,,,,,,,
"35372581","Supertech Windshield Washer Fluid","00681131000000","0","Household","6","$3.97",,"0",,,,,,,,,,,,,,
"35351326","Supertech Windshield Washer Fluid","00681131056304","0","Household","6","$3.97",,"0",,,,,,,,,,,,,,
"35351532","Equate 50% Isopropyl Alcohol","00681131150033","0","Household","6","$2.75",,"0",,,,,,,,,,,,,,
"42821857","Equate 70% Isopropyl Alcohol","00681131175852","0","Grocery Non-taxable","3","$2.50",,"0",,,,,,,,,,,,,,
"43877944","Great Value Forks","00681131573924","0","Household","6","$3.35",,"0",,,,,,,,,,,,,,
"35350661","Great Value Spoons 48 Counts","00681131573931","0","Household","6","$3.35",,"0",,,,,,,,,,,,,,
"45831836","Mexico Fruit Bar Strawberry","00682082100511","0","Ice Cream","11","$2.25","$1.33","0",,,,"Four Seasons Ice cream",,,,,,,,,,
"35352331","Mexico Fruit Bar Coco","00682082100528","0","Ice Cream","11","$2.25","$1.33","3",,,,"Four Seasons Ice cream",,,,,,,,,,
"35352330","Mexico Fruit Bar Mango","00682082100535","0","Ice Cream","11","$2.25","$1.33","'-3",,,,"Four Seasons Ice cream",,,,,,,,,,
"35351515","Maxico Bars Ice Cream","00682082241344","0","Ice Cream","11","$2.00",,"0",,,,,,,,,,,,,,
"35351855","Clubtails Bahama Mama (16 Fl Oz)","00684746400067","0","Alcohol","5","$2.65",,"0",,,,"Gold Coast",,,,,,,,,,
"35352414","Clubtails Sunny Margarita (16 Fl Oz)","00684746400210","0","Alcohol","5","$2.65",,"0",,,,"Gold Coast",,,,,,,,,,
"39835851","Clubtails Bahama Mama 1/12 24 Oz Can","00684746400494","0","Alcohol","5","$3.95",,"0",,,,"Gold Coast",,,,,,,,,,
"35352416","Clubtails Pink Lemonade (16 Fl Oz)","00684746401880","0","Alcohol","5","$2.65",,"0",,,,"Gold Coast",,,,,,,,,,
"35351089","Clubtails Blue Hawaiian 16 oz","00684746402542","0","Alcohol","5","$2.65",,"0",,,,"Gold Coast",,,,,,,,,,
"35350971","Clubtails Grape 16 oz","00684746403501","0","Alcohol","5","$2.65",,"0",,,,"Gold Coast",,,,,,,,,,
"35352447","Clubtails Grape Cocktail Can (24 Fl Oz)","00684746403518","0","Alcohol","5","$3.95",,"0",,,,"Gold Coast",,,,,,,,,,
"35352646","Clubtails Long Island Iced Tea (16 Fl Oz","00684746800416","0","Alcohol","5","$2.65",,"0",,,,"Gold Coast",,,,,,,,,,
"39380699","Km Sour Flush","00686464447003","0","Snacks","9","$2.25",,"0",,,,,,,,,,,,,,
"39380706","Kidsmania Flip Phone Pop","00686464487009","0","Candy","22","$2.25","$1.46","2",,,,"Plenty Prices Florida",,,,,,,,,,
"35352676","Ooze Tube Blue Raspberry,green Apple, Ch","00686464588003","0","Snacks","9","$1.99",,"0",,,,,,,,,,,,,,
"35352527","Sour Ooze","00686464688000","0","Snacks","9","$2.49",,"0",,,,,,,,,,,,,,
"35804348","Big Fire Whole Leaf Pouches","00687051869055","0","Tobacco","4","$5.84",,"0",,,,"Nepa Wholesale",,,,,,,,,,
"35351181","Dark Crush","00687051869185","0","Tobacco","4","$4.03",,"0",,,,,,,,,,,,,,
"35351132","Kim Crawford: Chardonnay 750 Ml","00689352009628","0","Alcohol","5","$15.89",,"0",,,,,,,,,,,,,,
"35351211","Kim Crawford: Rosé 750 Ml","00689352009987","0","Alcohol","5","$14.95",,"0",,,,,,,,,,,,,,
"37935911","Digital Pocket Scale 500gX.01g","00692010050436","0","Household","6","$16.00",,"0",,,,,,,,,,,,,,
"37935912","Weigh Max Blg 1000 Green","00692016121659","0","Household","6","$22.00",,"0",,,,,,,,,,,,,,
"35350795","Digital Pocket Scale","00692017061060","0","Household","6","$12.47",,"0",,,,,,,,,,,,,,
"35350478","Cap","00694155509534","0","Household","6","$14.01",,"0",,,,,,,,,,,,,,
"35351258","Fifo 2","00694155600330","0","Household","6","$9.99",,"0",,,,,,,,,,,,,,
"35350813","Fifo Usb Cable 2","00694155600774","0","Household","6","$8.31",,"0",,,,,,,,,,,,,,
"35351814","Usb","00694155602211","0","Grocery Non-taxable","3","$7.99",,"0",,,,,,,,,,,,,,
"35351912","Charger Type C","00694155602242","0","Household","6","$9.99",,"0",,,,,,,,,,,,,,
"35350868","Fifo Usb Cable 3","00694155604154","0","Household","6","$7.99",,"0",,,,,,,,,,,,,,
"35350916","Fifo Usb Cable 4","00694155604161","0","Household","6","$7.99",,"0",,,,,,,,,,,,,,
"35350580","Fifo Usb Charger Charge & Sync","00694155604185","0","Household","6","$7.99",,"0",,,,,,,,,,,,,,
"35351006","Fifo Type C Usb Cable","00694155604192","0","Household","6","$7.99",,"0",,,,,,,,,,,,,,
"35350897","Fifo Usb","00694155604246","0","Household","6","$10.39",,"0",,,,,,,,,,,,,,
"35351601","Cookies Strawberry Banana 30,000 Puffs","00695682290216","0","Vape","16","$24.10",,"0",,,,,,,,,,,,,,
"35351754","Dragon Stout 9.6oz 6pk Btl","00698614021261","0","Alcohol","5","$12.63",,"0",,,,"Gold Coast",,,,,,,,,,
"35352983","Dragon Stout Fire 9.6oz Btl Sngl","00698614985488","0","Alcohol","5","$2.48",,"0",,,,"Gold Coast",,,,,,,,,,
"35351953","Dragon Stout Fire 9.6oz 6pk Btl","00698614985495","0","Alcohol","5","$12.14",,"0",,,,"Gold Coast",,,,,,,,,,
"35352669","King Wraps","00700254846170","0","Tobacco","4","$1.87",,"0",,,,,,,,,,,,,,
"35351834","Opms Liquid Kratom 8 Ml","00700598109139","0","Tobacco","4","$15.56",,"0",,,,,,,,,,,,,,
"35352247","Blunteffects Airfreshener 1","00700786110008","0","Grocery Non-taxable","3","$4.99",,"0",,,,,,,,,,,,,,
"35352649","DTC Menthol Short","00709215016409","0","Tobacco","4","$5.14",,"11",,,,"NBC",,,,,,,,,,
"35351948","DTC Menthol 100's","00709215113474","0","Tobacco","4","$5.14",,"'-27",,,,"NBC",,,,,,,,,,
"35352977","DTC Full Flavor Short","00709215121578","0","Tobacco","4","$5.14",,"30",,,,"NBC",,,,,,,,,,
"35352657","DTC Silver 100's","00709215123862","0","Tobacco","4","$5.14",,"'-105",,,,"NBC",,,,,,,,,,
"35352397","Dtc Silver 100 10 Pack","00709215123879","0","Tobacco","4","$49.99",,"0",,,,"NBC",,,,,,,,,,
"35352965","305's Purple Short","00709215201850","0","Tobacco","4","$5.14",,"'-107",,,,"NBC",,,,,,,,,,
"35351200","305 Full Flavour 10 Pack","00709215201867","0","Tobacco","4","$49.99",,"0",,,,"NBC",,,,,,,,,,
"35353042","305's Purple 100's","00709215202109","0","Tobacco","4","$5.14",,"'-62",,,,"NBC",,,,,,,,,,
"35351199","305 Ful Flavour 100 10 Pack","00709215202116","0","Tobacco","4","$49.99",,"0",,,,"NBC",,,,,,,,,,
"35352121","305's Red 100's","00709215203113","0","Tobacco","4","$2.34",,"0",,,,"NBC",,,,,,,,,,
"35351188","305's Box 10 Ct","00709215203120","0","Tobacco","4","$23.35",,"0",,,,"NBC",,,,,,,,,,
"35351896","305","00709215204219","0","Tobacco","4","$2.34",,"0",,,,"NBC",,,,,,,,,,
"35353038","305 Green 100s Cigar Large","00709215205315","0","Tobacco","4","$2.34",,"0",,,,"NBC",,,,,,,,,,
"35352140","Dtc 100 Menthol 10 Pack","00709215213488","0","Tobacco","4","$49.99",,"0",,,,"NBC",,,,,,,,,,
"35350928","305's Non Filter Kings Regular","00709215213983","0","Tobacco","4","$4.67",,"0",,,,"NBC",,,,,,,,,,
"35350952","Dtc Mentol Paquete De 1","00709215216403","0","Tobacco","4","$42.99",,"0",,,,"NBC",,,,,,,,,,
"35351193","Dtc Orange 10 Pack","00709215221575","0","Tobacco","4","$49.99",,"0",,,,"NBC",,,,,,,,,,
"35352472","DTC Full Flavor 100's","00709215224644","0","Tobacco","4","$5.14",,"'-21",,,,"NBC",,,,,,,,,,
"35351192","Dtc Orange 100 10 Pack","00709215224651","0","Tobacco","4","$49.99",,"0",,,,"NBC",,,,,,,,,,
"35352742","305's Blue Short","00709215302120","0","Tobacco","4","$5.14",,"'-14",,,,"NBC",,,,,,,,,,
"35350702","305's Box 10 Ct","00709215302137","0","Tobacco","4","$42.99",,"0",,,,"NBC",,,,,,,,,,
"35352703","305's Blue 100's","00709215302144","0","Tobacco","4","$5.14",,"'-88",,,,"NBC",,,,,,,,,,
"35351194","305 Blue 100 10 Pack","00709215302151","0","Tobacco","4","$49.99",,"0",,,,"NBC",,,,,,,,,,
"35353044","305`s Silver 100`s","00709215374219","0","Tobacco","4","$5.14",,"'-129",,,,"NBC",,,,,,,,,,
"35351196","305 S Silver 100 S 10 Pack","00709215384225","0","Tobacco","4","$49.99",,"0",,,,"NBC",,,,,,,,,,
"35353073","305's Menthol Short","00709215401885","0","Tobacco","4","$5.14",,"'-83",,,,"NBC",,,,,,,,,,
"35351198","305 S Menthol King Carton","00709215401892","0","Tobacco","4","$49.99",,"0",,,,"NBC",,,,,,,,,,
"35353014","305's Menthol 100's","00709215402127","0","Tobacco","4","$5.14",,"'-18",,,,"NBC",,,,,,,,,,
"35351197","305 Menthol 100s 10 Pack","00709215402134","0","Tobacco","4","$49.99",,"0",,,,"NBC",,,,,,,,,,
"35352510","305`s Silver Short","00709215475213","0","Tobacco","4","$5.14",,"12",,,,"NBC",,,,,,,,,,
"35350968","305 S Slver Kings","00709215485229","0","Tobacco","4","$37.84",,"0",,,,"NBC",,,,,,,,,,
"35352999","305's Menthol Gold 100's","00709215615329","0","Tobacco","4","$5.14",,"'-38",,,,"NBC",,,,,,,,,,
"35351195","305 Menthol Gold 100 10 Pack","00709215615336","0","Tobacco","4","$49.99",,"0",,,,"NBC",,,,,,,,,,
"35352883","DTC Menthol Gold 100`s","00709215623652","0","Tobacco","4","$5.14",,"'-133",,,,"NBC",,,,,,,,,,
"35351448","Dtc Menthol Gold 100 10 Pack","00709215623676","0","Tobacco","4","$49.99",,"0",,,,"NBC",,,,,,,,,,
"35351812","Dtc Gold 100's","00709215823861","0","Tobacco","4","$5.14",,"10",,,,"NBC",,,,,,,,,,
"35352066","Dtc Gold 100 10 Pack","00709215823878","0","Tobacco","4","$49.99",,"0",,,,"NBC",,,,,,,,,,
"38832878","DTC Cigarettes Gold short carton","00709215927606","0","Tobacco","4","$49.99",,"0",,,,"NBC",,,,,,,,,,
"35351501","DTC Gold Short","00709215927699","0","Tobacco","4","$5.14",,"49",,,,"NBC",,,,,,,,,,
"35351180","Poppi Ginger Lime 12 Fl Oz","00709586514870","0","Soda/Energy Beverages","19","$2.34",,"0",,,,,,,,,,,,,,
"35351461","Lean Body Chocolate 14 Fl Oz","00710779770478","0","Drinks","8","$3.41",,"0",,,,,,,,,,,,,,
"35351086","Lean Body Cookies & Cream 14 Fl Oz","00710779770492","0","Dairy","12","$3.65",,"0",,,,,,,,,,,,,,
"35773587","Alpha male 2 whatever wholesale","00712038556311","0","Taxable","2","$8.00",,"0",,,,"Nepa Wholesale",,,,,,,,,,
"35350933","Alpha Male","00712038987894","0","Vitamins/medicine","14","$7.28",,"0",,,,,,,,,,,,,,
"35352154","Hazy Mary Thca Pre Roll","00713310631658","0","Vape","16","$13.25",,"0",,,,,,,,,,,,,,
"42525997","Muffins jelly hole 2pre","00713310637032","0","Tobacco","4","$12.99",,"0",,,,,,,,,,,,,,
"42525999","Muffins jelly hole 2pre","00713310637056","0","Tobacco","4","$12.99",,"0",,,,,,,,,,,,,,
"42526000","Muffins Jelly Hole Citrus Beam Sativa","00713310637070","0","Tobacco","4","$12.99",,"0",,,,,,,,,,,,,,
"40583374","Hazytabs kratom","00713310637964","0","Vape","16","$29.99",,"0",,,,,,,,,,,,,,
"45855517","HazyTabs Natural","00713310637988","0","Tobacco","4","$25.99",,"0",,,,,,,,,,,,,,
"45778696","Hazy Tabz 800mg Mixed Berry","00713310637995","0","Tobacco","4","$25.99",,"0",,,,,,,,,,,,,,
"43211081","Hazy mary","00713310638008","0","Vape","16","$29.99",,"0",,,,,,,,,,,,,,
"45855501","Hazy Tabz Ultra Cherry 400mg 4pk","00713310639579","0","Tobacco","4","$25.99",,"0",,,,,,,,,,,,,,
"35351989","Charger","00716053603319","0","Household","6","$12.50",,"0",,,,,,,,,,,,,,
"35351669","Classic Raw Natural Unrefined Rolling Pa","00716165171447","0","Tobacco","4","$3.50",,"0",,,,"Nepa Wholesale",,,,,,,,,,
"35352396","Raw Classic Rolling Paper + tips","00716165174011","0","Tobacco","4","$4.57",,"0",,,,"Nepa Wholesale",,,,,,,,,,
"35352186","Raw Organic Hemp Papers 1 1/4 Size","00716165174172","0","Tobacco","4","$1.88",,"0",,,,"Nepa Wholesale",,,,,,,,,,
"35352380","Raw Natural Unrefined Hemp King Size Sli","00716165174219","0","Tobacco","4","$2.85",,"0",,,,"Nepa Wholesale",,,,,,,,,,
"35353066","Raw Natural King Size 3pk","00716165174578","0","Tobacco","4","$2.50",,"0",,,,"Nepa Wholesale",,,,,,,,,,
"35350814","Classic Raw Rolling Paper 1.5","00716165176107","0","Tobacco","4","$3.27",,"0",,,,"Nepa Wholesale",,,,,,,,,,
"35352785","Raw Cone 6 Pack","00716165177111","0","Tobacco","4","$2.90",,"0",,,,"Nepa Wholesale",,,,,,,,,,
"35352574","Raw Classic Paper 1 1/4 Size","00716165177319","0","Household","6","$2.09",,"0",,,,,,,,,,,,,,
"42615594","Classic Raw Rolling Papers 1 1/4 Size","00716165177326","0","Tobacco","4","$45.00",,"0",,,,,,,,,,,,,,
"35353035","Raw Classic Paper King Size","00716165177357","0","Tobacco","4","$2.80",,"0",,,,,,,,,,,,,,
"35351813","Elements Ultra Thin Rice Paper 1","00716165177777","0","Tobacco","4","$2.26",,"0",,,,"Nepa Wholesale",,,,,,,,,,
"35352242","Raw Classic Black Paper 1 1/4 Size","00716165280965","0","Tobacco","4","$1.88",,"0",,,,"Nepa Wholesale",,,,,,,,,,
"35352379","Rae Classic Black Paper King Size","00716165280972","0","Tobacco","4","$3.45",,"0",,,,"Nepa Wholesale",,,,,,,,,,
"35351637","Raw Classic Paper 1 1/4 Size","00716165308065","0","Tobacco","4","$1.88",,"0",,,,,,,,,,,,,,
"36283321","Raw king","00716165308072","0","Tobacco","4","$3.50",,"0",,,,"Nepa Wholesale",,,,,,,,,,
"35351435","Al Capone Sweets Cognac Dip Cigar 10.00","00717519001106","0","Tobacco","4","$9.49",,"0",,,,,,,,,,,,,,
"35352051","Al Caponejamaican Blaze 10.00 Ct","00717519001113","0","Tobacco","4","$9.49",,"0",,,,,,,,,,,,,,
"35352192","Al Capone Sweets Cigarillos 10.00 Ct","00717519001144","0","Tobacco","4","$9.49",,"0",,,,"Nepa Wholesale",,,,,,,,,,
"40069455","Al Capone Blues Filter","00717519001519","0","Tobacco","4","$9.49",,"0",,,,,,,,,,,,,,
"35352766","Alcapone:jamaican Blaze 10 Cigarillos","00717519008815","0","Tobacco","4","$9.49",,"0",,,,"Nepa Wholesale",,,,,,,,,,
"35352336","Al Capone Cognac 2 Pk 2.00 Ct","00717519011013","0","Tobacco","4","$2.34",,"0",,,,,,,,,,,,,,
"35352875","Al Capone Filter Sweets Cognac Dipped 0.","00717519011419","0","Tobacco","4","$2.15",,"0",,,,"Nepa Wholesale",,,,,,,,,,
"35352846","Al Capone Jamaica Blaze Rum Flavor","00717519011716","0","Tobacco","4","$2.15",,"0",,,,"Nepa Wholesale",,,,,,,,,,
"39360098","Full Sleeves Sports T Shirt","00718117708176","0","Household","6","$8.00",,"0",,,,,,,,,,,,,,
"35350729","Shirt","00718117708190","0","Household","6","$8.00",,"0",,,,,,,,,,,,,,
"39353039","CottonNet V-Neck 1XL","00718117708206","0","Household","6","$8.00",,"0",,,,,,,,,,,,,,
"39293201","S Black Longsleeve","00718117708268","0","Household","6","$8.00",,"0",,,,,,,,,,,,,,
"35351121","Shirt","00718117708282","0","Household","6","$8.00",,"0",,,,,,,,,,,,,,
"37132159","Long Sleeve Blk","00718117708299","0","Grocery Non-taxable","3","$8.00",,"0",,,,,,,,,,,,,,
"38912651","White Cotton Women's Long Sleeves","00718117708305","0","Non-Tax","1","$8.00",,"0",,,,,,,,,,,,,,
"35351785","69","00718122086986","0","Grocery Non-taxable","3","$8.99",,"0",,,,,,,,,,,,,,
"35351924","5-hour Energy:berry 1.93 Fl Oz","00719410500016","0","Soda/Energy Beverages","19","$3.38",,"0",,,,,,,,,,,,,,
"35351910","5-hour Energy:extra Strength 2.00 Fl Oz","00719410700010","0","Soda/Energy Beverages","19","$3.25",,"0",,,,,,,,,,,,,,
"35352902","Cotton Candy 2 Fl Oz","00720464080126","0","Candy","22","$2.00",,"0",,,,,,,,,,,,,,
"35352556","Clif Bar:chocolate Chip 2.40 Oz","00722252100900","0","Ultra-Processed Prep Desserts","23","$1.50",,"0",,,,,,,,,,,,,,
"35351871","Clif Bar:crunchy Peanut Butter 2.40 Oz","00722252101204","0","Snacks","9","$1.50",,"0",,,,,,,,,,,,,,
"36514095","Wheel and tire","00722429161185","0","Grocery Non-taxable","3","$9.99",,"0",,,,,,,,,,,,,,
"36514094","La's Totally Awesome Car Wash 32 Oz","00722429321527","0","Grocery Non-taxable","3","$9.99",,"0",,,,,,,,,,,,,,
"35964955","La'S Totally Awesome Fabric Softener","00722429420022","0","Grocery Non-taxable","3","$3.00",,"0",,,,,,,,,,,,,,
"38985924","Bleach","00722429640277","0","Grocery Non-taxable","3","$2.99",,"0",,,,,,,,,,,,,,
"45628674","Aniyos de arina","00723849488227","0","Snacks","9","$3.25",,"0",,,,,,,,,,,,,,
"45628682","Hojuelas de papa","00723849488265","0","Snacks","9","$3.25",,"0",,,,,,,,,,,,,,
"43800822","Toy","00724065971449","0","Grocery Non-taxable","3","$2.99",,"0",,,,,,,,,,,,,,
"43800831","Toy","00724065971494","0","Grocery Non-taxable","3","$2.99",,"0",,,,"Plenty Prices Florida",,,,,,,,,,
"42397453","Toys","00724065971500","0","Household","6","$2.99",,"0",,,,"Plenty Prices Florida",,,,,,,,,,
"42487954","Toy rabbit","00724065971548","0","Non-Tax","1","$2.99",,"0",,,,,,,,,,,,,,
"35351226","Poppi Orange 12 Fl Oz","00724190812877","0","Soda/Energy Beverages","19","$2.34",,"0",,,,,,,,,,,,,,
"35350499","Death Row Gummies Mango","00726597630153","0","Tobacco","4","$9.34",,"0",,,,,,,,,,,,,,
"35350492","Death Row Gummies","00726597630177","0","Gen Merch","10","$10.00",,"0",,,,,,,,,,,,,,
"35351020","Mionetto Brut:prosecco 750.00 Ml","00727760501638","0","Tobacco","4","$12.38",,"0",,,,,,,,,,,,,,
"35372550","Mionetto Brut:prosecco 750.00 Ml","00727761000000","0","Tobacco","4","$12.38",,"0",,,,,,,,,,,,,,
"35351438","Hannah's Tnt Red Hot Sausage 1.7 Oz","00727968110908","0","Grocery Non-taxable","3","$1.50",,"0",,,,,,,,,,,,,,
"35352406","Tnt Hannahs Pickled Sausage 1.75 Oz","00727968110953","0","Snacks","9","$1.50",,"0",,,,"A & J",,,,,,,,,,
"35352671","Hannahs: Red Hot Sausage 0.70 Oz","00727968112568","0","Snacks","9","$0.75",,"0",,,,"A & J",,,,,,,,,,
"35352753","Hannah's:tnt Red Hot Sausage - 0.70oz","00727968112599","0","Snacks","9","$0.85",,"0",,,,,,,,,,,,,,
"35352023","Hannah's Pickled Sauge 1.7 Oz","00727968112681","0","Snacks","9","$1.50",,"0",,,,"A & J",,,,,,,,,,
"35350887","Hannah's Biggest Re Hot Sausage 1.7 Oz","00727968112711","0","Grocery Non-taxable","3","$1.66",,"0",,,,,,,,,,,,,,
"35352291","Hannah's Big Pickled Sausage 1.7 Oz","00727968112759","0","Snacks","9","$1.50",,"0",,,,"A & J",,,,,,,,,,
"35351009","Howard's Fried Pork Skins 3 Oz","00732626100108","0","Grocery Non-taxable","3","$2.10",,"0",,,,,,,,,,,,,,
"35864672","Mofongitos Chips 3.5oz","00732626200006","0","Snacks","9","$3.75",,"0",,,,,,,,,,,,,,
"35352618","Lees Pig Skins Seasoned Dipper Crack 3 F","00735178002388","0","Snacks","9","$1.79",,"0",,,,,,,,,,,,,,
"40653807","Lee""s Crispy Curls","00735178002418","0","Snacks","9","$2.35",,"0",,,,,,,,,,,,,,
"42677039","Electric Lemonade 150mg  THC","00735380622404","0","Tobacco","4","$12.99",,"0",,,,,,,,,,,,,,
"42677044","Electric lemonade Pink 150mg THC","00735380879433","0","Tobacco","4","$12.99",,"0",,,,,,,,,,,,,,
"35351113","Goose Island Tropical Beer Hug 19.2 Fl O","00736920211089","0","Alcohol","5","$3.97",,"0",,,,"Eagle Brands Sales",,,,,,,,,,
"48572537","Gman White Tank Top Smal","00738435923389","0","Non-Tax","1","$6.00",,"0",,,,,,,,,,,,,,
"48459194","Toy","00739113766311","0","Non-Tax","1","$8.99",,"0",,,,,,,,,,,,,,
"35351676","Stone Creek Premium Trail Mix Cranberry","00740016995852","0","Snacks","9","$1.99",,"0",,,,,,,,,,,,,,
"35352480","Stone Creek No Salt Mixed Nuts (3 Oz)","00740016995890","0","Snacks","9","$2.10",,"0",,,,,,,,,,,,,,
"35352003","Stone Creek Premium Trail Mix (3 Oz)","00740016996507","0","Snacks","9","$2.10",,"0",,,,,,,,,,,,,,
"35351998","Cajun Hot Mix","00740016996514","0","Snacks","9","$2.14",,"0",,,,,,,,,,,,,,
"42870019","Stone creek Giant Pumpkin Seeds","00740016996521","0","Snacks","9","$2.00",,"0",,,,,,,,,,,,,,
"35351330","Stone Creek Raisins, Nuts & Seeds (4.5 O","00740016996538","0","Snacks","9","$2.10",,"0",,,,,,,,,,,,,,
"42622558","Stone creek raisins","00740016996705","0","Snacks","9","$1.99",,"0",,,,,,,,,,,,,,
"35352241","Stone Creek Honey Roasted Peanuts (5.5 O","00740016996729","0","Snacks","9","$2.10",,"0",,,,,,,,,,,,,,
"36117005","Stone Creek","00740016996736","0","Non-Tax","1","$1.99",,"0",,,,,,,,,,,,,,
"35352841","Peanuts","00740016996743","0","Snacks","9","$1.07",,"0",,,,,,,,,,,,,,
"42619927","SC HOT PEANUTS","00740016996781","0","Snacks","9","$2.00",,"0",,,,,,,,,,,,,,
"42559456","Stone creek","00740016996811","0","Snacks","9","$1.99",,"0",,,,,,,,,,,,,,
"35351644","Papper Plates 6 Count","00742797027951","0","Grocery Non-taxable","3","$1.99",,"0",,,,,,,,,,,,,,
"35351617","Lighter","00744230623058","0","Household","6","$1.25",,"0",,,,,,,,,,,,,,
"35351959","Rice","00745042112013","0","Household","6","$25.00",,"0",,,,,,,,,,,,,,
"35353054","Fire Grabba Small","00748252161598","0","Tobacco","4","$2.34",,"'-7",,,,"Nepa Wholesale",,,,,,,,,,
"35351995","Pure Protein:chocolate Peanut Butter 1.7","00749826126487","0","Snacks","9","$1.65",,"0",,,,,,,,,,,,,,
"35352856","Pure Protein:choclate Deluxe 1.76 Oz","00749826126517","0","Snacks","9","$1.65",,"0",,,,,,,,,,,,,,
"35352019","Pure Protein:choclate Peanut Caramel 1.7","00749826306742","0","Snacks","9","$1.65",,"0",,,,,,,,,,,,,,
"35352705","Dark Crush Jar","00750122786671","0","Tobacco","4","$5.14",,"0",,,,"Nepa Wholesale",,,,,,,,,,
"35350771","Toy","00750253678807","0","Grocery Non-taxable","3","$2.25",,"0",,,,,,,,,,,,,,
"35351270","Supermax 10 Razers","00752754010773","0","Gen Merch","10","$3.00",,"0",,,,,,,,,,,,,,
"43212391","TAKIS FAMILY 8.7oz","00757528004149","0","Snacks","9","$8.49",,"0",,,,,,,,,,,,,,
"35352927","Takis Fuego Hot Chili Pepper & Lime 1oz","00757528005047","0","Snacks","9","$0.66","$0.00","0",,,,,,,,,,,,,,
"35350917","Barcel Takis Fuego 2 Oz","00757528005276","0","Snacks","9","$1.69",,"0",,,,,,,,,,,,,,
"35352792","Takis: Fuego Hot Chili Pepper & Lime (9.","00757528008680","0","Snacks","9","$5.35",,"0",,,,,,,,,,,,,,
"35350765","Takis:nitro Habanero N Lime 9.9 Oz","00757528008697","0","Snacks","9","$4.99",,"0",,,,,,,,,,,,,,
"35351429","Takis Crunchy Fajita 9.9 Oz","00757528008703","0","Snacks","9","$5.19",,"0",,,,,,,,,,,,,,
"44255162","Barcel Nuts Hot Fuego","00757528008949","0","Snacks","9","$2.25",,"0",,,,,,,,,,,,,,
"35351486","Takis:stix Fuego - Hot Chili Pepper & Li","00757528010607","0","Grocery Non-taxable","3","$3.95",,"0",,,,,,,,,,,,,,
"35351502","Takis Guacamole 9.9 Fl Oz","00757528026448","0","Snacks","9","$4.95",,"0",,,,,,,,,,,,,,
"35351969","Takis: Hot Chili Pepper N Lime Fuego 8oz","00757528027964","0","Snacks","9","$5.50",,"0",,,,,,,,,,,,,,
"35351066","Takis: Blue Heat 9.9oz","00757528037475","0","Snacks","9","$4.99",,"0",,,,,,,,,,,,,,
"35351798","Takis Blue Heat 1 Fl Oz","00757528044657","0","Snacks","9","$0.68",,"0",,,,,,,,,,,,,,
"35352290","Takis:waves Hot Chili Pepper N Lime 2.5o","00757528045371","0","Snacks","9","$2.49",,"0",,,,,,,,,,,,,,
"35351635","Takis Waves Fuego 8 Oz Pack","00757528045388","0","Snacks","9","$6.25",,"0",,,,,,,,,,,,,,
"35352213","Takis:kettlez Hot Chili Pepper N Lime 2.","00757528046361","0","Snacks","9","$2.49",,"0",,,,,,,,,,,,,,
"35352746","Takis: Hot Chili Pepper N Lime (3.25 Oz)","00757528048075","0","Snacks","9","$3.25",,"0",,,,,,,,,,,,,,
"35352130","Takis:blue Heat 3.25oz","00757528048112","0","Snacks","9","$3.25",,"0",,,,,,,,,,,,,,
"36467660","Takis Blue Heat 2oz","00757528048440","0","Snacks","9","$1.69","$0.00","0",,,,,,,,,,,,,,
"35352395","Takis Intense Nacho 1 Fl Oz","00757528048532","0","Snacks","9","$0.65",,"0",,,,,,,,,,,,,,
"35351263","Takis:nitro Habanero N Lime 3.25oz","00757528049102","0","Grocery Non-taxable","3","$3.75",,"0",,,,,,,,,,,,,,
"35350701","Takis","00757528049126","0","Grocery Non-taxable","3","$3.64",,"0",,,,,,,,,,,,,,
"35352131","Takis Mix Fuego 3.5 Fl Oz","00757528051266","0","Snacks","9","$2.35",,"0",,,,,,,,,,,,,,
"47896394","Takis Smkin Bbq 3.25z","00757528053253","0","Snacks","9","$3.25",,"0",,,,,,,,,,,,,,
"43299673","Takis Pix Fuego 2.875 oz","00757528054052","0","Snacks","9","$2.29",,"0",,,,,,,,,,,,,,
"40878041","Takis lime","00757528054113","0","Snacks","9","$3.95",,"0",,,,,,,,,,,,,,
"35352709","Aera Thc Prerolls","00759242688421","0","Tobacco","4","$11.99",,"0",,,,,,,,,,,,,,
"35352442","Aero Thc Preroll","00759242688445","0","Tobacco","4","$11.99",,"0",,,,,,,,,,,,,,
"35352585","Uncle Wally's Muffin Chocolate Chips 3.7","00759313041049","0","Snacks","9","$1.55",,"0",,,,,,,,,,,,,,
"35352521","Uncle Wally's Bake Shoppe:blueberry 4.00","00759313891040","0","Snacks","9","$1.25",,"0",,,,,,,,,,,,,,
"36350501","Shirt","00761253208048","0","Grocery Non-taxable","3","$4.00",,"0",,,,,,,,,,,,,,
"35350494","Razz Pre Rill","00761373789656","0","Gen Merch","10","$15.00",,"0",,,,,,,,,,,,,,
"35352572","Black Fire Leaf","00763164118355","0","Tobacco","4","$2.34",,"0",,,,"Nepa Wholesale",,,,,,,,,,
"35350785","Roxane Water 16.9 Oz","00765317005017","0","Grocery Non-taxable","3","$1.10",,"0",,,,,,,,,,,,,,
"35351007","Rap","00781231000457","0","Snacks","9","$2.75",,"0",,,,,,,,,,,,,,
"35351250","Rap Sour Cream With A Dab Of Ranch Migos","00781231000464","0","Snacks","9","$2.07",,"0",,,,,,,,,,,,,,
"35350884","Rap","00781231000501","0","Snacks","9","$2.75",,"0",,,,,,,,,,,,,,
"35351437","Rap Rick Ross Sweet Chili Lemon Pepper P","00781231000891","0","Snacks","9","$2.49",,"0",,,,,,,,,,,,,,
"35350958","Rap Oowee Wavy Honey Bbq","00781231001607","0","Snacks","9","$2.75",,"0",,,,,,,,,,,,,,
"48210800","Rap","00781231001898","0","Snacks","9","$1.99",,"0",,,,,,,,,,,,,,
"48210798","RAP SNACKS CHEES PUFFs","00781231002345","0","Snacks","9","$1.99",,"0",,,,,,,,,,,,,,
"35351561","Rap Snacks Sour Faces Candy 5.3 Oz","00781231002772","0","Snacks","9","$3.00",,"0",,,,,,,,,,,,,,
"35350847","Rap Gummy Faces","00781231002789","0","Snacks","9","$2.99",,"0",,,,,,,,,,,,,,
"35350609","Rap Mixed Sharks","00781231002895","0","Snacks","9","$2.99",,"0",,,,,,,,,,,,,,
"35351478","Rap Snacks Lil Boosie's Louisiana Heat P","00781231003670","0","Snacks","9","$2.20",,"0",,,,,,,,,,,,,,
"35352543","Rap Snacks:lil Baby 2 Oz","00781231003892","0","Snacks","9","$2.15",,"0",,,,,,,,,,,,,,
"48210803","Rap barbeque with honey","00781231003953","0","Snacks","9","$1.99",,"0",,,,,,,,,,,,,,
"35352195","Rap Snacks Bar-b-quin With My Honey Heat","00781231004004","0","Snacks","9","$2.15",,"0",,,,,,,,,,,,,,
"35352612","Rap Snacks Boosie Louisiana Heat (2 Oz)","00781231004035","0","Snacks","9","$2.15",,"0",,,,,,,,,,,,,,
"40350081","Solar lite","00784668688410","0","Grocery Non-taxable","3","$1.00",,"0",,,,,,,,,,,,,,
"40064779","Lighter","00784668688427","0","Grocery Non-taxable","3","$1.00",,"0",,,,,,,,,,,,,,
"35352651","Alpha Male 2","00784672906180","0","Gen Merch","10","$8.25",,"0",,,,,,,,,,,,,,
"35351239","Zigzag Leaf Sweet Aromatic","00784762080271","0","Tobacco","4","$1.29",,"0",,,,,,,,,,,,,,
"35352075","Stella Artois 11.2oz 6pk Btl","00786150000014","0","Alcohol","5","$12.63",,"0",,,,"Eagle Brands Sales",,,,,,,,,,
"35352828","Stella Artois 11.2oz Btl Sngl","00786150000052","0","Alcohol","5","$2.29",,"0",,,,"Eagle Brands Sales",,,,,,,,,,
"35351411","Stella Artois 11.2oz 12pk Btl","00786150000144","0","Alcohol","5","$21.03",,"0",,,,"Eagle Brands Sales",,,,,,,,,,
"35352729","Stella Artois 22.4oz Btl Sngl","00786150000571","0","Alcohol","5","$4.57",,"0",,,,"Eagle Brands Sales",,,,,,,,,,
"35352962","Stella Artois 7oz 6pk Btl","00786150002223","0","Alcohol","5","$9.26",,"0",,,,"Eagle Brands Sales",,,,,,,,,,
"35351881","Stella Artois 7oz Btl Sngl","00786150002230","0","Alcohol","5","$1.92",,"0",,,,"Eagle Brands Sales",,,,,,,,,,
"35352549","Vitamin Water Zero Sugar Lemonade (16.9","00786162003508","0","Drinks","8","$1.50",,"0",,,,,,,,,,,,,,
"35352228","Vitamin Water Zero Sugar Blueberry Pomeg","00786162003515","0","Drinks","8","$1.50",,"0",,,,,,,,,,,,,,
"42676639","VitaminWater Zero Rise Orange","00786162003522","0","Drinks","8","$1.50",,"0",,,,,,,,,,,,,,
"35352628","Vitamin Water Acai Blueberry Pomegranate","00786162003546","0","Drinks","8","$1.50",,"0",,,,,,,,,,,,,,
"35352369","Vitamin Water Dragon Fruit (16.9 Fl Oz)","00786162003553","0","Drinks","8","$1.50",,"0",,,,,,,,,,,,,,
"35351509","Smart Water 16.9 Fl Oz","00786162003690","0","Drinks","8","$2.00",,"0",,,,,,,,,,,,,,
"48785462","Vitamin Water Zero Shine","00786162004987","0","Drinks","8","$1.50",,"0",,,,,,,,,,,,,,
"42676649","Vitamin Water sugar free strawberry l","00786162005328","0","Drinks","8","$1.50",,"0",,,,,,,,,,,,,,
"35350850","Smart Water Alkaline","00786162005335","0","Grocery Non-taxable","3","$3.12",,"0",,,,,,,,,,,,,,
"35350830","Smart Water 0.00 Oz","00786162005342","0","Grocery Non-taxable","3","$3.00",,"0",,,,,,,,,,,,,,
"35350801","Glaceau Vitamin Water:power-c - Dragonfr","00786162010001","0","Grocery Non-taxable","3","$2.50",,"0",,,,,,,,,,,,,,
"35350793","Glaceau Vit. Water Tropical Citrus 20oz","00786162080004","0","Drinks","8","$2.60",,"0",,,,,,,,,,,,,,
"35350856","Vitamin Water blueberry-pomegran 20oz","00786162150004","0","Drinks","8","$2.60",,"0",,,,,,,,,,,,,,
"35350770","Glaceau Smart Water:electrolyte Enhanced","00786162200433","0","Grocery Non-taxable","3","$2.25",,"0",,,,,,,,,,,,,,
"35352610","Smart Water Vapor Distilled Premium Wate","00786162338006","0","Drinks","8","$3.25",,"0",,,,,,,,,,,,,,
"35352682","Vitamin Water Tropical Citrus (16.9 Fl O","00786162411778","0","Drinks","8","$1.50",,"0",,,,,,,,,,,,,,
"35352084","Vitamin Water Zero Sugar Dragonfruit (16","00786162411907","0","Drinks","8","$1.50",,"0",,,,,,,,,,,,,,
"35353030","Vitamin Water Blue Rasberry Limeade (16.","00786162412058","0","Drinks","8","$1.50",,"0",,,,,,,,,,,,,,
"35352418","Vitamin Water Zero Sugar Pineapple Passi","00786162412065","0","Drinks","8","$1.50",,"0",,,,,,,,,,,,,,
"48260306","Passion bon bosco","00788362056223","0","Ice Cream","11","$3.60",,"0",,,,,,,,,,,,,,
"48260284","Cocolato bosco","00790757772052","0","Ice Cream","11","$4.00",,"0",,,,,,,,,,,,,,
"42827183","Royal Honey gold","00792138347521","0","Non-Tax","1","$9.99",,"0",,,,,,,,,,,,,,
"35351300","Green Roads 1200 Mg Cbd","00793888296190","0","Vape","16","$45.99",,"0",,,,,,,,,,,,,,
"35351603","Cbd 1200mg","00793888298194","0","Vape","16","$40.00",,"0",,,,,,,,,,,,,,
"35351862","Tourch","00794080248116","0","Grocery Non-taxable","3","$8.58",,"0",,,,,,,,,,,,,,
"48260289","Super Bom Gelato.bosco","00794775615070","0","Ice Cream","11","$3.60",,"0",,,,,,,,,,,,,,
"35352769","Dragon Stout 9.6oz Btl Sngl","00795978070819","0","Alcohol","5","$2.58",,"0",,,,"Gold Coast",,,,,,,,,,
"35351846","Fire 4","00796520055742","0","Tobacco","4","$2.34",,"0",,,,,,,,,,,,,,
"35351238","#1525 - Gold Rush Doubler","00798028115256","0","Scratch Off","13","$1.00",,"0",,,,,,,,,,,,,,
"35350537","#1536 - $50 Frenzy","00798028115362","0","Scratch Off","13","$1.00",,"0",,,,,,,,,,,,,,
"35350531","#1551 - 10 X The Cash","00798028115515","0","Scratch Off","13","$1.00",,"0",,,,,,,,,,,,,,
"35351657","#1565 - Monopoly Secret Vault","00798028115652","0","Scratch Off","13","$1.00",,"0",,,,,,,,,,,,,,
"35350530","#1570 - Fast Loot","00798028115706","0","Scratch Off","13","$1.00",,"0",,,,,,,,,,,,,,
"35352477","#1575 - $5,000 Holiday Blowout","00798028115751","0","Scratch Off","13","$1.00",,"0",,,,,,,,,,,,,,
"35353057","#1583 - $10,000 Gold Rush Multiplier","00798028115836","0","Scratch Off","13","$1.00",,"0",,,,,,,,,,,,,,
"35352820","#1595 - Summer Cash","00798028115959","0","Scratch Off","13","$1.00",,"0",,,,,,,,,,,,,,
"35353039","#1598 - $500 A Week For Life","00798028115980","0","Scratch Off","13","$1.00",,"0",,,,,,,,,,,,,,
"35770389","#1609 - $10,000 HOLIDAY CASH","00798028116093","0","Scratch Off","13","$1.00","$0.00","0",,,,,,,,,,,,,,
"38862769","#1619 - $1 10X THE CASH","00798028116192","0","Scratch Off","13","$1.00",,"0",,,,,,,,,,,,,,
"39978883","#1624 - $1 FAST $50'S","00798028116246","0","Scratch Off","13","$1.00","$0.00","0",,,,,,,,,,,,,,
"47620235","#1636 - $1 LUCKY BUCKS","00798028116369","0","Scratch Off","13","$1.00",,"0",,,,,,,,,,,,,,
"35352970","#1526 - Gold Rush Doubler","00798028215260","0","Scratch Off","13","$2.00",,"0",,,,,,,,,,,,,,
"35351246","#1530 - Lotteria Don Clemente","00798028215307","0","Scratch Off","13","$2.00",,"0",,,,,,,,,,,,,,
"35353037","#1533 - $50,000 A Year For Life","00798028215338","0","Scratch Off","13","$2.00",,"0",,,,,,,,,,,,,,
"35352971","#1537 - Cash Drop","00798028215376","0","Scratch Off","13","$2.00",,"0",,,,,,,,,,,,,,
"35352833","#1552 - 20 X The Cash","00798028215529","0","Scratch Off","13","$2.00",,"0",,,,,,,,,,,,,,
"35350529","#1560 - Win Win Win","00798028215604","0","Scratch Off","13","$2.00",,"0",,,,,,,,,,,,,,
"35352897","#1566 - Monopoly Secret Vault","00798028215666","0","Scratch Off","13","$2.00",,"0",,,,,,,,,,,,,,
"35350534","#1571 - Double Cash","00798028215710","0","Scratch Off","13","$2.00",,"0",,,,,,,,,,,,,,
"35351652","#1576 - $25,000 Holiday Blowout","00798028215765","0","Scratch Off","13","$2.00",,"0",,,,,,,,,,,,,,
"35351777","#1579 - ""2025""","00798028215796","0","Scratch Off","13","$2.00",,"0",,,,,,,,,,,,,,
"35352943","#1580 - Lotteria","00798028215802","0","Scratch Off","13","$2.00",,"0",,,,,,,,,,,,,,
"35352980","#1584 - $100,000 Gold Rush Multiplier","00798028215840","0","Scratch Off","13","$2.00",,"0",,,,,,,,,,,,,,
"35353074","#1587 - Quick $100s","00798028215871","0","Scratch Off","13","$2.00",,"0",,,,,,,,,,,,,,
"35353060","#1591 - Add It Up","00798028215918","0","Scratch Off","13","$2.00",,"0",,,,,,,,,,,,,,
"35353075","#1599 - $1,000 A Week For Life","00798028215994","0","Scratch Off","13","$2.00",,"0",,,,,,,,,,,,,,
"35772322","#1610 - $50,000 HOLIDAY CASH","00798028216106","0","Scratch Off","13","$2.00",,"0",,,,,,,,,,,,,,
"35352870","#1614 - Win It All!","00798028216144","0","Scratch Off","13","$2.00",,"0",,,,,,,,,,,,,,
"36651841","#1615 - $2 Happy New Year 2026","00798028216151","0","Scratch Off","13","$2.00",,"0",,,,,,,,,,,,,,
"38862755","#1620 - $2 20X THE CASH","00798028216205","0","Scratch Off","13","$2.00",,"0",,,,,,,,,,,,,,
"39978878","#1625 - $2 LUCKY CLOVERS","00798028216250","0","Scratch Off","13","$2.00","$0.00","0",,,,,,,,,,,,,,
"43351317","#1631 - Red White & Blue Cash","00798028216311","0","Scratch Off","13","$2.00",,"0",,,,,,,,,,,,,,
"47620239","#1637 - $2 BIG BUCKS","00798028216373","0","Scratch Off","13","$2.00",,"0",,,,,,,,,,,,,,
"35350533","#5057 - Easy Money","00798028250575","0","Scratch Off","13","$2.00",,"0",,,,,,,,,,,,,,
"35352689","#5060 - Find The 7s","00798028250605","0","Scratch Off","13","$2.00",,"0",,,,,,,,,,,,,,
"35353061","#7029 - Jaws","00798028270290","0","Scratch Off","13","$2.00",,"0",,,,,,,,,,,,,,
"35353058","#1497 - Triple Crossword","00798028314970","0","Scratch Off","13","$3.00",,"0",,,,,,,,,,,,,,
"35352973","#1549 - Bingo Night","00798028315496","0","Scratch Off","13","$3.00",,"0",,,,,,,,,,,,,,
"35351844","#1592 - Treasure Hunt","00798028315922","0","Scratch Off","13","$3.00",,"0",,,,,,,,,,,,,,
"35353059","#1605 - $150,000 Crossword Bonus","00798028316059","0","Scratch Off","13","$3.00",,"0",,,,,,,,,,,,,,
"36651852","#1616 - $3 Loteria","00798028316165","0","Scratch Off","13","$3.00",,"0",,,,,,,,,,,,,,
"36651865","#1617 - $3 Bonus Box Bingo","00798028316172","0","Scratch Off","13","$3.00",,"0",,,,,,,,,,,,,,
"43351322","#1632 - Gold Mine","00798028316325","0","Scratch Off","13","$3.00",,"0",,,,,,,,,,,,,,
"35350539","#1499 - Crossword Cash","00798028414991","0","Scratch Off","13","$5.00",,"0",,,,,,,,,,,,,,
"35350535","#1514 - Xtreme Crossword","00798028415141","0","Scratch Off","13","$5.00",,"0",,,,,,,,,,,,,,
"35352837","#1518 - The Price Is Right","00798028415189","0","Scratch Off","13","$5.00",,"0",,,,,,,,,,,,,,
"35352836","#1527 - Gold Rush Doubler","00798028415271","0","Scratch Off","13","$5.00",,"0",,,,,,,,,,,,,,
"35352879","#1542 Hit & Win","00798028415424","0","Scratch Off","13","$5.00",,"0",,,,,,,,,,,,,,
"35352860","#1553 - 50 X The Cash","00798028415530","0","Scratch Off","13","$5.00",,"0",,,,,,,,,,,,,,
"35353052","#1557 - Bonus Letter Crossword","00798028415578","0","Scratch Off","13","$5.00",,"0",,,,,,,,,,,,,,
"35351272","#1561 - Loteria Don Clemente Grande","00798028415615","0","Scratch Off","13","$5.00",,"0",,,,,,,,,,,,,,
"35352892","#1567 - Monopoly Secret Vault","00798028415677","0","Scratch Off","13","$5.00",,"0",,,,,,,,,,,,,,
"35351752","#1577 - $100,000 Holiday Blowout","00798028415776","0","Scratch Off","13","$5.00",,"0",,,,,,,,,,,,,,
"35352577","#1581 - Platinum Mine 9x","00798028415813","0","Scratch Off","13","$5.00",,"0",,,,,,,,,,,,,,
"35352967","#1585 - $1,000,000 Gold Rush Multiplier","00798028415851","0","Scratch Off","13","$5.00",,"0",,,,,,,,,,,,,,
"35351254","#1588 - 5 Times Lucky","00798028415882","0","Scratch Off","13","$5.00",,"0",,,,,,,,,,,,,,
"35353020","#1589 - $25, $50 Or $100","00798028415899","0","Scratch Off","13","$5.00",,"0",,,,,,,,,,,,,,
"35352896","#1593 - Money Match","00798028415936","0","Scratch Off","13","$5.00",,"0",,,,,,,,,,,,,,
"35352849","#1596 - Florida Big Bills","00798028415967","0","Scratch Off","13","$5.00",,"0",,,,,,,,,,,,,,
"35353021","#1600 - $2,500 A Week For Life","00798028416001","0","Scratch Off","13","$5.00",,"0",,,,,,,,,,,,,,
"35353022","#1603 - Triple Red 777","00798028416032","0","Scratch Off","13","$5.00",,"0",,,,,,,,,,,,,,
"35353023","#1606 - Break The Bank","00798028416063","0","Scratch Off","13","$5.00",,"0",,,,,,,,,,,,,,
"35770386","#1611 - $250,000 HOLIDAY CASH","00798028416117","0","Scratch Off","13","$5.00","$0.00","0",,,,,,,,,,,,,,
"38862760","#1621 - $5 50x THE CASH","00798028416216","0","Scratch Off","13","$5.00",,"0",,,,,,,,,,,,,,
"39978875","#1626 - $5 BONUS BLOW OUT","00798028416261","0","Scratch Off","13","$5.00","$0.00","0",,,,,,,,,,,,,,
"41268776","#1628 - $5 SILVER & GOLD CROSSWORD","00798028416285","0","Scratch Off","13","$5.00",,"0",,,,,,,,,,,,,,
"41269228","#1629 - $5 PRECIOUS METALS GOLD","00798028416292","0","Scratch Off","13","$5.00",,"0",,,,,,,,,,,,,,
"43351327","#1633 - $1 million CASH STACKS","00798028416339","0","Scratch Off","13","$5.00",,"0",,,,,,,,,,,,,,
"40472363","#1635 - America 250 FL","00798028416353","0","Scratch Off","13","$5.00",,"0",,,,,,,,,,,,,,
"47620241","#1638 - $5 GIANT BUCKS","00798028416384","0","Scratch Off","13","$5.00",,"0",,,,,,,,,,,,,,
"48374951","#1641 - Power 20X","00798028416414","0","Scratch Off","13","$5.00",,"0",,,,,,,,,,,,,,
"35351252","#5054 - Triple Golden Cherries","00798028450548","0","Scratch Off","13","$5.00",,"0",,,,,,,,,,,,,,
"40597713","#5056 - $5 Jeopardy","00798028450562","0","Scratch Off","13","$5.00",,"0",,,,,,,,,,,,,,
"35352865","#5058 - Millionaire Maker","00798028450586","0","Scratch Off","13","$5.00",,"0",,,,,,,,,,,,,,
"35352803","#5059 The Cash Wheel","00798028450593","0","Scratch Off","13","$5.00",,"0",,,,,,,,,,,,,,
"35353056","#5061 - Double Your Money","00798028450616","0","Scratch Off","13","$5.00",,"0",,,,,,,,,,,,,,
"35350536","#1535 - A Year For Life","00798028515353","0","Scratch Off","13","$10.00",,"0",,,,,,,,,,,,,,
"35352804","#1554 - 100 X The Cash","00798028515544","0","Scratch Off","13","$10.00",,"0",,,,,,,,,,,,,,
"35352880","#1568 - Monopoly Secret Vault","00798028515681","0","Scratch Off","13","$10.00",,"0",,,,,,,,,,,,,,
"35353034","#1572 - Triple Jackpot","00798028515728","0","Scratch Off","13","$10.00",,"0",,,,,,,,,,,,,,
"35351638","#1573 - Silver Streak","00798028515735","0","Scratch Off","13","$10.00",,"0",,,,,,,,,,,,,,
"35351852","#1578 - $5,000,000 Holiday Blowout","00798028515780","0","Scratch Off","13","$10.00",,"0",,,,,,,,,,,,,,
"35353053","#1582 - Ultimate Vip Cashword","00798028515827","0","Scratch Off","13","$10.00",,"0",,,,,,,,,,,,,,
"35352806","#1586 - Gold Rush Multiplier","00798028515865","0","Scratch Off","13","$10.00",,"0",,,,,,,,,,,,,,
"35352822","#1597 - Scorching Hot 7s","00798028515971","0","Scratch Off","13","$10.00",,"0",,,,,,,,,,,,,,
"35352975","#1601 - $5,000 A Week For Life","00798028516015","0","Scratch Off","13","$10.00",,"0",,,,,,,,,,,,,,
"35352995","#1607 - $50 , $100 & $500 Blowout","00798028516077","0","Scratch Off","13","$10.00",,"0",,,,,,,,,,,,,,
"35770383","#1612 - $500,000 HOLIDAY CASH","00798028516121","0","Scratch Off","13","$10.00","$0.00","0",,,,,,,,,,,,,,
"36651823","#1618 - $10 Double Diamond Cashword","00798028516183","0","Scratch Off","13","$10.00",,"0",,,,,,,,,,,,,,
"38862745","#1622 - $10 100X THE CASH","00798028516220","0","Scratch Off","13","$10.00",,"0",,,,,,,,,,,,,,
"41269226","#1630 - FORTUNE","00798028516305","0","Scratch Off","13","$10.00",,"0",,,,,,,,,,,,,,
"47620247","#1639 - $10 JUMBO BUCKS","00798028516398","0","Scratch Off","13","$10.00",,"0",,,,,,,,,,,,,,
"48374944","#5063 - Cash in Hand","00798028550637","0","Scratch Off","13","$10.00",,"0",,,,,,,,,,,,,,
"35352823","#7025 - Mystery Multiplier","00798028570253","0","Scratch Off","13","$10.00",,"0",,,,,,,,,,,,,,
"35350532","#1501 - Gold Rush Limited","00798028615015","0","Scratch Off","13","$20.00",,"0",,,,,,,,,,,,,,
"35353009","#1539 - $5,000,000 Crossword Cash","00798028615398","0","Scratch Off","13","$20.00",,"0",,,,,,,,,,,,,,
"35352235","#1543 Triple Match","00798028615435","0","Scratch Off","13","$20.00",,"0",,,,,,,,,,,,,,
"35352955","#1562 - Gold Rush Legacy","00798028615626","0","Scratch Off","13","$20.00",,"0",,,,,,,,,,,,,,
"35352974","#1569 - Monopoly Secret Vault","00798028615695","0","Scratch Off","13","$20.00",,"0",,,,,,,,,,,,,,
"35352754","#1594 - $5,000,000 Cash Money","00798028615947","0","Scratch Off","13","$20.00",,"0",,,,,,,,,,,,,,
"35353010","#1602 - $10,000 A Week For Life","00798028616029","0","Scratch Off","13","$20.00",,"0",,,,,,,,,,,,,,
"35770376","#1613 - $1,000,000 HOLIDAY CASH","00798028616135","0","Scratch Off","13","$20.00","$0.00","0",,,,,,,,,,,,,,
"38862739","#1623 - $20 200X THE CASH","00798028616234","0","Scratch Off","13","$20.00",,"0",,,,,,,,,,,,,,
"43351346","#1634 - MEGA 7's","00798028616340","0","Scratch Off","13","$20.00",,"0",,,,,,,,,,,,,,
"47620250","#1640 - $20 MEGA BUCKS","00798028616401","0","Scratch Off","13","$20.00",,"0",,,,,,,,,,,,,,
"35351251","#7028 - The Perfect Gift","00798028670281","0","Scratch Off","13","$20.00",,"0",,,,,,,,,,,,,,
"35352744","#1574 - $15,000,000 Gold Rush Multiplier","00798028715746","0","Scratch Off","13","$30.00",,"0",,,,,,,,,,,,,,
"35352918","#1608 - $15,000,000 Diamond Spectacular","00798028716088","0","Scratch Off","13","$30.00",,"0",,,,,,,,,,,,,,
"35352748","#5048 - Florida 300 X The Cash","00798028750488","0","Scratch Off","13","$30.00",,"0",,,,,,,,,,,,,,
"35351726","#1529 - $1,000,000 A Year For Life Spect","00798028915290","0","Scratch Off","13","$50.00",,"0",,,,,,,,,,,,,,
"35352867","#1555 - 500 X The Cash","00798028915559","0","Scratch Off","13","$50.00",,"0",,,,,,,,,,,,,,
"35352580","#1590 - $25,000,000 Gold Rush Multiplier","00798028915900","0","Scratch Off","13","$50.00",,"0",,,,,,,,,,,,,,
"35352581","#1604 - $500,000 Cash Blowout","00798028916044","0","Scratch Off","13","$50.00",,"0",,,,,,,,,,,,,,
"39978893","#1627 - $50 500X THE CASH","00798028916273","0","Scratch Off","13","$50.00","$0.00","0",,,,,,,,,,,,,,
"48374938","#1642 - $500K Cash Blitz","00798028916426","0","Scratch Off","13","$50.00",,"0",,,,,,,,,,,,,,
"35350688","Sour","00798051601214","0","Grocery Non-taxable","3","$3.00",,"0",,,,,,,,,,,,,,
"47651298","Sorbet Labs 4 of a Kind Indica","00798156906870","0","Tobacco","4","$12.00",,"0",,,,,,,,,,,,,,
"42525988","Hazy Mary Indica Gush Mintz Blue","00798156907747","0","Tobacco","4","$7.99",,"0",,,,,,,,,,,,,,
"48087520","Hazy Mary Sativa Tropicana Cookies","00798156907754","0","Tobacco","4","$7.99",,"0",,,,"Nate",,,,,,,,,,
"48087523","Hazy Mary Hybrid Wedding Cake","00798156907761","0","Tobacco","4","$7.99",,"0",,,,"Nate",,,,,,,,,,
"47676062","Muffins Preroll Sativa Strbry Donut 2gm","00798156907808","0","Tobacco","4","$7.99",,"'-27",,,,"Nepa Wholesale",,,,,,,,,,
"42556331","Muffins Preroll Indica Grape Cake 2gm","00798156907815","0","Tobacco","4","$7.99",,"0",,,,"Nepa Wholesale",,,,,,,,,,
"48238069","Jelly Hole Mango Fuel Sativa","00798156907877","0","Tobacco","4","$12.99",,"0",,,,"Nepa Wholesale",,,,,,,,,,
"42525996","Jelly","00798156907884","0","Tobacco","4","$12.99",,"0",,,,,,,,,,,,,,
"47661808","Squishy toy","00798988640966","0","Non-Tax","1","$3.99",,"0",,,,"Plenty Prices Florida",,,,,,,,,,
"47661820","Squishy toy","00798988641024","0","Non-Tax","1","$2.99",,"0",,,,"Plenty Prices Florida",,,,,,,,,,
"47661841","Cutie Squeeze Toy","00798988641925","0","Non-Tax","1","$5.99",,"0",,,,"Plenty Prices Florida",,,,,,,,,,
"39629053","Sure Fresh Plastic Cling Wrap 80-sq ft","00808829060911","0","Household","6","$1.99",,"0",,,,,,,,,,,,,,
"35351505","Lucky Mouthwash Fresh Mint 16.9 Fl Oz","00808829100518","0","Household","6","$4.50",,"0",,,,,,,,,,,,,,
"35351932","Whitening Anti-cavity Fluoride Toothpast","00808829106879","0","Household","6","$3.60",,"0",,,,,,,,,,,,,,
"35352554","Lucky Anti-cavity Fluoride Toothpaste 6.","00808829106886","0","Household","6","$3.60",,"0",,,,,,,,,,,,,,
"35350974","Anti Tobaco","00808829112689","0","Household","6","$1.59",,"0",,,,,,,,,,,,,,
"35351940","Bag 5","00808829121506","0","Grocery Non-taxable","3","$2.50",,"0",,,,,,,,,,,,,,
"35351311","Pregnancy Test","00808829125672","0","Household","6","$2.99",,"0",,,,,,,,,,,,,,
"35372541","Omni Energy","00810005000000","0","Soda/Energy Beverages","19","$2.89",,"0",,,,,,,,,,,,,,
"35351725","Omni Energy","00810005058476","0","Soda/Energy Beverages","19","$3.01",,"0",,,,,,,,,,,,,,
"35351093","Revit Extreme","00810005058513","0","Soda/Energy Beverages","19","$3.17",,"0",,,,,,,,,,,,,,
"35351837","Omni Energy","00810005058537","0","Soda/Energy Beverages","19","$2.89",,"0",,,,,,,,,,,,,,
"35350937","Omni Energy","00810005058544","0","Soda/Energy Beverages","19","$2.89",,"0",,,,,,,,,,,,,,
"35351323","Omni Energy","00810005058551","0","Soda/Energy Beverages","19","$3.01",,"0",,,,,,,,,,,,,,
"35351942","Omni Energy","00810005059886","0","Soda/Energy Beverages","19","$2.89",,"0",,,,,,,,,,,,,,
"35351160","Omnienergy","00810005059954","0","Soda/Energy Beverages","19","$2.89",,"0",,,,,,,,,,,,,,
"35350989","Ghost Citrus","00810028292581","0","Soda/Energy Beverages","19","$2.50",,"0",,,,,,,,,,,,,,
"35350995","Ghost Tropical Mango","00810028293281","0","Soda/Energy Beverages","19","$2.50",,"0",,,,,,,,,,,,,,
"35350757","Ghost Sour Patch Redberry 16 Fl","00810028293298","0","Soda/Energy Beverages","19","$2.50",,"0",,,,,,,,,,,,,,
"35350877","Ghost Sour Watermelon","00810028293304","0","Soda/Energy Beverages","19","$2.60",,"0",,,,,,,,,,,,,,
"35351133","Ghost Sour Patch Blue Raspberry 16 Fl Oz","00810028295988","0","Soda/Energy Beverages","19","$2.50",,"0",,,,,,,,,,,,,,
"35350982","Lemon","00810036561075","0","Grocery Non-taxable","3","$3.00",,"0",,,,,,,,,,,,,,
"38985955","Lemon","00810036561976","0","Grocery Non-taxable","3","$2.99",,"0",,,,,,,,,,,,,,
"38985959","Lime","00810036561983","0","Grocery Non-taxable","3","$2.99",,"0",,,,,,,,,,,,,,
"35351401","Toy","00810039880043","0","Household","6","$4.99",,"0",,,,,,,,,,,,,,
"42945104","Amos 4d Gummy Blocks","00810051804591","0","Candy","22","$5.90",,"0",,,,"Plenty Prices Florida",,,,,,,,,,
"48796822","Amos Peelerz Lychee Peg 1","00810051806809","0","Candy","22","$4.99",,"0",,,,,,,,,,,,,,
"39380738","Amos Peelerz Gummy Peach","00810051807530","0","Candy","22","$4.99","$3.24","0",,,,"Plenty Prices Florida",,,,,,,,,,
"39380740","Amos Peelerz Mango","00810051807974","0","Candy","22","$4.99","$3.24","14",,,,"Plenty Prices Florida",,,,,,,,,,
"42945101","Amos Gummy Mermaid Jewels","00810051809602","0","Candy","22","$5.90",,"0",,,,"Plenty Prices Florida",,,,,,,,,,
"41093376","Mcarthur Whole Milk 1 gal","00810055540105","0","Dairy","12","$5.50",,"0",,,,,,,,,,,,,,
"35352481","Poppi Cherry Limeade 12 Fl Oz","00810063710071","0","Soda/Energy Beverages","19","$2.34",,"0",,,,,,,,,,,,,,
"35351873","Poppi Doc Pop 12 Fl Oz","00810063710309","0","Soda/Energy Beverages","19","$2.34",,"0",,,,,,,,,,,,,,
"35351473","Poppi Lemon Lime 12 Fl Oz","00810063710316","0","Soda/Energy Beverages","19","$2.34",,"0",,,,,,,,,,,,,,
"35351961","Poppi Cherry Cola 12 Fl Oz","00810063711054","0","Soda/Energy Beverages","19","$2.50",,"0",,,,,,,,,,,,,,
"35350621","Ghost Orange Cream 16 Fl","00810085812180","0","Soda/Energy Beverages","19","$2.50",,"0",,,,,,,,,,,,,,
"35350904","Ghost - Sour Green Apple","00810085812203","0","Soda/Energy Beverages","19","$2.60",,"0",,,,,,,,,,,,,,
"35351395","Bodyarmor Orange Mango Sports Drink 20 F","00810113830001","0","Drinks","8","$1.87",,"0",,,,,,,,,,,,,,
"35351264","Bodyarmor Fruit Punch Sports Drink 20 Fl","00810113830018","0","Drinks","8","$1.87",,"0",,,,,,,,,,,,,,
"35351304","Bodyarmor Strawberry Banana Sports Drink","00810113830025","0","Drinks","8","$1.87",,"0",,,,,,,,,,,,,,
"45830347","B.Armor Lyte Dragonfruit Berry 16oz","00810113830216","0","Drinks","8","$1.75",,"0",,,,"Body Armor",,,,,,,,,,
"35351305","B.Armor Zero Lemon Lime 16oz","00810113831305","0","Drinks","8","$1.75",,"0",,,,"Body Armor",,,,,,,,,,
"45830352","B.Armor Zero Fruit Punch 16oz","00810113831367","0","Drinks","8","$1.75",,"0",,,,"Body Armor",,,,,,,,,,
"45830341","B.Armor Zero Watermelon Strawberry 16oz","00810113833200","0","Drinks","8","$1.75",,"0",,,,"Body Armor",,,,,,,,,,
"35350495","Torch Sativa 3.5g","00810120404004","0","Household","6","$40.00",,"0",,,,,,,,,,,,,,
"35351573","Torch Indica 3.5g","00810120404080","0","Household","6","$45.00",,"0",,,,,,,,,,,,,,
"35351484","Terpboys:thcp 3.5g Flower Hybrid","00810124584771","0","Tobacco","4","$25.00",,"0",,,,,,,,,,,,,,
"35351085","Terpboys:thcp 3.5 G Flower Indica","00810124584788","0","Tobacco","4","$25.00",,"0",,,,,,,,,,,,,,
"35351591","Terpboys:thcp 3.5g Flower Sativa","00810124584795","0","Tobacco","4","$25.00",,"0",,,,,,,,,,,,,,
"36606301","Geek Bar Pulse Black Cherry 15k","00810125436758","0","Vape","16","$23.50",,"0",,,,"Nepa Wholesale",,,,,,,,,,
"36595364","GEEK BAR 25K STRAWBERRY B -POP","00810125438325","0","Vape","16","$25.99",,"0",,,,"Nepa Wholesale",,,,,,,,,,
"39625702","Ghost Energy Welchs Grape 1/12 16 Oz Can","00810128528191","0","Soda/Energy Beverages","19","$3.00","$0.00","0",,,,,,,,,,,,,,
"35372516","Torcg 1g","00810142000000","0","Tobacco","4","$32.71",,"0",,,,,,,,,,,,,,
"35351547","Torch Thc-a Hybrid 2.5g","00810142474054","0","Vape","16","$42.00",,"0",,,,,,,,,,,,,,
"35351339","Torch Thc-a Sativa 2.5g","00810142478458","0","Vape","16","$42.00",,"0",,,,,,,,,,,,,,
"47551956","Torch thca 1 gram","00810142479868","0","Vape","16","$15.99",,"0",,,,,,,,,,,,,,
"35350726","Torcg 1g","00810142479882","0","Tobacco","4","$32.71",,"0",,,,,,,,,,,,,,
"39096123","Rocket Scent Apple Martini","00810148030070","0","Non-Tax","1","$4.99",,"0",,,,,,,,,,,,,,
"35350960","Burner","00810148035426","0","Grocery Non-taxable","3","$3.25",,"0",,,,,,,,,,,,,,
"35351667","Mini Torch Lighter","00810162290870","0","Household","6","$6.00",,"0",,,,,,,,,,,,,,
"36595367","Geekbar rasp jam","00810164283160","0","Vape","16","$25.99",,"0",,,,,,,,,,,,,,
"36595349","Geekbar blue jam","00810164283207","0","Vape","16","$25.99",,"0",,,,,,,,,,,,,,
"35351699","Opia","00810168274232","0","Gen Merch","10","$19.99",,"0",,,,,,,,,,,,,,
"39625704","Ghost Strawbango 16 oz","00810169600023","0","Soda/Energy Beverages","19","$3.00","$0.00","0",,,,,,,,,,,,,,
"39625690","Ghost energy tea 16 oz","00810169602553","0","Soda/Energy Beverages","19","$3.00","$0.00","0",,,,,,,,,,,,,,
"39625708","Ghost blueraz 16 oz","00810169603369","0","Soda/Energy Beverages","19","$3.00","$0.00","0",,,,,,,,,,,,,,
"39625697","Ghost welchs grape 16oz","00810169603383","0","Soda/Energy Beverages","19","$3.00","$0.00","0",,,,,,,,,,,,,,
"39625688","Ghost original 16 oz","00810169603703","0","Soda/Energy Beverages","19","$3.00","$0.00","0",,,,,,,,,,,,,,
"35351992","Clew Nicotine Pouch 6mg","00810178081226","0","Tobacco","4","$7.00",,"0",,,,,,,,,,,,,,
"39380742","Amos Peelerz Kiwi","00810179083281","0","Candy","22","$4.99","$3.24","0",,,,"Plenty Prices Florida",,,,,,,,,,
"40650795","Amos Peelerz Passion Fruit","00810179084691","0","Candy","22","$4.99","$3.24","0",,,,"Plenty Prices Florida",,,,,,,,,,
"40650801","Amos Peelerz Watermelon","00810179085070","0","Candy","22","$4.99","$3.24","0",,,,"Plenty Prices Florida",,,,,,,,,,
"47676495","Geek Bar 50K Blueberry Jam","00810203876223","0","Vape","16","$26.80",,"3",,,,"Nepa Wholesale",,,,,,,,,,
"49448249","RAZ VUE 50K POD - BLUEBERRY YUMMY","00810213970126","0","Vape","16","$22.99",,"0",,,,,,,,,,,,,,
"49448248","Raz Vue Dragon strawnana","00810213970164","0","Vape","16","$22.99",,"0",,,,,,,,,,,,,,
"36358468","TRIPLE CHAGER c","00811064030908","0","Grocery Non-taxable","3","$15.00",,"0",,,,,,,,,,,,,,
"35353013","Chore Boy Copper Scouring Pad 1.00 Ct","00811435002145","0","Household","6","$4.00",,"0",,,,,,,,,,,,,,
"35372523","Core Power Strawerry Banana","00811620000000","0","Grocery Non-taxable","3","$3.80",,"0",,,,,,,,,,,,,,
"43349835","Core Power Milk Shake Protein 14 Oz","00811620020633","0","Drinks","8","$6.49",,"0",,,,,,,,,,,,,,
"35352321","Core Power Chocolate 14 Fl Oz","00811620021951","0","Drinks","8","$4.35","$0.00","0",,,,,,,,,,,,,,
"35351796","Core Power Vanilla 14 Fl Oz","00811620021968","0","Drinks","8","$4.35","$0.00","0",,,,,,,,,,,,,,
"35350768","Core Power Strawerry Banana","00811620021982","0","Grocery Non-taxable","3","$3.80",,"0",,,,,,,,,,,,,,
"43349792","Fairlife Nutrition Chocolate Protein 30g","00811620022118","0","Drinks","8","$3.99",,"0",,,,,,,,,,,,,,
"35352180","Clipper Cigar Green 100's","00812615004713","0","Tobacco","4","$2.34",,"0",,,,,,,,,,,,,,
"35352731","Clipper Cigars 100","00812615004751","0","Tobacco","4","$2.34",,"0",,,,,,,,,,,,,,
"35352181","Clipper Menthol 100's Box","00812615006717","0","Tobacco","4","$23.35",,"0",,,,,,,,,,,,,,
"35351447","Clipper Charry 100 Box","00812615006755","0","Tobacco","4","$23.35",,"0",,,,,,,,,,,,,,
"35350575","Tshirt","00813680020035","0","Grocery Non-taxable","3","$7.00",,"0",,,,,,,,,,,,,,
"35351284","Round Neck Shirt Red Xl","00813680021339","0","Shirt","20","$8.00",,"0",,,,,,,,,,,,,,
"35351279","T-shirt Round Neck Red Urban Collection","00813680021346","0","Shirt","20","$8.00",,"0",,,,,,,,,,,,,,
"42417388","Blue tshirt","00813680022619","0","Grocery Non-taxable","3","$8.00",,"0",,,,,,,,,,,,,,
"35351278","T-shirt Round Neck Turquoise Urban Colle","00813680022626","0","Shirt","20","$8.00",,"0",,,,,,,,,,,,,,
"35352502","Bai Kula Watermelon (18 Fl Oz)","00813694026696","0","Drinks","8","$1.99",,"0",,,,"Seven Up Snapple",,,,,,,,,,
"35352501","Bai Molokai Coconut (18 Fl Oz)","00813694026719","0","Drinks","8","$1.99",,"0",,,,"Seven Up Snapple",,,,,,,,,,
"45776732","Bai coco pineapple","00813694026733","0","Drinks","8","$1.99",,"0",,,,,,,,,,,,,,
"45776731","Bai Coconut Strawberry 18 oz","00813694027198","0","Drinks","8","$1.99",,"0",,,,,,,,,,,,,,
"35777911","Gummi Cupcake","00813805000034","0","Snacks","9","$0.35","$0.00","0",,,,,,,,,,,,,,
"35352272","Efrutti: Bakery Shoppe Baag 2.7oz","00813805000096","0","Candy","22","$3.11",,"0",,,,,,,,,,,,,,
"40928594","Efrutti Taco Twosday","00813805000324","0","Candy","22","$3.12",,"0",,,,,,,,,,,,,,
"47661838","Efrutti Gummi Slider 1.75oz","00813805000386","0","Candy","22","$1.90",,"0",,,,"Plenty Prices Florida",,,,,,,,,,
"35350736","Efrutti: Sour Lunch Bag 2.7oz","00813805001086","0","Candy","22","$3.12",,"0",,,,,,,,,,,,,,
"36502331","Mederer U.S.A.,Inc. Gummi Candy","00813805002298","0","Grocery Non-taxable","3","$3.25",,"0",,,,,,,,,,,,,,
"35352629","Efrutti: Moive Bag 2.7 Oz","00813805002328","0","Candy","22","$3.00",,"0",,,,,,,,,,,,,,
"35352296","Efruitti Mini Burger Gummi Candy 0.32oz","00813805005008","0","Candy","22","$0.35",,"0",,,,,,,,,,,,,,
"35351687","Efruitti Hotdog Gummi Candy 0.32 Oz","00813805005046","0","Candy","22","$0.35",,"0",,,,,,,,,,,,,,
"35777969","Efrutti Gummi Pizza 5","00813805005060","0","Snacks","9","$0.75",,"0",,,,,,,,,,,,,,
"35352286","Efrutti:sour Mini Burger 0.32 Oz","00813805005121","0","Candy","22","$0.35",,"0",,,,,,,,,,,,,,
"42397432","Herberts Best Gummi Eyez","00813805990045","0","Snacks","9","$2.75",,"0",,,,,,,,,,,,,,
"40662490","Best planet gummi 1ct","00813805990359","0","Candy","22","$0.75",,"0",,,,,,,,,,,,,,
"35880967","Vitamin C Shower Gel 32 FL OZ","00813842021542","0","Household","6","$3.25",,"0",,,,,,,,,,,,,,
"39247687","Power Stick Deodorant spray","00815195010143","0","Grocery Non-taxable","3","$2.50",,"0",,,,,,,,,,,,,,
"39863702","Borden Whole Milk","00815473010421","0","Dairy","12","$3.25",,"0",,,,,,,,,,,,,,
"42998874","Borden Quart 2% Milk 12/c","00815473010438","0","Dairy","12","$4.50",,"0",,,,,,,,,,,,,,
"35352129","Borden Whole Milk (473 Ml)","00815473010476","0","Dairy","12","$3.16",,"0",,,,,,,,,,,,,,
"35352277","Borden 2% Reduced Fat Milk (473 Ml)","00815473010483","0","General Food","7","$2.25",,"0",,,,,,,,,,,,,,
"35351215","Alberto Vo5 Kiwi Lime Squeeze Shampoo","00816559011066","0","Household","6","$3.25",,"0",,,,,,,,,,,,,,
"35351216","Alberto V05 Strawberries & Cream Shampoo","00816559011172","0","Household","6","$3.25",,"0",,,,,,,,,,,,,,
"35351218","Alberto V05 Island Coconut Shampoo","00816559011431","0","Household","6","$3.25",,"0",,,,,,,,,,,,,,
"35351213","Alberto Vo5 Daily Revitalizing Shampoo","00816559017914","0","Household","6","$3.25",,"0",,,,,,,,,,,,,,
"35351214","Alberto Vo5 Ocean Refresh Shampoo","00816559018782","0","Household","6","$3.25",,"0",,,,,,,,,,,,,,
"35351212","Alberto Vo5 Blooming Freesia Shampoo","00816559019772","0","Household","6","$3.25",,"0",,,,,,,,,,,,,,
"35351556","Alberto Vo5 Pomegranate Shampoo","00816559019840","0","Household","6","$3.25",,"0",,,,,,,,,,,,,,
"35350517","Skinny Pop Sweet N Salty","00816925021071","0","Snacks","9","$0.62",,"0",,,,,,,,,,,,,,
"35372447","Show Cigar Diamond","00817127000000","0","Tobacco","4","$1.00",,"0",,,,,,,,,,,,,,
"35351597","Show Cigar Diamond","00817127021524","0","Tobacco","4","$1.00",,"12",,,,"Nepa Wholesale",,,,,,,,,,
"48239360","Show Mota Island Cigarillos","00817127026284","0","Tobacco","4","$1.00",,"14",,,,,,,,,,,,,,
"35351895","Elysian Space Dust IPA 12oz Btl Sngl","00817904000827","0","Alcohol","5","$2.50",,"0",,,,"Eagle Brands Sales",,,,,,,,,,
"35352127","Elysian Space Dust IPA 12oz 6pk Btl","00817904000834","0","Alcohol","5","$15.27",,"0",,,,"Eagle Brands Sales",,,,,,,,,,
"35352767","Elysian Space Dust Ipa 16oz Can","00817904006843","0","Alcohol","5","$2.79",,"0",,,,"Eagle Brands Sales",,,,,,,,,,
"35350803","Elysian","00817904007949","0","Alcohol","5","$2.70",,"0",,,,"Eagle Brands Sales",,,,,,,,,,
"42523212","Aloevine Aloe Vera Drink 16.9 Oz","00818645010991","0","Drinks","8","$1.95",,"0",,,,,,,,,,,,,,
"35351788","Coal","00819291012278","0","Household","6","$3.99",,"0",,,,,,,,,,,,,,
"35351396","Juul Tabbaco","00819913011429","0","Vape","16","$20.99",,"0",,,,,,,,,,,,,,
"35351306","Juul","00819913011740","0","Tobacco","4","$20.99",,"0",,,,,,,,,,,,,,
"35351414","Juul","00819913012594","0","Tobacco","4","$20.99",,"0",,,,,,,,,,,,,,
"35351983","Jull","00819913012693","0","Tobacco","4","$20.99",,"0",,,,,,,,,,,,,,
"36469183","Toy","00827680342356","0","Grocery Non-taxable","3","$2.25",,"0",,,,,,,,,,,,,,
"38985951","Fabuloso","00827854023340","0","Grocery Non-taxable","3","$2.99",,"0",,,,,,,,,,,,,,
"35352094","Samai Pacific Sea Salt Plantain Chips 2.","00832697000564","0","Snacks","9","$1.59",,"0",,,,,,,,,,,,,,
"35350774","Samai Chips Plantain, Jungle Chili 3.00","00832697000571","0","Snacks","9","$1.59",,"0",,,,,,,,,,,,,,
"35351970","Samai Chips Plantain, Lime 3.5 Oz","00832697000663","0","Snacks","9","$1.59",,"0",,,,,,,,,,,,,,
"35350442","Black Paper With Grinder 1.5 Fl Oz","00837038002634","0","General Food","7","$2.50","$0.00","0",,,,,,,,,,,,,,
"35350558","Yellow Tail Big Bold Red 750ml","00839743001483","0","Alcohol","5","$8.40",,"0",,,,,,,,,,,,,,
"35351452","Yellow Tail Pink Moscato 750 Ml","00839743001513","0","Alcohol","5","$8.99",,"0",,,,,,,,,,,,,,
"35350599","Yellow Tail Sangria 750ml","00839743001575","0","Alcohol","5","$8.40",,"0",,,,,,,,,,,,,,
"35351449","Yello Tail Fresh Twist Rose Strawberry &","00839743003111","0","Alcohol","5","$8.99",,"0",,,,,,,,,,,,,,
"35351450","Yellow Tail:white Wine 750 Ml","00839743003135","0","Alcohol","5","$8.99",,"0",,,,,,,,,,,,,,
"35351454","Yellow Tail:white Wine With Tropical Pin","00839743003159","0","Alcohol","5","$8.99",,"0",,,,,,,,,,,,,,
"35351186","Velo Wintergreen","00840170618021","0","Tobacco","4","$7.01",,"0",,,,,,,,,,,,,,
"35352208","Velo Mint","00840170618083","0","Tobacco","4","$7.01",,"0",,,,,,,,,,,,,,
"35351434","Velo: Mint 9mg","00840170618113","0","Tobacco","4","$7.00",,"0",,,,,,,,,,,,,,
"35351755","Floss Picks 60 Pack","00840204578031","0","Household","6","$2.25",,"0",,,,,,,,,,,,,,
"43349663","Built Bar Cckie Dgh Puff","00840229303335","0","General Food","7","$2.49",,"0",,,,,,,,,,,,,,
"43349666","Built Bar Brownie Batter","00840229303625","0","General Food","7","$2.49",,"0",,,,,,,,,,,,,,
"35350680","Southconnect","00840395816295","0","Tobacco","4","$37.44",,"0",,,,,,,,,,,,,,
"35352258","North Stellar:blue Razz Ice 40000 Puffs","00840395817643","0","Vape","16","$23.25",,"0",,,,"Eagle Brands Sales",,,,,,,,,,
"35352062","North Stellar:watermelon Ice 40000 Puffs","00840395817667","0","Vape","16","$23.25",,"0",,,,"Eagle Brands Sales",,,,,,,,,,
"35351668","North Stellar:blueberry Watermelon 40000","00840395817728","0","Vape","16","$23.25",,"0",,,,"Eagle Brands Sales",,,,,,,,,,
"35352120","Toy","00841175113955","0","Gen Merch","10","$5.00",,"0",,,,,,,,,,,,,,
"36357398","Toy","00841175117595","0","Grocery Non-taxable","3","$2.75",,"0",,,,,,,,,,,,,,
"35352478","Toy","00841175120861","0","Gen Merch","10","$2.99",,"0",,,,,,,,,,,,,,
"35351404","Toy","00841175127105","0","Grocery Non-taxable","3","$4.99",,"0",,,,,,,,,,,,,,
"42896315","Chef time","00841175127396","0","Grocery Non-taxable","3","$4.99",,"0",,,,,,,,,,,,,,
"35351756","Toy","00841175127853","0","Gen Merch","10","$4.99",,"0",,,,,,,,,,,,,,
"35350487","Toy","00841175143754","0","Household","6","$4.67",,"0",,,,,,,,,,,,,,
"36132958","Flute toy","00841175144386","0","Non-Tax","1","$2.99",,"0",,,,,,,,,,,,,,
"35351248","Sleep Cap","00842510001517","0","Household","6","$2.99",,"0",,,,,,,,,,,,,,
"35351237","C4 Orange Slice Energy Drink 12 Fl Oz","00842595105896","0","Soda/Energy Beverages","19","$1.87",,"0",,,,"Seven Up Snapple",,,,,,,,,,
"35352517","C4 Strawberry Watermelon Ice Zero Sugar","00842595106572","0","Soda/Energy Beverages","19","$3.39",,"0",,,,"Seven Up Snapple,C4",,,,,,,,,,
"35352512","C4 Frozen Bombsicle Zero Sugar (16 Fl Oz","00842595106596","0","Soda/Energy Beverages","19","$3.39",,"0",,,,"Seven Up Snapple,C4",,,,,,,,,,
"35352513","C4 Blue Raspberry Zero Sugar (16 Fl Oz)","00842595109368","0","Soda/Energy Beverages","19","$3.39",,"0",,,,"Seven Up Snapple,C4",,,,,,,,,,
"35351219","C4 Frozen Bombsicle Energy Drink 12 Fl O","00842595109733","0","Soda/Energy Beverages","19","$1.87",,"0",,,,"Seven Up Snapple",,,,,,,,,,
"35350509","C4 Strawberry Watermelon Ice 12 Fl Oz","00842595113020","0","Soda/Energy Beverages","19","$1.87",,"0",,,,"Seven Up Snapple",,,,,,,,,,
"35352656","C4 Strawberry Blast Zero Sugar (16 Fl Oz","00842595121759","0","Soda/Energy Beverages","19","$3.39",,"0",,,,"Seven Up Snapple,C4",,,,,,,,,,
"35352845","C4 Cosmic Rainbow Zero Sugar (16 Fl Oz)","00842595121766","0","Soda/Energy Beverages","19","$3.39",,"0",,,,"Seven Up Snapple,C4",,,,,,,,,,
"35352515","C4 Cherry Zero Sugar (16 Fl Oz)","00842595131253","0","Soda/Energy Beverages","19","$3.39",,"0",,,,"Seven Up Snapple,C4",,,,,,,,,,
"48738407","C4 Grape","00842595131277","0","Soda/Energy Beverages","19","$3.39",,"0",,,,"Seven Up Snapple,C4",,,,,,,,,,
"35352511","C4 Hawaiian Pineapple Zero Sugar (16 Fl","00842595131291","0","Soda/Energy Beverages","19","$3.39",,"0",,,,"Seven Up Snapple",,,,,,,,,,
"35352514","C4 Hawaiian Punch Zero Sugar (16 Fl Oz)","00842595133608","0","Soda/Energy Beverages","19","$3.39",,"0",,,,"Seven Up Snapple,C4",,,,,,,,,,
"35352518","C4 Blue Raspberry Zero Sugar (16 Fl Oz)","00842595134957","0","Soda/Energy Beverages","19","$3.39",,"0",,,,"Seven Up Snapple,C4",,,,,,,,,,
"35352571","C4 Watermelon Zero Sugar (16 Fl Oz)","00842595134964","0","Soda/Energy Beverages","19","$3.39",,"0",,,,"Seven Up Snapple,C4",,,,,,,,,,
"35350656","C4 Jolly Rancher","00842595134971","0","Soda/Energy Beverages","19","$3.39",,"0",,,,"Seven Up Snapple,C4",,,,,,,,,,
"44021744","Bloom Strawberry watermelon 12oz","00842595135091","0","Soda/Energy Beverages","19","$2.75",,"0",,,,"Seven Up Snapple",,,,,,,,,,
"35352516","C4 Peach Zero Sugar (16 Fl Oz)","00842595135466","0","Soda/Energy Beverages","19","$2.99",,"0",,,,"Seven Up Snapple,C4",,,,,,,,,,
"48738414","C4 cereal killer","00842595139266","0","Soda/Energy Beverages","19","$3.39",,"0",,,,"Seven Up Snapple,C4",,,,,,,,,,
"39389341","C4 mango Fugo","00842595139310","0","Soda/Energy Beverages","19","$2.99",,"0",,,,"Seven Up Snapple",,,,,,,,,,
"48738411","C4 pink lemonade","00842595139778","0","Soda/Energy Beverages","19","$3.39",,"0",,,,"Seven Up Snapple,C4",,,,,,,,,,
"47856489","C4 Berry Blue Typhoon","00842595141252","0","Soda/Energy Beverages","19","$3.39",,"0",,,,"Seven Up Snapple,C4",,,,,,,,,,
"35351500","Wig Cap","00843632021643","0","Household","6","$1.86",,"0",,,,,,,,,,,,,,
"35350831","Ap","00843632021650","0","Household","6","$1.79",,"0",,,,,,,,,,,,,,
"37892051","Deluxe Wig Cap","00843632021667","0","Grocery Non-taxable","3","$1.79",,"0",,,,,,,,,,,,,,
"47771019","Original shower","00843632021698","0","Grocery Non-taxable","3","$1.99",,"0",,,,,,,,,,,,,,
"35351234","Shower Cap","00843632021728","0","Grocery Non-taxable","3","$3.99",,"0",,,,,,,,,,,,,,
"35352292","Gogo Squeez 3.2 Oz","00848860001399","0","Snacks","9","$1.25",,"0",,,,,,,,,,,,,,
"35351994","Gogo Squeeze Big","00848860047557","0","Snacks","9","$1.00",,"0",,,,,,,,,,,,,,
"35351128","Gogo Squeez Big 4.2 Oz","00848860048554","0","Drinks","8","$1.50",,"0",,,,,,,,,,,,,,
"35352237","Four Loko Electric Lemonade 23.5 Fl Oz","00849806003002","0","Alcohol","5","$3.97",,"0",,,,"Eagle Brands Sales",,,,,,,,,,
"35352271","Four Loko Wild Cherry 23.5 Fl Oz","00849806004726","0","Alcohol","5","$3.97",,"0",,,,"Eagle Brands Sales",,,,,,,,,,
"35350822","Four Loko Sour Cosmic Punch 22 Fl Oz","00849806004948","0","Alcohol","5","$3.97",,"0",,,,"Eagle Brands Sales",,,,,,,,,,
"35352056","Four Loko Camo 23.5 Fl Oz","00849806005822","0","Alcohol","5","$3.97",,"0",,,,"Eagle Brands Sales",,,,,,,,,,
"35350552","Palma","00850000435223","0","Alcohol","5","$10.47",,"0",,,,,,,,,,,,,,
"35350703","Rap","00850003628172","0","Snacks","9","$2.75",,"0",,,,,,,,,,,,,,
"35351392","Rap Oowee Wavy Boosie Louisiana Heat 2.5","00850003628226","0","Snacks","9","$2.75",,"0",,,,,,,,,,,,,,
"35351002","Rap Bar B Quin With Honey Heat Potato Ch","00850003628523","0","Snacks","9","$0.59",,"0",,,,,,,,,,,,,,
"35350939","Rap","00850003628547","0","Snacks","9","$0.59",,"0",,,,,,,,,,,,,,
"35351693","Geniusvgourmet Protein Bar Chocolate Dre","00850010013046","0","General Food","7","$2.20",,"0",,,,,,,,,,,,,,
"35351882","Bemar Snacks Natural Almond Fl 2.25 Oz","00850011007778","0","Snacks","9","$1.99",,"0",,,,,,,,,,,,,,
"35352853","Tostones Salted 4.25 Fl Oz","00850011745304","0","Grocery Non-taxable","3","$2.70",,"0",,,,,,,,,,,,,,
"35352086","Tostones Lime","00850011745311","0","Snacks","9","$2.70",,"0",,,,,,,,,,,,,,
"35352266","Tostones Garlic 4 Fl Oz","00850011745328","0","Grocery Non-taxable","3","$2.70",,"0",,,,,,,,,,,,,,
"35352045","Bemar: Tostones Sweet 4oz","00850011745342","0","Gen Merch","10","$2.70",,"0",,,,,,,,,,,,,,
"38985938","Pads","00850022917455","0","Grocery Non-taxable","3","$2.99",,"0",,,,,,,,,,,,,,
"38985937","Sure & fresh","00850022917479","0","Grocery Non-taxable","3","$2.99",,"0",,,,,,,,,,,,,,
"40624880","Juicy chew","00850023692498","0","Snacks","9","$0.35",,"0",,,,,,,,,,,,,,
"35351269","Surfside Iced Tea + Vodka (12 Fl Oz)","00850025605205","0","Alcohol","5","$2.95",,"0",,,,"Gold Coast",,,,,,,,,,
"35351268","Surfside Peach Tea + Vodka (12 Fl Oz)","00850025605311","0","Alcohol","5","$2.95",,"0",,,,"Gold Coast",,,,,,,,,,
"35351663","Surfside Lemonade + Vodka (12 Fl Oz)","00850025605366","0","Alcohol","5","$2.95",,"0",,,,"Gold Coast",,,,,,,,,,
"35351207","Surfside Iced Tea And Lemonade + Vodka (","00850025605427","0","Alcohol","5","$2.95",,"0",,,,"Gold Coast",,,,,,,,,,
"35351462","Surfside Black Cherry Lemonade + Vodka (","00850025605946","0","Alcohol","5","$2.95",,"0",,,,"Gold Coast",,,,,,,,,,
"35352528","Slime Licker Strawberry N Blue Razz Liqu","00850034597256","0","Snacks","9","$3.00",,"0",,,,,,,,,,,,,,
"35352887","Slime Licker Double Play Strawberry N Bl","00850034597409","0","Grocery Non-taxable","3","$3.00",,"0",,,,,,,,,,,,,,
"35351088","Surfside Raspberry Lmnd Vodka 12oz Can","00850050071006","0","Alcohol","5","$2.95",,"0",,,,"Gold Coast",,,,,,,,,,
"48626210","Surfside Vodka Blueberry Lmnd 12oz Can","00850050071044","0","Alcohol","5","$2.95",,"0",,,,"Gold Coast",,,,,,,,,,
"35350493","Surfside Strawberry Lemonade Vodka 12oz","00850050071228","0","Alcohol","5","$2.95",,"0",,,,"Gold Coast",,,,,,,,,,
"39017490","Surfside Raspberry Tea Vodka 12oz","00850050071266","0","Alcohol","5","$2.95",,"0",,,,"Gold Coast",,,,,,,,,,
"45964976","Lick razzard 7.5 oz","00850054551009","0","Drinks","8","$1.99",,"0",,,,,,,,,,,,,,
"45964971","Lick acai 7.5 oz","00850054551160","0","Drinks","8","$1.99",,"0",,,,,,,,,,,,,,
"45964982","Lick berry boost","00850054551177","0","Drinks","8","$1.99",,"0",,,,,,,,,,,,,,
"45964978","Iick","00850054551184","0","Drinks","8","$1.99",,"0",,,,,,,,,,,,,,
"45964979","Lick Mini","00850054551191","0","Drinks","8","$1.99",,"0",,,,,,,,,,,,,,
"35372446","Wizard Watermelon Beads Air Freshener","00850056000000","0","Grocery Non-taxable","3","$1.99",,"0",,,,,,,,,,,,,,
"35351596","Wizard Watermelon Beads Air Freshener","00850056095686","0","Grocery Non-taxable","3","$1.99",,"0",,,,,,,,,,,,,,
"40329358","Dre and Snoops Hard Iced Tea 355 ml","00850057569650","0","Alcohol","5","$2.45","$0.00","0",,,,,,,,,,,,,,
"40329375","Dre and Snoops Hard Iced Tea & Lmd 355ml","00850057569674","0","Alcohol","5","$2.45","$0.00","0",,,,,,,,,,,,,,
"35352167","Fifty Bar: Strawberry Super Strudel 20 K","00850058810751","0","Vape","16","$19.99",,"0",,,,,,,,,,,,,,
"42618002","Torch","00850062555327","0","Grocery Non-taxable","3","$6.99",,"0",,,,,,,,,,,,,,
"35352082","Black Roses","00850065256009","0","Gen Merch","10","$45.00",,"0",,,,,,,,,,,,,,
"38985949","Bandage","00850065393650","0","Grocery Non-taxable","3","$2.99",,"0",,,,,,,,,,,,,,
"35351899","Wizard:mango Peach Beads Air Freshner","00850065393667","0","Grocery Non-taxable","3","$1.99",,"0",,,,,,,,,,,,,,
"36606319","Snipe Guerilla OG 2g Preroll","00850067919698","0","Tobacco","4","$9.99",,"0",,,,,,,,,,,,,,
"42559685","Snipe Glitter Bomb 2g Preroll","00850067919919","0","Tobacco","4","$9.99",,"0",,,,,,,,,,,,,,
"35352644","Snipe:thc Infused 2g Preroll Sativa","00850067919995","0","Tobacco","4","$9.99",,"0",,,,,,,,,,,,,,
"35352166","Fifty Bar: Miami Mint 20000 Puffs","00850069068295","0","Vape","16","$19.99",,"0",,,,,,,,,,,,,,
"43275883","AMIGOS 16OZ 50MG PINEAPPLE","00850070493024","0","Alcohol","5","$7.99",,"0",,,,,,,,,,,,,,
"43275880","Amigos Cannabis Grape 16 Fl. Oz. Can","00850070493147","0","Alcohol","5","$7.99",,"0",,,,,,,,,,,,,,
"43275884","Amegos Cannabis Lemon Lime 16 Fl. Oz.","00850070493154","0","Alcohol","5","$7.99",,"0",,,,,,,,,,,,,,
"48056085","Rhino 7 57ml Liquid Shot","00850072327211","0","Vitamins/medicine","14","$8.00",,"0",,,,"NBC",,,,,,,,,,
"48056078","Rhino 69 57ml Liquid Shot","00850072327259","0","Vitamins/medicine","14","$8.00",,"0",,,,"NBC",,,,,,,,,,
"48056081","Rhino African 57ml Liquid Shot","00850072327297","0","Vitamins/medicine","14","$8.00",,"0",,,,"NBC",,,,,,,,,,
"48056071","Rhino 69 Chocolate Sachet","00850072327495","0","Vitamins/medicine","14","$8.00",,"0",,,,"NBC",,,,,,,,,,
"43228888","Klint","00850073023020","0","Tobacco","4","$3.99",,"0",,,,,,,,,,,,,,
"43228895","Klint","00850073023143","0","Tobacco","4","$3.99",,"0",,,,,,,,,,,,,,
"43228886","Klint","00850073023167","0","Tobacco","4","$3.99",,"0",,,,,,,,,,,,,,
"43228892","Klint","00850073023204","0","Tobacco","4","$3.99",,"0",,,,,,,,,,,,,,
"43228882","Klint","00850073023303","0","Tobacco","4","$3.99",,"0",,,,,,,,,,,,,,
"43228885","Klint","00850073023327","0","Tobacco","4","$3.99",,"0",,,,,,,,,,,,,,
"39380834","Dubai chocolate","00850075171088","0","Candy","22","$11.99",,"0",,,,,,,,,,,,,,
"42371476","Dubai choc","00850075171101","0","Candy","22","$13.99",,"0",,,,,,,,,,,,,,
"40650587","Baklava Dubai chocolate","00850075171651","0","Candy","22","$4.25",,"0",,,,,,,,,,,,,,
"42371406","Awesome cubes Dubai chocolate","00850079219120","0","Candy","22","$6.25",,"0",,,,,,,,,,,,,,
"35352919","Skinny Pop","00850251004018","0","Snacks","9","$0.75",,"0",,,,,,,,,,,,,,
"35350541","Skinny Pop","00850251004643","0","Snacks","9","$0.93",,"0",,,,,,,,,,,,,,
"35352005","Skinny Pop White Cheddar","00850251004650","0","Snacks","9","$0.62",,"0",,,,,,,,,,,,,,
"35352557","Bob Marley Rolling Paper 1 1/4 Size","00850730000128","0","Tobacco","4","$1.94",,"0",,,,"Nepa Wholesale",,,,,,,,,,
"35352951","Bob Marley Rolling Paper King Size","00850730000296","0","Tobacco","4","$2.99",,"0",,,,"Nepa Wholesale",,,,,,,,,,
"35350454","Sizzurp Fizz 750 Ml","00851031004228","0","Alcohol","5","$9.35",,"0",,,,,,,,,,,,,,
"35352240","Beat Box Fruit Punch 16.9 OZ","00851133006120","0","Alcohol","5","$3.74",,"0",,,,"Eagle Brands Sales",,,,,,,,,,
"35352560","Beat Box Blue Razzberry 16.9 OZ","00851133006137","0","Alcohol","5","$3.74",,"0",,,,"Eagle Brands Sales",,,,,,,,,,
"35351016","Beatbbox 16oz 16oz","00851133006151","0","Alcohol","5","$5.14",,"0",,,,"Eagle Brands Sales",,,,,,,,,,
"35350761","Beatbox Watermelon","00851133006175","0","Alcohol","5","$5.14",,"0",,,,"Eagle Brands Sales",,,,,,,,,,
"36281692","Beatbox Party Box 2/12 500 Ml Box","00851133006502","0","Alcohol","5","$21.78",,"0",,,,"Eagle Brands Sales",,,,,,,,,,
"35350523","Beat Box Juicy Mango","00851133006519","0","Alcohol","5","$5.14",,"0",,,,"Eagle Brands Sales",,,,,,,,,,
"35351082","Beat Box Green Apple 16.9 OZ","00851133006731","0","Alcohol","5","$3.74",,"0",,,,"Eagle Brands Sales",,,,,,,,,,
"40835167","Beatbox Peach Tea 12/500 Ml Tetra","00851133006991","0","Alcohol","5","$3.74",,"0",,,,"Eagle Brands Sales",,,,,,,,,,
"36406911","Montauk wave chaser","00852247008505","0","Alcohol","5","$3.37",,"0",,,,,,,,,,,,,,
"35351792","Rhino","00852662563214","0","Vitamins/medicine","14","$8.32",,"0",,,,,,,,,,,,,,
"35350704","Moscato Jacob's Creek","00852832105954","0","Alcohol","5","$11.21",,"0",,,,,,,,,,,,,,
"35351786","Core Hydration Bottled Water 20 Fl Oz","00853004004020","0","Drinks","8","$2.60",,"0",,,,,,,,,,,,,,
"35352444","Core Hydration Bottled Water (30.4 Fl Oz","00853004004037","0","Drinks","8","$3.00",,"0",,,,,,,,,,,,,,
"35352750","Core Hydration Bottled Water With Sports","00853004004952","0","Drinks","8","$2.60",,"0",,,,,,,,,,,,,,
"35351441","Torch","00853195000467","0","Gen Merch","10","$4.50",,"0",,,,,,,,,,,,,,
"35351494","Eagle Lighter 1","00853195010503","0","Household","6","$8.50",,"0",,,,,,,,,,,,,,
"35352115","Perni Pernicious Ipa (12 Fl Oz)","00853340008164","0","Alcohol","5","$2.48",,"0",,,,"Gold Coast",,,,,,,,,,
"35350779","Ww Pernicious 6 Pk 6 Pk","00853340008188","0","Alcohol","5","$11.91",,"0",,,,"Gold Coast",,,,,,,,,,
"35351295","C2o Pure Coco Water 17.5 Oz","00853883003008","0","Grocery Non-taxable","3","$2.25",,"0",,,,,,,,,,,,,,
"41272247","Lighter leash","00854672000741","0","Grocery Non-taxable","3","$3.99",,"0",,,,,,,,,,,,,,
"35351950","On! Coffee 4mg 20 Nicotine Pouches","00855022005270","0","Tobacco","4","$5.00",,"0",,,,,,,,,,,,,,
"35351567","On!:coffee 8mg 20 Nicotine Pouches","00855022005331","0","Tobacco","4","$5.00",,"0",,,,,,,,,,,,,,
"35352124","Meiomi Pinot Noir (750 Ml)","00855165005076","0","Alcohol","5","$19.43",,"0",,,,,,,,,,,,,,
"35352041","Meiomi Chardonnay (750 Ml)","00855165005779","0","Alcohol","5","$16.99",,"0",,,,,,,,,,,,,,
"40328012","Buzzballz Peach Chiller 187","00855200005283","0","Alcohol","5","$4.50","$0.00","0",,,,"Southern Glazers",,,,,,,,,,
"40328007","Buzzballz Chillers Watermelon 187ml","00855200005542","0","Alcohol","5","$4.50","$0.00","0",,,,"Southern Glazers",,,,,,,,,,
"35350980","Scent Bomb 1","00855765001355","0","Household","6","$4.99",,"0",,,,,,,,,,,,,,
"35350816","Scent Bomb","00855765001522","0","Household","6","$4.99",,"0",,,,,,,,,,,,,,
"35352981","Small Graba Leaf","00855906007000","0","Tobacco","4","$2.80",,"'-21",,,,"Nepa Wholesale",,,,,,,,,,
"35352997","Grabba Green Leaf Whole Leaf","00855906007024","0","Tobacco","4","$5.84",,"0",,,,"Nepa Wholesale",,,,,,,,,,
"48007091","Grabba Leaf Whole Leaf","00855906007031","0","Tobacco","4","$40.00",,"0",,,,,,,,,,,,,,
"35351919","Leaf","00855906007468","0","Tobacco","4","$0.99",,"0",,,,,,,,,,,,,,
"35352031","Leaf","00855906007482","0","Tobacco","4","$3.04",,"0",,,,,,,,,,,,,,
"35352712","Grabba Leaf Crushed","00855906007529","0","Tobacco","4","$2.79",,"0",,,,"Nepa Wholesale",,,,,,,,,,
"35350453","Grabba Leaf Crushed Whole Pack","00855906007536","0","Tobacco","4","$58.41",,"0",,,,,,,,,,,,,,
"35352843","Prestige Lager Beer 12 Oz","00855956000037","0","Alcohol","5","$2.48",,"0",,,,"Gold Coast",,,,,,,,,,
"35352961","Prestige 12oz 6pk Btl","00855956000136","0","Alcohol","5","$12.25",,"0",,,,"Gold Coast",,,,,,,,,,
"35352413","Lulu Ploatanitos Chile Lemon 2.5 Fl Oz","00856414001160","0","Snacks","9","$1.00",,"0",,,,,,,,,,,,,,
"35351986","Lulu Maduritos Sweet Plantail Chips 2.5","00856414001177","0","Snacks","9","$1.00",,"0",,,,,,,,,,,,,,
"35352249","Lulu Platanitos Salted Chips 2.5 Fl Oz","00856414001184","0","Snacks","9","$2.27","$0.00","0",,,,,,,,,,,,,,
"35352632","Lulu Platanitos Plantain Chips With Lemo","00856414001191","0","Snacks","9","$2.27",,"0",,,,,,,,,,,,,,
"35351336","Plantain","00856414001887","0","Grocery Non-taxable","3","$3.00",,"0",,,,,,,,,,,,,,
"35352275","Platain Strips Salred 2.5 Oz","00856414002259","0","Snacks","9","$1.82",,"0",,,,,,,,,,,,,,
"44232006","Wilde Protein Chips Chick n Waff 1.34oz","00856802008108","0","Snacks","9","$2.99",,"0",,,,"Sams Club",,,,,,,,,,
"44232013","Wilde Protein Chips Buffalo 1.34oz","00856802008412","0","Snacks","9","$2.99",,"0",,,,"Sams Club",,,,,,,,,,
"35350620","Perni","00857531005284","0","Alcohol","5","$3.97",,"0",,,,"Gold Coast",,,,,,,,,,
"35351674","Bobmarley 1","00857545012001","0","Tobacco","4","$3.13",,"0",,,,,,,,,,,,,,
"40327922","Buzzballz Chillers Limerita 187ml","00857641002142","0","Alcohol","5","$4.50","$0.00","0",,,,"Southern Glazers",,,,,,,,,,
"43275981","Buzzballz Chillers PApple Colada 187ml","00857641002296","0","Alcohol","5","$4.50",,"0",,,,"Southern Glazers",,,,,,,,,,
"35350927","Choco Chiller Buzzballz 187 Ml","00857641002890","0","Alcohol","5","$6.79",,"0",,,,"Southern Glazers",,,,,,,,,,
"40327779","Buzzballz Berry Cherry Limeade 187ml","00857674007985","0","Alcohol","5","$4.50",,"0",,,,"Southern Glazers",,,,,,,,,,
"35351443","Hi-chew Fantasy Mix 1.94 Oz","00857983004279","0","Snacks","9","$2.05",,"0",,,,,,,,,,,,,,
"35351439","B.Armor Orange Mango 16oz","00858176002058","0","Drinks","8","$1.75",,"0",,,,"Body Armor",,,,,,,,,,
"35351077","B.Armor Strawberry Banana 16oz","00858176002065","0","Drinks","8","$1.75",,"0",,,,"Body Armor",,,,,,,,,,
"45830343","B.Armor Fruit Punch 16oz","00858176002133","0","Drinks","8","$1.75",,"0",,,,"Body Armor",,,,,,,,,,
"45830355","B.Armor Tropical Punch 16oz","00858176002171","0","Drinks","8","$1.75",,"0",,,,"Body Armor",,,,,,,,,,
"35351313","Bodyarmor Strawberry Banana Sports Drink","00858176002317","0","Drinks","8","$2.89",,"0",,,,,,,,,,,,,,
"35350650","Body Armor Super Drink 28 Oz 3","00858176002324","0","Grocery Non-taxable","3","$3.53",,"0",,,,,,,,,,,,,,
"35351308","Bodyarmor Blackout Berry Sports Drink 28","00858176002331","0","Drinks","8","$3.39",,"0",,,,,,,,,,,,,,
"35350914","Body Armour Tropical Punch","00858176002546","0","Grocery Non-taxable","3","$3.39",,"0",,,,,,,,,,,,,,
"35352449","Show Cigarillos Sweet 5 Ct","00858765005699","0","Tobacco","4","$1.00",,"15",,,,,,,,,,,,,,
"35352819","Show Cigarillos Og Koosh 5 Ct","00858765005729","0","Tobacco","4","$1.00",,"7",,,,"Nepa Wholesale",,,,,,,,,,
"35351874","Show Cigar Peach Mango","00858765005750","0","Tobacco","4","$1.00",,"0",,,,,,,,,,,,,,
"48196038","Show cigarillos C.R.E.A.M.","00858765007310","0","Tobacco","4","$1.00",,"12",,,,"Nepa Wholesale",,,,,,,,,,
"35351599","Show Cigar Tropical Twista","00858765007327","0","Tobacco","4","$1.00",,"0",,,,,,,,,,,,,,
"35351598","Show Wet & Fruity Cigarillos 5 Ct","00858765008669","0","Tobacco","4","$1.00",,"0",,,,,,,,,,,,,,
"35352844","Show Cigar Bee Berry","00858765008973","0","Tobacco","4","$1.00",,"0",,,,,,,,,,,,,,
"35352313","Show Watermelon","00858765009031","0","Tobacco","4","$1.00",,"17",,,,"Nepa Wholesale",,,,,,,,,,
"35352174","Show Mango 5 Pk","00858765009048","0","Tobacco","4","$1.00",,"14",,,,"Nepa Wholesale",,,,,,,,,,
"35351848","Hoist Strawberry Lemonade 16 Fl Oz","00859520002373","0","Drinks","8","$3.00",,"0",,,,,,,,,,,,,,
"35352928","Hoist Five Star Punch 16 Fl Oz","00859520002793","0","Drinks","8","$3.00",,"0",,,,,,,,,,,,,,
"47664434","Ice bag","00860006114916","0","Non-Tax","1","$3.50",,"0",,,,,,,,,,,,,,
"35352262","Tbd Thc Deink 12 Fl Oz","00860009350953","0","Alcohol","5","$8.22","$0.00","0",,,,,,,,,,,,,,
"39280566","TBD drinks 25mg","00860010492420","0","Alcohol","5","$6.21",,"0",,,,"Nate",,,,,,,,,,
"40835161","Beat Box Mango tea 16.9oz","00860010695807","0","Alcohol","5","$3.74",,"0",,,,"Eagle Brands Sales",,,,,,,,,,
"40835155","Beatbox Hard Tea Lemonade 16.9oz","00860010695814","0","Alcohol","5","$3.74",,"0",,,,"Eagle Brands Sales",,,,,,,,,,
"43222412","Betty Booze","00860012486779","0","Alcohol","5","$3.74",,"0",,,,,,,,,,,,,,
"35352222","Oyster Bay Sauvignon Blanc 750.00 Ml","00870661008024","0","Alcohol","5","$19.44",,"0",,,,"Southern Glazers",,,,,,,,,,
"35352389","Bauducco Wafer Vanilla (1.4 Oz)","00875754001548","0","Ultra-Processed Prep Desserts","23","$0.47",,"0",,,,"Sams Club",,,,,,,,,,
"35352390","Bauducco Wafer Chocolate (1.4 Oz)","00875754001562","0","Ultra-Processed Prep Desserts","23","$0.47",,"0",,,,"Sams Club",,,,,,,,,,
"42523215","OKF ORGANIC Aloe Vera juice drink","00884394002570","0","Drinks","8","$1.95",,"0",,,,,,,,,,,,,,
"39355955","Okf Aloe Drink Original 16.9 oz","00884394007285","0","Drinks","8","$1.95","$0.00","0",,,,,,,,,,,,,,
"39355961","Okf Aloe Drink Mango 16.9 oz","00884394007339","0","Drinks","8","$1.95","$0.00","0",,,,,,,,,,,,,,
"39355953","Okf Aloe Vera Pineapple 16 oz","00884394007377","0","Drinks","8","$1.95","$0.00","0",,,,,,,,,,,,,,
"39355941","Okf Aloe Drink Strawberry 16.9 oz","00884394007391","0","Drinks","8","$1.95","$0.00","0",,,,,,,,,,,,,,
"39355947","Okf Aloe Drink Coco 16.9 oz","00884394007414","0","Drinks","8","$1.95","$0.00","0",,,,,,,,,,,,,,
"39355944","Okf Aloe Drink Watermelon 16.9 oz","00884394007759","0","Drinks","8","$1.95","$0.00","0",,,,,,,,,,,,,,
"35778408","Marshmallow Fruity Pebbles 11.oz","00884912006721","0","Grocery Non-taxable","3","$8.50","$0.00","0",,,,,,,,,,,,,,
"41186054","Post honey bunches  of oats","00884912359155","0","Snacks","9","$4.99",,"0",,,,,,,,,,,,,,
"35352508","Electrolit Grape (21 Fl Oz)","00887725000009","0","Drinks","8","$3.99",,"0",,,,"Seven Up Snapple,Electrolit",,,,,,,,,,
"35352728","Electrolit Coconut (21 Fl Oz)","00887725000047","0","Drinks","8","$3.99",,"0",,,,"Seven Up Snapple,Electrolit",,,,,,,,,,
"35352506","Electrolit Orange (21 Fl Oz)","00887725000054","0","Drinks","8","$3.99",,"0",,,,"Seven Up Snapple,Electrolit",,,,,,,,,,
"35352505","Electrolit Strawberry-kiwi (21 Fl Oz)","00887725000252","0","Drinks","8","$3.99",,"0",,,,"Seven Up Snapple,Electrolit",,,,,,,,,,
"35352507","Electrolit Berry Bliss (21 Fl Oz)","00887725000436","0","Drinks","8","$3.99",,"0",,,,"Seven Up Snapple,Electrolit",,,,,,,,,,
"35352504","Electrolit Fruit Punch (21 Fl Oz)","00887725000450","0","Drinks","8","$3.99",,"0",,,,"Seven Up Snapple,Electrolit",,,,,,,,,,
"35350734","Electrolit Electrolyte Beverage Cucumber","00887725000979","0","Drinks","8","$3.00",,"0",,,,,,,,,,,,,,
"35353046","Electrolit Blue Raspberry (21 Fl Oz)","00887725001303","0","Drinks","8","$3.99",,"0",,,,,,,,,,,,,,
"35351106","Electrolit Electrolyte Beverage Mango 21","00887725001365","0","Drinks","8","$3.00",,"0",,,,,,,,,,,,,,
"35351851","Electrolit Strawberry Kiwi 12 Fl Oz","00887725001556","0","Drinks","8","$1.80",,"0",,,,,,,,,,,,,,
"35352210","Electrolit Fruit Punch 12 Fl Oz","00887725001570","0","Drinks","8","$1.80",,"0",,,,,,,,,,,,,,
"35352409","Electrolit Grape 12 Fl Oz","00887725001587","0","Drinks","8","$1.80",,"0",,,,,,,,,,,,,,
"35353047","Electrolit Green Apple (21 Fl Oz)","00887725001778","0","Drinks","8","$3.99",,"0",,,,"Seven Up Snapple,Electrolit",,,,,,,,,,
"35352509","Electrolit Watermelon-lime (21 Fl Oz)","00887725001808","0","Drinks","8","$3.99",,"0",,,,"Seven Up Snapple,Electrolit",,,,,,,,,,
"43223470","Electrolit CHERRY ICE","00887725002416","0","Drinks","8","$3.99",,"0",,,,"Seven Up Snapple,Electrolit",,,,,,,,,,
"35350977","Hostess Glazed Jumbo Honey Bun 4.75 Oz","00888109010171","0","Snacks","9","$1.99",,"0",,,,,,,,,,,,,,
"35352615","Hotless Twinkies 1.35 Oz","00888109010683","0","Snacks","9","$0.78",,"0",,,,,,,,,,,,,,
"35352663","Hostess Cup Cakes 1.59 Oz","00888109010690","0","Snacks","9","$0.75",,"0",,,,,,,,,,,,,,
"35350651","Ding 1","00888109114381","0","Snacks","9","$0.50",,"0",,,,,,,,,,,,,,
"35350667","Hostess:danish Apple Cinnamon 2.75oz","00888109250843","0","Grocery Non-taxable","3","$1.25",,"0",,,,,,,,,,,,,,
"35350841","Hostess Danish With Icing Cream Cheese2.","00888109250874","0","Grocery Non-taxable","3","$1.25",,"0",,,,,,,,,,,,,,
"35350954","Hostess:danish -Berries & Cream Cheese 2","00888109250904","0","Grocery Non-taxable","3","$1.04",,"0",,,,,,,,,,,,,,
"35350962","Danish Hostess With Icing Blueberry & Cr","00888109250935","0","Grocery Non-taxable","3","$1.30",,"0",,,,,,,,,,,,,,
"35352607","Quest:cookies N Cream Protein Bar 2.12 O","00888849000005","0","Snacks","9","$2.80",,"0",,,,,,,,,,,,,,
"35352613","Quest Chocolate Chip Cookie Dough 2.12 O","00888849000012","0","Snacks","9","$2.80",,"0",,,,,,,,,,,,,,
"35351317","Quest:choclate Brownie Protein Bar 2.12","00888849000418","0","Snacks","9","$2.80",,"0",,,,,,,,,,,,,,
"35353024","Celcius Sparkling Orange 12 Fl Oz","00889392000313","0","Soda/Energy Beverages","19","$2.80",,"0",,,,,,,,,,,,,,
"35350959","Celcius Sparkling Wildberry 12 Fl Oz","00889392000320","0","Soda/Energy Beverages","19","$2.80",,"0",,,,,,,,,,,,,,
"35351057","Celsius Green Apple","00889392000863","0","Soda/Energy Beverages","19","$2.80",,"0",,,,,,,,,,,,,,
"35351024","Oasis","00889392000900","0","Drinks","8","$2.80",,"0",,,,,,,,,,,,,,
"35350923","Celcius Sparkling Grape Rush 12 Fl Oz","00889392000917","0","Soda/Energy Beverages","19","$2.80",,"0",,,,,,,,,,,,,,
"35351202","Celsius Cosmic Vive 12.00 Fl Oz","00889392001204","0","Soda/Energy Beverages","19","$2.80",,"0",,,,,,,,,,,,,,
"35350615","Celsius Rasberry Peach","00889392001303","0","Soda/Energy Beverages","19","$2.80",,"0",,,,,,,,,,,,,,
"35350772","Clsius Astro Vibe 12 Oz","00889392001341","0","Soda/Energy Beverages","19","$2.80",,"0",,,,,,,,,,,,,,
"35350749","Celsius Blue Razz Lemonade","00889392001396","0","Soda/Energy Beverages","19","$2.80",,"0",,,,,,,,,,,,,,
"35350475","Celsius Sparkling Kiwi Strawberry","00889392001549","0","Soda/Energy Beverages","19","$2.62",,"0",,,,,,,,,,,,,,
"35352933","Celsius Retro Vibe","00889392001723","0","Soda/Energy Beverages","19","$2.80",,"0",,,,,,,,,,,,,,
"35352417","Celcius Sparkling Mango Lemonade (12 Fl","00889392001785","0","Soda/Energy Beverages","19","$2.80",,"0",,,,,,,,,,,,,,
"48732401","Celsius spritz","00889392002775","0","Soda/Energy Beverages","19","$2.80",,"0",,,,,,,,,,,,,,
"35352932","Celcius Watermelon 12 Fl Oz","00889392003628","0","Soda/Energy Beverages","19","$2.80",,"0",,,,,,,,,,,,,,
"35351688","Celsius 1","00889392010145","0","Soda/Energy Beverages","19","$2.80",,"0",,,,,,,,,,,,,,
"35353033","Peach","00889392010190","0","Drinks","8","$2.80",,"0",,,,,,,,,,,,,,
"35352903","Celcius Peach Mango Green Tea 12 Fl Oz","00889392021394","0","Soda/Energy Beverages","19","$2.80",,"0",,,,,,,,,,,,,,
"35351639","Vibe","00889392021417","0","Soda/Energy Beverages","19","$2.80",,"0",,,,,,,,,,,,,,
"43220128","Celsius Sparkling Mngopas","00889392021431","0","Drinks","8","$2.80",,"0",,,,,,,,,,,,,,
"35350861","Nutrament Chocolate","00889497641015","0","Drinks","8","$2.75",,"0",,,,,,,,,,,,,,
"35351849","Gogo Sueez Apple 3.2 Fl Oz","00890000001004","0","Snacks","9","$1.25",,"0",,,,,,,,,,,,,,
"36662642","Materne Applesauce On The Go","00890000001042","0","Grocery Non-taxable","3","$1.50",,"0",,,,,,,,,,,,,,
"35351781","Baby Powder Fragrance Oil 1 Bottle","00890246002018","0","Misc.","15","$2.86",,"0",,,,,,,,,,,,,,
"35351358","Oil Cool Water Fragance Bottle","00890246002032","0","Misc.","15","$2.75",,"0",,,,,,,,,,,,,,
"35351322","Aceite Olor","00890246002049","0","Household","6","$2.69",,"0",,,,,,,,,,,,,,
"35350682","Oil Sex On The Beach Fragance Bottle","00890246002070","0","Misc.","15","$2.86",,"0",,,,,,,,,,,,,,
"35351465","Oil Vanilla Fragance Bottle","00890246002087","0","Misc.","15","$2.86",,"0",,,,,,,,,,,,,,
"35350720","Oil Victorian Rose Fragance Bottle","00890246002094","0","Misc.","15","$2.75",,"0",,,,,,,,,,,,,,
"35350689","Oil-cherry Almond Bottle","00890246002100","0","Household","6","$2.75",,"0",,,,,,,,,,,,,,
"35351722","Oil-egyptian Musk Bottle","00890246002131","0","Household","6","$2.86",,"0",,,,,,,,,,,,,,
"35350905","Oil Eucalyptus Fragance Bottle","00890246002148","0","Misc.","15","$2.86",,"0",,,,,,,,,,,,,,
"35351650","Oil Frankincense Fragance Bottle 60 Ml","00890246002155","0","Misc.","15","$2.86",,"0",,,,,,,,,,,,,,
"35351076","Oil-innocence 1 Bottle","00890246002179","0","Misc.","15","$2.75",,"0",,,,,,,,,,,,,,
"35350590","Oil Sandalwood Bottle","00890246002209","0","Household","6","$2.75",,"0",,,,,,,,,,,,,,
"35351825","Oil Sea Breeze Fragance Bottle","00890246002216","0","Misc.","15","$2.75",,"0",,,,,,,,,,,,,,
"35351069","Oil White Diamonds Fragance Bottle","00890246002230","0","Misc.","15","$2.86",,"0",,,,,,,,,,,,,,
"35351408","Oil Apple Cinnamon Fragance Bottle","00890246002247","0","Misc.","15","$2.75",,"0",,,,,,,,,,,,,,
"35351615","Oil-frank & Myrrh Bottle","00890246002254","0","Household","6","$2.75",,"0",,,,,,,,,,,,,,
"35351353","Oil- Jasmine 1 Bottle","00890246002308","0","Misc.","15","$2.75",,"0",,,,,,,,,,,,,,
"35351758","Oil Lavender Fragance Bottle","00890246002315","0","Misc.","15","$2.75",,"0",,,,,,,,,,,,,,
"35350815","Oil Obsession Fragance Bottle","00890246002322","0","Misc.","15","$4.00",,"0",,,,,,,,,,,,,,
"35351695","Oil -Gardenia Fragrance 1 Bottle","00890246002339","0","Misc.","15","$2.75",,"0",,,,,,,,,,,,,,
"35351342","Oil-sage Bottle","00890246002353","0","Household","6","$2.75",,"0",,,,,,,,,,,,,,
"35350853","Oil- Lemon Drop 1 Bottle","00890246002377","0","Misc.","15","$2.75",,"0",,,,,,,,,,,,,,
"35351690","Oil Money Fragance Bottle","00890246002384","0","Misc.","15","$2.75",,"0",,,,,,,,,,,,,,
"35350692","Oil Patchouli Fragance Bottle","00890246002421","0","Misc.","15","$2.75",,"0",,,,,,,,,,,,,,
"35352010","Oil Rose Fragance Bottle","00890246002438","0","Misc.","15","$2.75",,"0",,,,,,,,,,,,,,
"35352550","Oil Seasons Pine Fragance Bottle","00890246002797","0","Misc.","15","$2.75",,"0",,,,,,,,,,,,,,
"35351287","V Neck Shirt White 6xl","00891089001459","0","Shirt","20","$8.00",,"0",,,,,,,,,,,,,,
"35351640","Shirts","00891089001992","0","Household","6","$5.50",,"0",,,,,,,,,,,,,,
"35351966","Stone Creek California Pistachios (2.15","00891164002173","0","Snacks","9","$1.99",,"0",,,,,,,,,,,,,,
"35352600","Stone Creek Salted Cashews (2.25 Oz)","00891164002197","0","Snacks","9","$2.10",,"0",,,,,,,,,,,,,,
"35352398","Stone Creek Honey Roasted Cashews (2.25","00891164002210","0","Snacks","9","$2.00",,"0",,,,,,,,,,,,,,
"35351320","Stone Creek Raisins Cashews Almonds (4.7","00891164002227","0","Snacks","9","$2.10",,"0",,,,,,,,,,,,,,
"37864032","Stone Creek Nuts Archives","00891164002272","0","Non-Tax","1","$2.00",,"0",,,,,,,,,,,,,,
"35352312","Stone Creek Mixed Fruits & Nuts (4.5 Oz)","00891164002401","0","Snacks","9","$2.10",,"0",,,,,,,,,,,,,,
"35350515","Stone Greek:honey Roasted Peanuts Fl 5.5","00891164002418","0","Snacks","9","$1.99",,"0",,,,,,,,,,,,,,
"35351590","Stone Creek Unsalted Peanuts (6.25 Oz)","00891164002425","0","Snacks","9","$2.10",,"0",,,,,,,,,,,,,,
"35351293","V Neck Shirt White 4xl","00891989001986","0","Shirt","20","$8.00",,"0",,,,,,,,,,,,,,
"35350630","Mamita`s Ice Coconut Cream 4 Oz","00892798000016","0","Ice Cream","11","$1.99",,"0",,,,,,,,,,,,,,
"38815049","Aluf Plastics 55 Gal.-60 Gal. 1 mil","00894480002537","0","Grocery Non-taxable","3","$1.80",,"0",,,,,,,,,,,,,,
"38815048","TRASH BAGS","00894480002544","0","Grocery Non-taxable","3","$2.55",,"0",,,,,,,,,,,,,,
"35352175","Four Loko Watermelon 23.5 Fl Oz","00895216001077","0","Alcohol","5","$3.97",,"0",,,,"Eagle Brands Sales",,,,,,,,,,
"35352699","Vita Coco:coconut Water 11.20 Oz","00898999000022","0","Drinks","8","$1.69",,"0",,,,,,,,,,,,,,
"35351847","Vita Coco Pure Coconut Water (33.8 Fl Oz","00898999000503","0","Drinks","8","$4.50",,"0",,,,,,,,,,,,,,
"35352347","Vita Coco Organic Coconut Water (33.8 Fl","00898999000992","0","Drinks","8","$4.50",,"0",,,,,,,,,,,,,,
"35350420","Vita Coco 100% Pure 17.00 Fl Oz","00898999010007","0","Drinks","8","$2.80",,"0",,,,,,,,,,,,,,
"41093470","Vita Coco Presses Coconut 16.9oz","00898999010144","0","Drinks","8","$2.80",,"0",,,,,,,,,,,,,,
"35352996","Vita Coco Coconut Water Original 16.9 Fl","00898999010229","0","Drinks","8","$3.00",,"0",,,,,,,,,,,,,,
"35352238","Charger","00986260362914","0","Gen Merch","10","$12.50",,"0",,,,,,,,,,,,,,
"35351107","Type-c To Iphone 2m","00990466440932","0","Household","6","$11.99",,"0",,,,,,,,,,,,,,
"43275879","Rapture Kratom Seltzer Wild Berries","00999754231023","0","Alcohol","5","$7.49",,"0",,,,,,,,,,,,,,
"43275876","Rapture Kratom Seltzer Pineapple","00999754234796","0","Alcohol","5","$7.49",,"0",,,,,,,,,,,,,,
"35372534","Micro Usb For Androi","01078610000009","0","Household","6","$12.47",,"0",,,,,,,,,,,,,,
"35372603","Member Mark's Diced Tomotoes In Tomato J","01939680000002","0","General Food","7","$1.25",,"0",,,,,,,,,,,,,,
"35372476","Plate 25 Count","01943460000007","0","Grocery Non-taxable","3","$2.69",,"0",,,,,,,,,,,,,,
"35372450","Super Heavy Duty Battries Aaa 1.5 V","01954640000007","0","Household","6","$3.25",,"0",,,,,,,,,,,,,,
"35372537","T Shirt","02000020000002","0","Household","6","$6.00",,"0",,,,,,,,,,,,,,
"35372597","Hard Steel","02584640000005","0","Alcohol","5","$7.47",,"0",,,,,,,,,,,,,,
"35372646","Type-c To Iphone 6.6ft","02785510000006","0","Household","6","$11.99",,"0",,,,,,,,,,,,,,
"35372442","Tums","03076610000003","0","Vitamins/medicine","14","$2.50",,"0",,,,,,,,,,,,,,
"35372521","Swan Isoporphyl Alcohol 70% 16 Oz","03086910000009","0","Household","6","$3.00",,"0",,,,,,,,,,,,,,
"35372654","Halls Cough & Throat Relief Honey Lemon","03125460000005","0","General Food","7","$2.10",,"0",,,,,,,,,,,,,,
"35372431","Dayquil 2","03239000000001","0","Vitamins/medicine","14","$2.50",,"0",,,,,,,,,,,,,,
"35372481","Garnier:fructis Purifying Shampoo","03612620000000","0","Gen Merch","10","$5.00",,"0",,,,,,,,,,,,,,
"35350459","Garnier:fructis Purifying Shampoo","03612623400715","0","Gen Merch","10","$5.00",,"0",,,,,,,,,,,,,,
"35372512","Pain Relief 500 Mg Tylenol 40 Ct","03691680000007","0","Vitamins/medicine","14","$2.50",,"0",,,,,,,,,,,,,,
"35351425","Clancy's Barbecue Potato Chips 905 Fl Oz","04061459111170","0","Snacks","9","$3.25",,"0",,,,,,,,,,,,,,
"35351112","Clancys Jalapeno Ranch Ridged Potato Chi","04061459113686","0","Snacks","9","$3.00",,"0",,,,,,,,,,,,,,
"35350463","Red Thunder Berry","04061459116014","0","Soda/Energy Beverages","19","$1.40",,"0",,,,,,,,,,,,,,
"35351312","Red Thunder Sugar Free","04061459116045","0","Soda/Energy Beverages","19","$1.40",,"0",,,,,,,,,,,,,,
"35351359","Red Thunder Watermelon","04061459116083","0","Soda/Energy Beverages","19","$1.40",,"0",,,,,,,,,,,,,,
"35351719","Earthly Grains White Basmati Rice (32 Oz","04061459271867","0","General Food","7","$4.99",,"0",,,,,,,,,,,,,,
"35351718","Earthly Grains White Rice (48 Oz)","04061459697193","0","General Food","7","$3.99",,"0",,,,,,,,,,,,,,
"35351704","Mama Cozzis Pepperoni Turkey Slices (5 O","04061461750329","0","General Food","7","$3.79",,"0",,,,,,,,,,,,,,
"35351716","Priano Ricotta And Spinach Ravioli (8.8","04061462503313","0","General Food","7","$2.99",,"0",,,,,,,,,,,,,,
"35351717","Priano Cheese Tortelloni (8.8 Oz)","04061462503351","0","General Food","7","$2.99",,"0",,,,,,,,,,,,,,
"35351710","Sweet Harvest Mandarin Oranges In Light","04061462556647","0","General Food","7","$2.29",,"0",,,,,,,,,,,,,,
"35351707","Sweet Harvest Yellow Cling Peach Slices","04061463092205","0","General Food","7","$2.29",,"0",,,,,,,,,,,,,,
"35352374","Chunk Light Tuna 5 Fl Oz","04061464178137","0","General Food","7","$2.50",,"0",,,,,,,,,,,,,,
"36463670","Classic white Bread Soft ","04099100043532","0","Grocery Non-taxable","3","$2.00","$0.00","0",,,,,,,,,,,,,,
"37256002","Zevia Orange Soda – 6x355mL","04099100056853","0","Grocery Non-taxable","3","$4.99","$0.00","0",,,,,,,,,,,,,,
"35351929","Golden Eggs Large","04099100060829","0","Dairy","12","$6.15",,"0",,,,,,,,,,,,,,
"35351784","Burman's Tomato Ketchup (38 Oz)","04099100064841","0","General Food","7","$2.95",,"0",,,,,,,,,,,,,,
"35350467","Clancys Original Potato Chips 10 Fl Oz","04099100066753","0","Snacks","9","$3.00",,"0",,,,,,,,,,,,,,
"35352076","Clqncys Barbecue Potato Chips 9.5 Fl Oz","04099100066807","0","Snacks","9","$3.00",,"0",,,,,,,,,,,,,,
"35351261","Clancys Sour Cream N Onion Flavored Pota","04099100066852","0","Snacks","9","$3.00",,"0",,,,,,,,,,,,,,
"35351706","Sweet Harvest Jellied Cranberry Sauce (1","04099100087376","0","General Food","7","$2.79",,"0",,,,,,,,,,,,,,
"35352523","Whole Milk (1 Gal)","04099100143188","0","Dairy","12","$4.75",,"0",,,,,,,,,,,,,,
"35352009","2% Reduced Fat Milk (1 Gal)","04099100143195","0","Dairy","12","$4.75",,"0",,,,,,,,,,,,,,
"35351709","Sweet Harvest Yellow Cling Peach Slices","04099100153415","0","General Food","7","$2.29",,"0",,,,,,,,,,,,,,
"36463657","Yogrt","04099100195385","0","Grocery Non-taxable","3","$3.75","$0.00","0",,,,,,,,,,,,,,
"35372477","Easter Toy","04300020000001","0","Candy","22","$1.00",,"0",,,,,,,,,,,,,,
"35372582","Wise Flip Top Sandwich Bags 6.25","04750140000007","0","Household","6","$1.87",,"0",,,,,,,,,,,,,,
"37928339","Elf","04895257204976","0","Vape","16","$24.99",,"0",,,,,,,,,,,,,,
"35352141","Get Lost King Size Rolling Paper","04897090547883","0","Tobacco","4","$2.25",,"0",,,,,,,,,,,,,,
"35351225","Nexa Blueberry Watermelon","04897136543312","0","Vape","16","$23.25",,"0",,,,,,,,,,,,,,
"35351872","Nexa Miami Mint 50000 Puffs","04897136543343","0","Vape","16","$24.50",,"0",,,,,,,,,,,,,,
"35351260","Nexa Watermelon Ice 50000puffs","04897136543411","0","Vape","16","$23.25",,"0",,,,,,,,,,,,,,
"35351332","Nexa Strawberry Banana","04897136543688","0","Vape","16","$24.50",,"0",,,,,,,,,,,,,,
"35351807","Nexa Watermelon Ice 35000 Puffs","04897136548607","0","Vape","16","$24.50",,"0",,,,,,,,,,,,,,
"35351808","Nexa Fcuking Fab 35000 Puffs","04897136548638","0","Vape","16","$24.50",,"0",,,,,,,,,,,,,,
"35351806","Nexa:blue Razz Ice 35000 Puffs","04897136549192","0","Vape","16","$24.50",,"0",,,,,,,,,,,,,,
"35352252","Nexa Blueberry Watermelon 35000 Puffs","04897136549239","0","Vape","16","$24.50",,"0",,,,,,,,,,,,,,
"35372631","Burro Primavera","04897420000002","0","Alcohol","5","$7.47",,"0",,,,,,,,,,,,,,
"35372436","Marlboro Special Blend","04990510000002","0","Tobacco","4","$9.43",,"0",,,,"Sams Tobacco",,,,,,,,,,
"35372457","Snickers Mini","04991510000009","0","Candy","22","$0.50",,"0",,,,,,,,,,,,,,
"35350955","Crusader Skin Lightening Cream 50 G","05021699000381","0","Household","6","$2.49",,"0",,,,,,,,,,,,,,
"45690982","LM MT35K TSTD NANA","05056716406914","0","Vape","16","$23.50",,"0",,,,,,,,,,,,,,
"37928332","Off-Stamp X Cube Mountain Berry","05061028595874","0","Vape","16","$14.50",,"0",,,,,,,,,,,,,,
"35372455","Kind Minis Caramel Almond 0.7 Fl Oz","06026520000003","0","General Food","7","$0.70",,"0",,,,,,,,,,,,,,
"35372482","Garnier Fructus:sleek N Shine Conditione","06030840000001","0","Household","6","$4.67",,"0",,,,,,,,,,,,,,
"35372454","Zyn Spearmint 03mg","06092500000004","0","Tobacco","4","$7.01",,"0",,,,,,,,,,,,,,
"35372466","Red Bull Energy Drink Sugarfree (12 Fl O","06112700000007","0","Soda/Energy Beverages","19","$3.50",,"0",,,,,,,,,,,,,,
"35372518","Fifo Usb Cable 1","06120470000004","0","Household","6","$7.99",,"0",,,,,,,,,,,,,,
"35372428","Arizona Raspberry Half & Half Iced Tea L","06130090000001","0","Drinks","8","$1.30",,"0",,,,"AZ Southeast",,,,,,,,,,
"35372560","Haze Peach Iced Tea (12 Fl Oz)","06135270000000","0","Tobacco","4","$9.35",,"0",,,,,,,,,,,,,,
"35372642","Fiji Natural Artesian Water 16.9 Fl Oz","06325650000007","0","Drinks","8","$2.00",,"0",,,,,,,,,,,,,,
"35372624","Lams Yuca Strips 2.1 Oz","06341290000009","0","Snacks","9","$2.29",,"0",,,,,,,,,,,,,,
"35372437","Mikes Harder Blood Orange 16 Oz","06359850000000","0","Alcohol","5","$2.20",,"0",,,,"Gold Coast",,,,,,,,,,
"35372551","White Claw","06359860000007","0","Alcohol","5","$4.25",,"0",,,,"Gold Coast",,,,,,,,,,
"35372495","Hair Pins","06362270000000","0","Household","6","$0.93",,"0",,,,,,,,,,,,,,
"35372588","Rhino 1000k","06386320000000","0","Alcohol","5","$7.47",,"0",,,,,,,,,,,,,,
"35372502","Comb","06392770000002","0","Household","6","$1.89",,"0",,,,,,,,,,,,,,
"35372525","Jar","06392780000009","0","Grocery Non-taxable","3","$2.50",,"0",,,,,,,,,,,,,,
"35372667","Premier Protin Chocolate","06438440000009","0","Tobacco","4","$2.80",,"0",,,,,,,,,,,,,,
"35372558","Blunt Wrap Db Platinum Grape Single 0.06","06445360000002","0","Tobacco","4","$1.45",,"0",,,,,,,,,,,,,,
"35372511","Dual Charger","06471660000008","0","Household","6","$11.99",,"0",,,,,,,,,,,,,,
"35372520","Layshes","06530780000005","0","Grocery Non-taxable","3","$7.28",,"0",,,,,,,,,,,,,,
"35372614","Visine Advanced Redness+irritation Relie","06557080000009","0","Vitamins/medicine","14","$3.99",,"0",,,,,,,,,,,,,,
"35372590","Essentia Bottled Water 20 Fl Oz","06572270000003","0","Drinks","8","$2.00",,"0",,,,,,,,,,,,,,
"35372674","Dark Crush Pouch","06609890000004","0","Tobacco","4","$2.79",,"0",,,,,,,,,,,,,,
"35372669","Stiff Rock","06618000000001","0","Vitamins/medicine","14","$7.50",,"0",,,,,,,,,,,,,,
"35372595","Bob Marley:king Size With Tips","06717340000006","0","Tobacco","4","$3.89",,"0",,,,,,,,,,,,,,
"35372557","Twin Blades Razors 10ct Razors Value Pac","06769800000002","0","Misc.","15","$2.25",,"0",,,,,,,,,,,,,,
"35372536","Metasol Medicated Skin Lightening Triple","06789240000004","0","Household","6","$2.49",,"0",,,,,,,,,,,,,,
"35372671","Fire Paper King Size","06807510000001","0","Tobacco","4","$2.34",,"0",,,,,,,,,,,,,,
"35372509","Great Value Every Day Spoons 48 Counts","06811320000007","0","Household","6","$3.38",,"0",,,,,,,,,,,,,,
"35372593","Maxico Bars Ice Cream","06820820000004","0","Ice Cream","11","$2.00",,"0",,,,,,,,,,,,,,
"35372545","Clubtails Grape","06847460000003","0","Alcohol","5","$1.86",,"0",,,,"Gold Coast",,,,,,,,,,
"35372664","Clubtails Long Island Iced Tea (16 Fl Oz","06847470000000","0","Alcohol","5","$2.65",,"0",,,,"Gold Coast",,,,,,,,,,
"35372469","Ooze Tube Blue Raspberry,green Apple, Ch","06864650000001","0","Snacks","9","$1.99",,"0",,,,,,,,,,,,,,
"35372562","Dark Crush","06870520000002","0","Tobacco","4","$4.03",,"0",,,,,,,,,,,,,,
"48781515","CHIKA DUBAI Chocolate ","06880201379822","0","Candy","22","$3.25",,"0",,,,"Nepa Wholesale",,,,,,,,,,
"35372441","Kim Crawford: Chardonnay 750 Ml","06893520000001","0","Alcohol","5","$15.89",,"0",,,,,,,,,,,,,,
"35352368","Macleans Soft Toothbrush","06913362809164","0","Household","6","$2.00",,"0",,,,,,,,,,,,,,
"35372528","Digital Pocket Scale","06920170000003","0","Household","6","$12.47",,"0",,,,,,,,,,,,,,
"35351350","Hqd Black Ice 1200 Puffs","06923742014040","0","Vape","16","$15.25",,"0",,,,,,,,,,,,,,
"40930416","HQD Plus White Gummy 1200 Puffs","06923742015382","0","Vape","16","$14.50",,"0",,,,"HQD,Nepa Wholesale",,,,,,,,,,
"35352183","Hqd Gushin Grape 1200 Puffs","06923742015405","0","Vape","16","$14.50",,"0",,,,,,,,,,,,,,
"40729484","Hqd 1200 GRAPE","06923742019571","0","Vape","16","$14.50",,"0",,,,,,,,,,,,,,
"37179196","HQD Blueberry Raspberry 1200 Puffs","06923742019618","0","Vape","16","$14.50",,"0",,,,,,,,,,,,,,
"36662069","HQD 1200 Sky Mint","06923742020225","0","Vape","16","$12.50",,"0",,,,,,,,,,,,,,
"40008896","Hqd","06923742020607","0","Vape","16","$14.50",,"0",,,,,,,,,,,,,,
"37868525","Pineapple ice HQD 1200","06923742020645","0","Vape","16","$14.50",,"0",,,,,,,,,,,,,,
"40930414","HQD Strawberry Splash 1200 Puffs","06923742021147","0","Vape","16","$14.50",,"0",,,,"HQD,Nepa Wholesale",,,,,,,,,,
"36655555","Black ice","06923742029433","0","Vape","16","$12.50",,"0",,,,,,,,,,,,,,
"35351039","Hqd","06937105411049","0","Tobacco","4","$20.00",,"0",,,,,,,,,,,,,,
"35351172","HQD Bar Cool Mint 7000 Puffs","06937105411148","0","Vape","16","$18.99",,"0",,,,"HQD",,,,,,,,,,
"35351621","HQD Bar Lush Ice 7000 Puffs","06937105411155","0","Vape","16","$18.99",,"0",,,,"HQD",,,,,,,,,,
"35351724","Black Ice 100ct","06937105411193","0","Vape","16","$18.99",,"0",,,,,,,,,,,,,,
"35351170","HQD Cuvie Slick Lemon Mint 6000 Puffs","06937105437193","0","Vape","16","$17.50",,"0",,,,"HQD",,,,,,,,,,
"35350502","Hqd","06937105449936","0","Tobacco","4","$25.99",,"0",,,,,,,,,,,,,,
"40781395","HQD Plus Miami Mint 1200 Puffs","06937105463895","0","Vape","16","$14.50",,"0",,,,"HQD,Nepa Wholesale",,,,,,,,,,
"35351592","Hqd 15000 Puffs","06937105473832","0","Vape","16","$23.25",,"0",,,,"HQD,Nepa Wholesale",,,,,,,,,,
"35351917","HQD Cuvie Glaze Lush Ice 15000 Puffs","06937105473870","0","Vape","16","$23.25",,"0",,,,"HQD,Nepa Wholesale",,,,,,,,,,
"35351169","Hqd 15000 Puffs","06937105473887","0","Vape","16","$24.99",,"0",,,,,,,,,,,,,,
"35351171","Hqd Dual 15000 Puffs","06937105473917","0","Vape","16","$23.25",,"0",,,,"HQD,Nepa Wholesale",,,,,,,,,,
"35351554","HQD Glaze Black Ice 15000","06937105473962","0","Vape","16","$23.25",,"0",,,,"HQD",,,,,,,,,,
"35372486","Cap","06941560000007","0","Household","6","$14.01",,"0",,,,,,,,,,,,,,
"35350516","Kiki","06941821710737","0","Tobacco","4","$15.00",,"0",,,,,,,,,,,,,,
"35350518","Kiki Blacck Ice","06941821710775","0","Tobacco","4","$15.00",,"0",,,,,,,,,,,,,,
"35350512","Kiki Blue Ice","06941821710812","0","Tobacco","4","$15.00",,"0",,,,,,,,,,,,,,
"35350498","Death Row 7000 Puffs","06941821713387","0","Tobacco","4","$15.99",,"0",,,,,,,,,,,,,,
"35350497","Death Row 7000 Puffs","06941821713417","0","Tobacco","4","$14.94",,"0",,,,,,,,,,,,,,
"35350496","Death Row 7000 Puffs","06941821716173","0","Tobacco","4","$15.99",,"0",,,,,,,,,,,,,,
"35352168","Fume:strawberry Watermelon 20000 Puffs","06941821724123","0","Vape","16","$15.00",,"0",,,,,,,,,,,,,,
"35351167","Wefume:black Ice 30000 Puffs","06941821727803","0","Vape","16","$23.25",,"0",,,,,,,,,,,,,,
"35351528","Wefume:stawberry Watermelon 30000 Puffs","06941821727827","0","Vape","16","$23.25",,"0",,,,,,,,,,,,,,
"35351168","Wefume:miami Mix","06941821727865","0","Vape","16","$23.25",,"0",,,,,,,,,,,,,,
"35352162","Fume: Strawberry Banana 30000 Puffs","06941821735600","0","Vape","16","$23.25",,"0",,,,,,,,,,,,,,
"35352165","Fume: Black Ice 30000 Puffs","06941821735617","0","Vape","16","$23.25",,"0",,,,,,,,,,,,,,
"35352163","Fume:florida Tropical Breeze 30000 Puffs","06941821735624","0","Vape","16","$24.18",,"0",,,,,,,,,,,,,,
"35352261","Fume: Miami Mint 30000 Puffs","06941821735679","0","Vape","16","$23.25",,"0",,,,,,,,,,,,,,
"35352161","Fume: Polar Ice 30000 Puffs","06941821735686","0","Vape","16","$23.25",,"0",,,,,,,,,,,,,,
"35352164","Fume: Blue Raz Ice 30000 Puffs","06941821741731","0","Vape","16","$23.25",,"0",,,,,,,,,,,,,,
"35352486","Kros:spearmint 6000 Puffs","06943498628261","0","Vape","16","$9.99",,"0",,,,,,,,,,,,,,
"35352231","Bubble Blas5 Solution","06952192723332","0","Gen Merch","10","$0.89",,"0",,,,,,,,,,,,,,
"35372449","Cookies Strawberry Banana 30,000 Puffs","06956820000000","0","Vape","16","$24.10",,"0",,,,,,,,,,,,,,
"35351803","Raz:day Crawler 9000 Puffs","06970313643567","0","Vape","16","$23.50",,"0",,,,,,,,,,,,,,
"43000342","Raz Strawberry Peach Gush 25k","06970313648449","0","Vape","16","$25.99",,"1",,,,"Nepa Wholesale,RAZ",,,,,,,,,,
"35351804","Raz:white Grape Gush","06970313648548","0","Vape","16","$25.99",,"0",,,,,,,,,,,,,,
"35351911","Raz:tropical Gush","06970313648562","0","Vape","16","$25.99",,"0",,,,,,,,,,,,,,
"35352211","Raz 25K Blue Raz Gush","06970313648586","0","Vape","16","$25.99",,"2",,,,"Nepa Wholesale,RAZ",,,,,,,,,,
"35352891","Raz:triple Berry Gush","06970313648760","0","Vape","16","$25.99",,"4",,,,"Nepa Wholesale,RAZ",,,,,,,,,,
"35351184","9 Inch Table Fan","06971358490642","0","Gen Merch","10","$14.99",,"0",,,,,,,,,,,,,,
"36101491","Hqd Strawberry Vape Pod","06971578992438","0","Vape","16","$18.90",,"0",,,,,,,,,,,,,,
"40930389","HQD Plus Lush Ice 1200 Puffs","06971578993220","0","Vape","16","$14.50",,"0",,,,"HQD,Nepa Wholesale",,,,,,,,,,
"40930385","HQD Cuvie Plus Miami Vice 1200 Puffs","06971578993503","0","Vape","16","$14.50",,"0",,,,"HQD,Nepa Wholesale",,,,,,,,,,
"35352566","HQD Plus Ice Mint 1200 Puffs","06971578994272","0","Vape","16","$14.50",,"0",,,,"HQD,Nepa Wholesale",,,,,,,,,,
"40930432","HQD Plus Strawberry 1200 Puffs","06971578994289","0","Vape","16","$14.50",,"0",,,,"HQD,Nepa Wholesale",,,,,,,,,,
"35352440","Hqd Pineapple Ice 1200 Puffs","06971578994296","0","Vape","16","$14.50",,"0",,,,"HQD,Nepa Wholesale",,,,,,,,,,
"35351753","HQD Plus Grapey 1200 Puffs","06971578994425","0","Vape","16","$14.50",,"0",,,,"HQD,Nepa Wholesale",,,,,,,,,,
"35352565","HQD Plus Blueberry 1200 Puffs","06971578994548","0","Vape","16","$14.50",,"0",,,,"HQD,Nepa Wholesale",,,,,,,,,,
"35351498","Hqd:blueberry Raspberry 1200 Puffs","06971578996733","0","Vape","16","$14.50",,"0",,,,,,,,,,,,,,
"35352761","HQD Plus Strawberry Banana 1200 Puffs","06971578996788","0","Vape","16","$14.50",,"0",,,,"HQD,Nepa Wholesale",,,,,,,,,,
"35352171","HQD Plus Apple Peach 1200 Puffs","06971578996801","0","Vape","16","$14.50",,"0",,,,"HQD,Nepa Wholesale",,,,,,,,,,
"35352721","HQD Plus Black Ice 1200 Puffs","06971578997181","0","Vape","16","$14.50",,"0",,,,"HQD,Nepa Wholesale",,,,,,,,,,
"35351967","HQD Plus Candy 1200 Puffs","06971578998553","0","Vape","16","$14.50",,"0",,,,"HQD,Nepa Wholesale",,,,,,,,,,
"35350717","Pinacolada","06971578998560","0","Tobacco","4","$15.00",,"0",,,,,,,,,,,,,,
"35351275","HQD Cuvie Plus SBCC Ice Cream 1200 Puffs","06971578999550","0","Vape","16","$14.50",,"0",,,,"HQD",,,,,,,,,,
"39380924","FOGGER SWITCH PRO KIT PINEAPPLE COCONUT","06971824063707","0","Vape","16","$22.25",,"0",,,,,,,,,,,,,,
"39862348","Coolmint foger/30k puffs","06971824063714","0","Vape","16","$22.25",,"0",,,,,,,,,,,,,,
"38944371","RAZ Blue Raz Ice","06972777971262","0","Vape","16","$25.99",,"5",,,,"Nepa Wholesale,RAZ",,,,,,,,,,
"38944376","Raz rasplime 25k","06972777971743","0","Vape","16","$25.99",,"2",,,,"Nepa Wholesale,RAZ",,,,,,,,,,
"35351386","Raz:fire N Ice 25","06972866502902","0","Vape","16","$25.99",,"3",,,,"Nepa Wholesale,RAZ",,,,,,,,,,
"35351646","Raz Strawberry Burst","06972866502964","0","Vape","16","$25.99",,"0",,,,,,,,,,,,,,
"35352383","Raz New York Mint","06972866502988","0","Vape","16","$25.99",,"0",,,,,,,,,,,,,,
"35352325","Raz Blueberry Watermelon 25k","06972866503022","0","Vape","16","$25.99",,"3",,,,"Nepa Wholesale,RAZ",,,,,,,,,,
"35351072","New York Mint","06972866506641","0","Tobacco","4","$23.99",,"0",,,,,,,,,,,,,,
"35352774","Raz:pinky Lemonade Minty Os","06972866506665","0","Vape","16","$25.99",,"0",,,,,,,,,,,,,,
"35352223","Raz Black & Blue Lime","06972866507549","0","Vape","16","$25.99",,"0",,,,,,,,,,,,,,
"35351102","Raz Strawberry Burst 25k","06972866507563","0","Tobacco","4","$25.99",,"4",,,,"Nepa Wholesale,RAZ",,,,,,,,,,
"35350465","Raz Blueberry Watermelon","06972866507662","0","Tobacco","4","$23.99",,"0",,,,,,,,,,,,,,
"35351805","Raz Blue Raz Ice","06972866507686","0","Vape","16","$25.99",,"0",,,,,,,,,,,,,,
"35351582","Raz Miami Mint","06972866507709","0","Vape","16","$25.99",,"0",,,,,,,,,,,,,,
"45966914","Georgia peach 25k","06972866507747","0","Vape","16","$25.99",,"5",,,,"Nepa Wholesale,RAZ",,,,,,,,,,
"35350489","Raz Watermelon Ice","06972866507822","0","Tobacco","4","$25.99",,"4",,,,"Nepa Wholesale,RAZ",,,,,,,,,,
"43000324","Raz 25k Rainbow Rain","06972866507860","0","Vape","16","$25.99",,"1",,,,"Nepa Wholesale,RAZ",,,,,,,,,,
"35352113","Raz Black Cherry Peach","06972866507907","0","Vape","16","$25.99",,"0",,,,,,,,,,,,,,
"49448591","Raz Clear 25k","06972866508188","0","Vape","16","$25.99",,"0",,,,"Nepa Wholesale,RAZ",,,,,,,,,,
"35350607","Mask","06973084250002","0","Grocery Non-taxable","3","$2.00",,"0",,,,,,,,,,,,,,
"40284748","FUME MINT ICE 2500 PUFFS","06973304112745","0","Vape","16","$16.75",,"0",,,,"Nepa Wholesale,Fume",,,,,,,,,,
"40930372","Fume Extra gummy bears","06973304115463","0","Vape","16","$12.50",,"0",,,,"Nepa Wholesale,Fume",,,,,,,,,,
"40930371","Fume extra blueberry cc","06973304116835","0","Vape","16","$12.50",,"0",,,,"Nepa Wholesale,Fume",,,,,,,,,,
"35352412","Fume:rasberry Watermelon 1500 Puffs","06973304116873","0","Vape","16","$12.50",,"0",,,,,,,,,,,,,,
"35352691","Fume Black Ice 1500 Puffs","06973304116897","0","Vape","16","$12.50",,"0",,,,"Nepa Wholesale,Fume",,,,,,,,,,
"40930373","Fume Extra Pistachio Banana","06973304117344","0","Vape","16","$12.50",,"0",,,,"Nepa Wholesale,Fume",,,,,,,,,,
"35352232","Fume 2","06973304118099","0","Tobacco","4","$15.00",,"0",,,,,,,,,,,,,,
"35351840","Fume Strawberry Banana 1500 Puffs","06973304118266","0","Vape","16","$12.50",,"0",,,,,,,,,,,,,,
"35352760","Hqd Strawberry 1200 Puffs","06973826700345","0","Vape","16","$14.50",,"0",,,,,,,,,,,,,,
"40930388","HQD Cuvie Plus Fruit Fusion 1200 Puffs","06973826700352","0","Vape","16","$14.50",,"0",,,,"HQD,Nepa Wholesale",,,,,,,,,,
"40930386","HQD Plus Cantaloupe 1200 Puffs","06973826701090","0","Vape","16","$14.50",,"0",,,,"HQD,Nepa Wholesale",,,,,,,,,,
"35351163","Hqd","06973826701212","0","Tobacco","4","$15.00",,"0",,,,,,,,,,,,,,
"35351274","HQD Cuvie Plus Rainbow 1200 Puffs","06973826701243","0","Vape","16","$14.50",,"0",,,,"HQD,Nepa Wholesale",,,,,,,,,,
"35352229","HQD Cuvie Plus StrawberryKiwi 1200 Puffs","06973826701502","0","Vape","16","$14.50",,"0",,,,"HQD,Nepa Wholesale",,,,,,,,,,
"35351802","HQD Plus Cotton Candy 1200 Puffs","06973826704213","0","Vape","16","$14.50",,"0",,,,"HQD,Nepa Wholesale",,,,,,,,,,
"35351876","Hqd:sky Mint 1200 Puffs","06973826704930","0","Vape","16","$14.50",,"0",,,,"HQD,Nepa Wholesale",,,,,,,,,,
"40930387","HQD Plus Coconut Grove 1200 Puffs","06973826704978","0","Vape","16","$14.50",,"0",,,,"HQD,Nepa Wholesale",,,,,,,,,,
"40930412","HQD PLUS TOBACCO","06973826708198","0","Vape","16","$14.50",,"0",,,,,,,,,,,,,,
"35351885","Fume Mint Ice","06974710140001","0","Vape","16","$10.00",,"0",,,,,,,,,,,,,,
"35352099","Fume:black Ice","06974710140209","0","Vape","16","$8.50",,"0",,,,,,,,,,,,,,
"40930375","Fume Banana Ice Extra 1500","06974710143682","0","Vape","16","$12.50",,"0",,,,"Nepa Wholesale,Fume",,,,,,,,,,
"43275358","Fume blue razz1500 puffs","06974710143712","0","Vape","16","$13.50",,"0",,,,"Nepa Wholesale,Fume",,,,,,,,,,
"35352114","Fume Mint Ice 1500 Puffs","06974710143729","0","Vape","16","$12.50",,"0",,,,"Nepa Wholesale,Fume",,,,,,,,,,
"35351801","Fume Lush Ice 1500 Puffs","06974710143743","0","Vape","16","$12.50",,"0",,,,"Nepa Wholesale,Fume",,,,,,,,,,
"36595291","Fume Strawberry Watermelon 1500 Puffs","06974710143767","0","Vape","16","$12.50",,"0",,,,"Nepa Wholesale,Fume",,,,,,,,,,
"43982178","Fume Extra strawberry banana","06974710143781","0","Vape","16","$12.50",,"0",,,,"Nepa Wholesale,Fume",,,,,,,,,,
"36595283","Fume bubble gum","06974710143835","0","Vape","16","$12.50",,"0",,,,"Nepa Wholesale,Fume",,,,,,,,,,
"35352909","Fume:blueberry Mint 1500 Puffs","06974710143880","0","Vape","16","$12.50",,"0",,,,"Nepa Wholesale,Fume",,,,,,,,,,
"35352063","Fume:double Apple 1500 Puffs","06974710143934","0","Vape","16","$12.50",,"0",,,,"Nepa Wholesale,Fume",,,,,,,,,,
"40930376","Fume Extra Desert Breeze","06974710143989","0","Vape","16","$12.50",,"0",,,,"Nepa Wholesale,Fume",,,,,,,,,,
"35352362","Fume Black Ice 1500 Puffs","06974710144009","0","Vape","16","$12.50",,"0",,,,,,,,,,,,,,
"35352169","Fume: Tripple Berry Ice 1500 Puffs","06974710144061","0","Vape","16","$12.50",,"0",,,,"Nepa Wholesale,Fume",,,,,,,,,,
"35352544","Fume:miami Mint 1500 Puffs","06974710144139","0","Vape","16","$12.50",,"0",,,,"Nepa Wholesale,Fume",,,,,,,,,,
"35352411","Fume Mint Ice 2500 Puffs","06974710144665","0","Tobacco","4","$15.00",,"0",,,,,,,,,,,,,,
"35352158","Fume:blueberry Mint 2500 Puffs","06974710144825","0","Vape","16","$12.50",,"0",,,,,,,,,,,,,,
"43232099","Fume Blueberry Guava","06974710146607","0","Vape","16","$12.50",,"0",,,,"Nepa Wholesale,Fume",,,,,,,,,,
"35352234","Fume:miami Mint 1500 Puffs","06974710146683","0","Vape","16","$12.50",,"0",,,,"Nepa Wholesale,Fume",,,,,,,,,,
"36595286","Fume extra lush mint","06974710146782","0","Vape","16","$12.50",,"0",,,,"Nepa Wholesale,Fume",,,,,,,,,,
"35352170","Fume: Cherry Black Ice 1500 Puffs","06974710146942","0","Vape","16","$12.50",,"0",,,,"Nepa Wholesale,Fume",,,,,,,,,,
"35352096","HQD Cuvie Plus Sberry Drg Frt 1200 Puffs","06974866040088","0","Vape","16","$14.50",,"0",,,,"HQD,Nepa Wholesale",,,,,,,,,,
"48793804","Raz 9000 Strawberry Ice","06975984052861","0","Vape","16","$23.99",,"1",,,,,,,,,,,,,,
"35350594","Raz Dragonfruit 9000","06975984052922","0","Tobacco","4","$23.00",,"0",,,,,,,,,,,,,,
"35351860","Raz:polar Ice 9000 Puffs","06975984052946","0","Vape","16","$23.50",,"0",,,,,,,,,,,,,,
"35352630","Raz:blue Raz Ice 9000 Puffs","06975984052984","0","Vape","16","$23.50",,"0",,,,,,,,,,,,,,
"35351904","Raz:miami Mint 9000 Puffs","06975984053028","0","Vape","16","$23.50",,"0",,,,,,,,,,,,,,
"35351031","Raz 9000 Grape Ice","06975984053080","0","Tobacco","4","$23.99",,"0",,,,"Nepa Wholesale,RAZ",,,,,,,,,,
"49353765","Raz 9000 Triple Berry Ice","06975984053103","0","Vape","16","$23.99",,"5",,,,"Nepa Wholesale,RAZ",,,,,,,,,,
"35351493","Raz Watermelon Ice","06975984053127","0","Vape","16","$23.50",,"0",,,,,,,,,,,,,,
"35352138","Raz:white Gummy Watermelon 9000 Puffs","06975984055145","0","Vape","16","$23.50",,"0",,,,,,,,,,,,,,
"35350828","Raz","06975984055206","0","Tobacco","4","$23.00",,"0",,,,,,,,,,,,,,
"35350713","Raz 25000 Miami Mint","06975984056944","0","Tobacco","4","$25.00",,"0",,,,,,,,,,,,,,
"35350951","Raz 25000 Rasberry Limeade","06975984056968","0","Tobacco","4","$25.00",,"0",,,,,,,,,,,,,,
"35350777","Raz 9000 Mango Pineapple","06975984057521","0","Tobacco","4","$23.00",,"0",,,,,,,,,,,,,,
"35351008","Frutti Bar","06976110756752","0","Tobacco","4","$25.23",,"0",,,,,,,,,,,,,,
"35350501","Leafbar","06976120970834","0","Gen Merch","10","$14.99",,"0",,,,,,,,,,,,,,
"35351565","Leafbar","06976120970858","0","Gen Merch","10","$14.99",,"0",,,,,,,,,,,,,,
"35350500","Leafbar","06976120971251","0","Gen Merch","10","$14.99",,"0",,,,,,,,,,,,,,
"38944369","Raz 25k Newyorkmint","06978269660348","0","Vape","16","$25.99",,"5",,,,"Nepa Wholesale,RAZ",,,,,,,,,,
"38944373","Raz 25k Georgia Peach","06978269660379","0","Vape","16","$23.50",,"0",,,,,,,,,,,,,,
"43000339","Raz Code Red 50K","06978269660393","0","Vape","16","$27.49",,"5",,,,"Nepa Wholesale,RAZ",,,,,,,,,,
"36595338","RazDew 50k","06978269660409","0","Vape","16","$27.49",,"6",,,,"Nepa Wholesale,RAZ",,,,,,,,,,
"43000286","Raz Code Green 50k","06978269660416","0","Vape","16","$27.49",,"3",,,,"Nepa Wholesale,RAZ",,,,,,,,,,
"43000331","RazDew 50K CODE PINK","06978269660430","0","Vape","16","$27.49",,"6",,,,"Nepa Wholesale,RAZ",,,,,,,,,,
"38944388","Raz black cherry peach","06978269660553","0","Vape","16","$25.99",,"6",,,,"Nepa Wholesale,RAZ",,,,,,,,,,
"43000338","RAZ Blue Raz Gush","06978269660621","0","Vape","16","$25.99",,"0",,,,,,,,,,,,,,
"38944368","RAZ 25K TripleBerryGush","06978269660720","0","Vape","16","$25.67",,"0",,,,,,,,,,,,,,
"42973929","Raz 25k Triple berry","06978269660782","0","Vape","16","$25.99",,"0",,,,"Nepa Wholesale,RAZ",,,,,,,,,,
"45775879","Raz vue Polar Ice 50k","06978269661598","0","Vape","16","$27.75",,"2",,,,"Nepa Wholesale,RAZ",,,,,,,,,,
"49448084","Raz sour apple ice 50k","06978269661703","0","Vape","16","$27.75",,"0",,,,,,,,,,,,,,
"49448246","Raz Miami mint pod 50k","06978269661727","0","Vape","16","$22.99",,"0",,,,,,,,,,,,,,
"49448244","Raz watermelon pod50k","06978269661758","0","Vape","16","$22.99",,"0",,,,,,,,,,,,,,
"49448080","Raz blue raz ice 50k","06978269661796","0","Vape","16","$27.75",,"0",,,,,,,,,,,,,,
"35351809","Raz Special Dragonfruit Lemonade 35K","06978271530219","0","Vape","16","$26.99",,"2",,,,"Nepa Wholesale,RAZ",,,,,,,,,,
"49353664","Raz 25000 Triple Berry Punch","06978271530431","0","Vape","16","$25.99",,"5",,,,"Nepa Wholesale,RAZ",,,,,,,,,,
"42620411","Raz 25000 Hawaiian Punch","06978271530479","0","Vape","16","$25.99",,"0",,,,"Nepa Wholesale,RAZ",,,,,,,,,,
"43000217","Raz lemon batch 50 k","06978271534071","0","Vape","16","$27.49",,"1",,,,"Nepa Wholesale,RAZ",,,,,,,,,,
"43000287","Raz triple burry batch 50k","06978271534118","0","Vape","16","$27.49",,"0",,,,"Nepa Wholesale,RAZ",,,,,,,,,,
"35372605","Dragon Stout 9.6fl 6pack Bottles (9.6 Fl","06986140000008","0","Alcohol","5","$12.63",,"0",,,,"Gold Coast",,,,,,,,,,
"35372627","Dragon Stout Fire 9.6fl 6pack Bottles (9","06986150000005","0","Alcohol","5","$12.14",,"0",,,,"Gold Coast",,,,,,,,,,
"35372666","King Wraps","07002550000007","0","Tobacco","4","$1.87",,"0",,,,,,,,,,,,,,
"35372615","Opms Liquid Kratom 8 Ml","07005980000005","0","Tobacco","4","$15.56",,"0",,,,,,,,,,,,,,
"35372645","Blunteffects Airfreshener 1","07007860000006","0","Grocery Non-taxable","3","$3.99",,"0",,,,,,,,,,,,,,
"35372443","Poppi Ginger Lime 12 Fl Oz","07095870000000","0","Soda/Energy Beverages","19","$2.34",,"0",,,,,,,,,,,,,,
"35372553","Lean Body Cookies & Cream 14 Fl Oz","07107800000001","0","Dairy","12","$3.65",,"0",,,,,,,,,,,,,,
"35372637","Hazy Mary Thca Pre Roll","07133110000004","0","Vape","16","$13.25",,"0",,,,,,,,,,,,,,
"35372629","Charger","07160540000007","0","Household","6","$12.50",,"0",,,,,,,,,,,,,,
"35372471","Raw Cone 6 Pack","07161650000000","0","Tobacco","4","$2.90",,"0",,,,,,,,,,,,,,
"35372517","Shirt","07181180000004","0","Household","6","$8.00",,"0",,,,,,,,,,,,,,
"35372672","Cotton Candy 2 Fl Oz","07204640000007","0","Candy","22","$2.00",,"0",,,,,,,,,,,,,,
"35372622","Clif Bar:crunchy Peanut Butter 2.40 Oz","07222520000008","0","Snacks","9","$1.50",,"0",,,,,,,,,,,,,,
"35372569","Poppi Orange 12 Fl Oz","07241910000008","0","Soda/Energy Beverages","19","$2.34",,"0",,,,,,,,,,,,,,
"35372488","Death Row Gummies","07265980000003","0","Gen Merch","10","$10.00",,"0",,,,,,,,,,,,,,
"35372538","Hannah's Biggest Re Hot Sausage 1.7 Oz","07279680000003","0","Grocery Non-taxable","3","$1.66",,"0",,,,,,,,,,,,,,
"35372549","Howard's Fried Pork Skins 3 Oz","07326260000004","0","Grocery Non-taxable","3","$2.10",,"0",,,,,,,,,,,,,,
"35372662","Lees Pig Skins Seasoned Dipper Crack 3 F","07351780000005","0","Snacks","9","$1.79",,"0",,,,,,,,,,,,,,
"35372556","Goose Island Tropical Beer Hug 19.2 Fl O","07369200000009","0","Alcohol","5","$3.97",,"0",,,,"Eagle Brands Sales",,,,,,,,,,
"35372472","Peanuts","07400170000009","0","Snacks","9","$1.07",,"0",,,,,,,,,,,,,,
"35351166","Atom Battery","07426965341935","0","Grocery Non-taxable","3","$10.00",,"0",,,,,,,,,,,,,,
"35351165","Atom Battery","07426965341942","0","Grocery Non-taxable","3","$10.00",,"0",,,,,,,,,,,,,,
"35372598","Papper Plates 6 Count","07427970000008","0","Grocery Non-taxable","3","$1.99",,"0",,,,,,,,,,,,,,
"35372596","Lighter","07442310000005","0","Household","6","$1.25",,"0",,,,,,,,,,,,,,
"35372628","Rice","07450420000006","0","Household","6","$25.00",,"0",,,,,,,,,,,,,,
"35372675","Fire Grabba","07482520000006","0","Tobacco","4","$2.34",,"0",,,,,,,,,,,,,,
"35372630","Pure Protein:chocolate Peanut Butter 1.7","07498260000008","0","Snacks","9","$1.65",,"0",,,,,,,,,,,,,,
"35372668","Dark Crush Jar","07501230000004","0","Tobacco","4","$5.14",,"0",,,,,,,,,,,,,,
"35372524","Toy","07502540000005","0","Grocery Non-taxable","3","$2.25",,"0",,,,,,,,,,,,,,
"35372573","Supermax 10 Razers","07527540000008","0","Gen Merch","10","$3.00",,"0",,,,,,,,,,,,,,
"35372462","Takis:blue Heat 3.25oz","07575280000000","0","Snacks","9","$3.49",,"0",,,,,,,,,,,,,,
"35372660","Uncle Wally's Muffin Chocolate Chips 3.7","07593130000000","0","Snacks","9","$1.55",,"0",,,,,,,,,,,,,,
"35372656","Uncle Wally's Bake Shoppe:blueberry 4.00","07593140000007","0","Snacks","9","$1.25",,"0",,,,,,,,,,,,,,
"35372490","Razz Pre Rill","07613740000006","0","Gen Merch","10","$15.00",,"0",,,,,,,,,,,,,,
"35350969","Milka Oreo Chocolate Bar Bar","07622210999108","0","Snacks","9","$2.65",,"0",,,,,,,,,,,,,,
"35372659","Fire Leaf","07631640000001","0","Tobacco","4","$2.34",,"0",,,,,,,,,,,,,,
"35372527","Roxane Water 16.9 Oz","07653170000009","0","Grocery Non-taxable","3","$1.10",,"0",,,,,,,,,,,,,,
"36466762","NESTLE Cocosette Maxi Galleta Rellena","07702024034186","0","Grocery Non-taxable","3","$1.25","$0.00","0",,,,,,,,,,,,,,
"47889538","Pushpop","07798040463598","0","Candy","22","$1.50",,"0",,,,,,,,,,,,,,
"35372440","Rap","07812310000006","0","Snacks","9","$2.75",,"0",,,,,,,,,,,,,,
"35372570","Zigzag Leaf Sweet Aromatic","07847620000002","0","Tobacco","4","$1.29",,"0",,,,,,,,,,,,,,
"35372474","Stella 7oz","07861500000005","0","Alcohol","5","$9.26",,"0",,,,"Eagle Brands Sales",,,,,,,,,,
"35372470","Vitamin Water Tropical Citrus (16.9 Fl O","07861620000008","0","Drinks","8","$1.50",,"0",,,,,,,,,,,,,,
"35351105","Clear 4","07898915655940","0","Tobacco","4","$1.70",,"0",,,,,,,,,,,,,,
"35350468","Cap","07899790757057","0","Household","6","$14.02",,"0",,,,,,,,,,,,,,
"35372578","Green Roads 1200 Mg Cbd","07938880000007","0","Vape","16","$45.99",,"0",,,,,,,,,,,,,,
"35372620","Tourch","07940800000004","0","Grocery Non-taxable","3","$8.58",,"0",,,,,,,,,,,,,,
"35372670","Dragon Stout 9.6 Oz","07959780000003","0","Alcohol","5","$2.58",,"0",,,,"Gold Coast",,,,,,,,,,
"35372617","Fire 4","07965200000003","0","Tobacco","4","$2.34",,"0",,,,,,,,,,,,,,
"35372510","Sour","07980520000007","0","Grocery Non-taxable","3","$3.00",,"0",,,,,,,,,,,,,,
"35350845","Sauvignon","08041779032351","0","Alcohol","5","$7.76",,"0",,,,,,,,,,,,,,
"35372546","Anti Tobaco","08088290000001","0","Household","6","$1.59",,"0",,,,,,,,,,,,,,
"35372439","Ghost Citrus","08100280000003","0","Soda/Energy Beverages","19","$2.50",,"0",,,,,,,,,,,,,,
"35372547","Lemon","08100370000005","0","Grocery Non-taxable","3","$3.00",,"0",,,,,,,,,,,,,,
"35372586","Toy","08100400000005","0","Household","6","$4.99",,"0",,,,,,,,,,,,,,
"35372592","Poppi Lemon Lime 12 Fl Oz","08100640000001","0","Soda/Energy Beverages","19","$2.34",,"0",,,,,,,,,,,,,,
"35372506","Ghost Orange Cream 16 Fl","08100860000003","0","Soda/Energy Beverages","19","$2.50",,"0",,,,,,,,,,,,,,
"35372572","Bodyarmor Fruit Punch Sports Drink 20 Fl","08101140000003","0","Drinks","8","$1.87",,"0",,,,,,,,,,,,,,
"35372491","Torch Sativa 3.5g","08101200000004","0","Household","6","$40.00",,"0",,,,,,,,,,,,,,
"35372552","Terpboys:thcp 3.5 G Flower Indica","08101250000009","0","Tobacco","4","$25.00",,"0",,,,,,,,,,,,,,
"35372543","Burner","08101480000008","0","Grocery Non-taxable","3","$3.25",,"0",,,,,,,,,,,,,,
"35372599","Mini Torch Lighter","08101620000004","0","Household","6","$6.00",,"0",,,,,,,,,,,,,,
"35372602","Opia","08101680000006","0","Gen Merch","10","$19.99",,"0",,,,,,,,,,,,,,
"35372451","Clew Nicotine Pouch 6mg","08101780000005","0","Tobacco","4","$7.00",,"0",,,,,,,,,,,,,,
"35372673","Chore Boy Copper Scouring Pad 1.00 Ct","08114350000008","0","Misc.","15","$3.00",,"0",,,,,,,,,,,,,,
"35372591","Clipper Charry 100 Box","08126150000003","0","Tobacco","4","$23.35",,"0",,,,,,,,,,,,,,
"35372425","Tshirt","08136800000000","0","Grocery Non-taxable","3","$7.00",,"0",,,,,,,,,,,,,,
"35372467","Bai Molokai Coconut (18 Fl Oz)","08136940000007","0","Drinks","8","$1.99",,"0",,,,"Seven Up Snapple",,,,,,,,,,
"35372519","Efrutti: Sour Lunch Bag 2.7oz","08138050000007","0","Candy","22","$3.12",,"0",,,,,,,,,,,,,,
"35372635","Borden Whole Milk (473 Ml)","08154730000006","0","Dairy","12","$3.16",,"0",,,,,,,,,,,,,,
"35372497","Skinny Pop Sweet N Salty","08169250000009","0","Snacks","9","$0.62",,"0",,,,,,,,,,,,,,
"35372530","Elysian","08179040000003","0","Alcohol","5","$2.70",,"0",,,,"Eagle Brands Sales",,,,,,,,,,
"35372610","Coal","08192910000002","0","Household","6","$3.99",,"0",,,,,,,,,,,,,,
"35372579","Juul","08199130000003","0","Tobacco","4","$20.99",,"0",,,,,,,,,,,,,,
"35372459","Samai Pacific Sea Salt Plantain Chips 2.","08326970000003","0","Snacks","9","$1.59",,"0",,,,,,,,,,,,,,
"35372478","Black Paper With Grinder 1.5 Fl Oz","08370380000009","0","General Food","7","$2.57",,"0",,,,,,,,,,,,,,
"35372501","Yellow Tail Big Bold Red 750ml","08397430000000","0","Alcohol","5","$8.40",,"0",,,,,,,,,,,,,,
"35372564","Velo Wintergreen","08401710000007","0","Tobacco","4","$7.01",,"0",,,,,,,,,,,,,,
"35372606","Floss Picks 60 Pack","08402050000009","0","Household","6","$2.25",,"0",,,,,,,,,,,,,,
"35372427","Southconnect","08403960000004","0","Tobacco","4","$37.44",,"0",,,,,,,,,,,,,,
"35372487","Toy","08411750000004","0","Household","6","$4.67",,"0",,,,,,,,,,,,,,
"35372571","Sleep Cap","08425100000002","0","Household","6","$2.99",,"0",,,,,,,,,,,,,,
"35372494","C4 Strawberry Watermelon Ice 12 Fl Oz","08425950000009","0","Soda/Energy Beverages","19","$1.87",,"0",,,,"Seven Up Snapple",,,,,,,,,,
"35372445","Wig Cap","08436320000000","0","Household","6","$1.86",,"0",,,,,,,,,,,,,,
"35372452","Gogo Squeeze Big","08488600000002","0","Snacks","9","$1.00",,"0",,,,,,,,,,,,,,
"35372532","Four Loko Sour Cosmic Punch 22 Fl Oz","08498060000009","0","Alcohol","5","$3.97",,"0",,,,"Eagle Brands Sales",,,,,,,,,,
"35372500","Palma","08500000000007","0","Alcohol","5","$10.47",,"0",,,,,,,,,,,,,,
"35372513","Rap","08500040000005","0","Snacks","9","$2.75",,"0",,,,,,,,,,,,,,
"35372601","Geniusvgourmet Protein Bar Chocolate Dre","08500100000006","0","General Food","7","$2.20",,"0",,,,,,,,,,,,,,
"35372623","Bemar Snacks Natural Almond Fl 2.25 Oz","08500110000003","0","Snacks","9","$1.99",,"0",,,,,,,,,,,,,,
"35372633","Bemar: Tostones Sweet 4oz","08500120000000","0","Gen Merch","10","$2.70",,"0",,,,,,,,,,,,,,
"35372566","Surfside Iced Tea And Lemonade + Vodka (","08500260000007","0","Alcohol","5","$2.95",,"0",,,,"Gold Coast",,,,,,,,,,
"35372657","Slime Licker Strawberry N Blue Razz Liqu","08500350000009","0","Grocery Non-taxable","3","$3.00",,"0",,,,,,,,,,,,,,
"35372489","Surfside","08500500000002","0","Alcohol","5","$2.89",,"0",,,,"Gold Coast",,,,,,,,,,
"35372639","Fifty Bar: Strawberry Super Strudel 20 K","08500590000005","0","Vape","16","$19.99",,"0",,,,,,,,,,,,,,
"35372625","Wizard:mango Peach Beads Air Freshner","08500650000006","0","Grocery Non-taxable","3","$1.99",,"0",,,,,,,,,,,,,,
"35372663","Snipe:thc Infused 2g Preroll Sativa","08500680000007","0","Tobacco","4","$9.99",,"0",,,,,,,,,,,,,,
"35372638","Fifty Bar: Miami Mint 20000 Puffs","08500690000004","0","Vape","16","$19.99",,"0",,,,,,,,,,,,,,
"35372499","Skinny Pop","08502510000003","0","Snacks","9","$0.93",,"0",,,,,,,,,,,,,,
"35372658","Bob Marley Rolling Paper 1 1/4 Size","08507300000003","0","Tobacco","4","$1.94",,"0",,,,,,,,,,,,,,
"35372480","Sizzurp Fizz 750 Ml","08510310000000","0","Alcohol","5","$9.35",,"0",,,,,,,,,,,,,,
"35372498","Beat Box Juicy Mango","08511330000001","0","Alcohol","5","$5.14",,"0",,,,"Eagle Brands Sales",,,,,,,,,,
"35372611","Rhino","08526630000002","0","Vitamins/medicine","14","$8.32",,"0",,,,,,,,,,,,,,
"35372514","Moscato Jacob's Creek","08528320000002","0","Alcohol","5","$11.21",,"0",,,,,,,,,,,,,,
"35372608","Core Hydration Bottled Water 20 Fl Oz","08530040000002","0","Drinks","8","$2.60",,"0",,,,,,,,,,,,,,
"35372444","Torch","08531950000007","0","Gen Merch","10","$4.50",,"0",,,,,,,,,,,,,,
"35372526","Ww Pernicious 6 Pk 6 Pk","08533400000001","0","Alcohol","5","$11.91",,"0",,,,"Gold Coast",,,,,,,,,,
"35372577","C2o Pure Coco Water 17.5 Oz","08538830000003","0","Grocery Non-taxable","3","$2.25",,"0",,,,,,,,,,,,,,
"35372594","On!:coffee 8mg 20 Nicotine Pouches","08550220000004","0","Tobacco","4","$5.00",,"0",,,,,,,,,,,,,,
"35372632","Meiomi Chardonnay (750 Ml)","08551650000008","0","Alcohol","5","$16.99",,"0",,,,,,,,,,,,,,
"35372531","Scent Bomb","08557650000000","0","Household","6","$4.99",,"0",,,,,,,,,,,,,,
"35372479","Grabba Leaf Crushed Whole Pack","08559060000007","0","Tobacco","4","$58.41",,"0",,,,,,,,,,,,,,
"35372473","Prestige Lager Beer 12 Oz","08559560000002","0","Alcohol","5","$2.48",,"0",,,,"Gold Coast",,,,,,,,,,
"35372583","Plantain","08564140000006","0","Grocery Non-taxable","3","$3.00",,"0",,,,,,,,,,,,,,
"35372505","Perni","08575310000009","0","Alcohol","5","$3.97",,"0",,,,"Gold Coast",,,,,,,,,,
"35372600","Bobmarley 1","08575450000006","0","Tobacco","4","$3.13",,"0",,,,,,,,,,,,,,
"35372540","Choco Chiller Buzzballz 187 Ml","08576410000005","0","Alcohol","5","$6.79",,"0",,,,"Southern Glazers",,,,,,,,,,
"35372589","Hi-chew Fantasy Mix 1.94 Oz","08579830000006","0","Snacks","9","$2.05",,"0",,,,,,,,,,,,,,
"35372433","Body Armour Tropical Punch","08581760000001","0","Grocery Non-taxable","3","$3.39",,"0",,,,,,,,,,,,,,
"35372448","Show Wet & Fruity Cigarillos 5 Ct","08587650000007","0","Tobacco","4","$1.00",,"0",,,,,,,,,,,,,,
"35372618","Hoist Strawberry Lemonade 16 Fl Oz","08595200000001","0","Drinks","8","$3.00",,"0",,,,,,,,,,,,,,
"35372648","Tbd Thc Deink 12 Fl Oz","08600090000007","0","Alcohol","5","$8.25",,"0",,,,,,,,,,,,,,
"48625284","Dubai cake","08681038203018","0","Candy","22","$2.99",,"0",,,,,,,,,,,,,,
"43806036","Kuromi 1.76 oz","08682224009650","0","Candy","22","$1.85",,"0",,,,"Plenty Prices Florida",,,,,,,,,,
"42371319","Bellardo Dubai chocolate","08683071802616","0","Candy","22","$2.25",,"0",,,,,,,,,,,,,,
"35351416","Coccocandy:sweet Burger Dip 0.71oz","08683363414718","0","Grocery Non-taxable","3","$2.25",,"0",,,,,,,,,,,,,,
"47507601","Bolci Dubai Chocolate 1.05oz","08684568301513","0","Ultra-Processed Prep Desserts","23","$3.00",,"32",,,,"Nepa Wholesale",,,,,,,,,,
"48781526","Bolci Dubai Chocolate","08684568301995","0","Candy","22","$7.99",,"0",,,,"Nepa Wholesale",,,,,,,,,,
"42371351","Vivani Dubai chocolate","08690997040831","0","Candy","22","$4.00","$2.58","'-72",,,,"Plenty Prices Florida",,,,,,,,,,
"42971306","Crazy Chicken Chocolate","08697217089403","0","Candy","22","$3.70","$2.39","'-16",,,,"Plenty Prices Florida",,,,,,,,,,
"35372641","Oyster Bay Sauvignon Blanc 750.00 Ml","08706610000004","0","Alcohol","5","$19.44",,"0",,,,"Southern Glazers",,,,,,,,,,
"35372652","Bauducco Wafer Vanilla (1.4 Oz)","08757540000008","0","Ultra-Processed Prep Desserts","23","$0.47",,"0",,,,"Sams Club",,,,,,,,,,
"44151156","Buldak Spicy Ramen","08801073210363","0","Snacks","9","$3.25",,"0",,,,,,,,,,,,,,
"35352257","Carbonara Buldak Spicy Ramen (3.70 Oz)","08801073211506","0","Snacks","9","$3.25",,"0",,,,,,,,,,,,,,
"35372468","Electrolit Fruit Punch (21 Fl Oz)","08877250000003","0","Drinks","8","$2.85",,"0",,,,,,,,,,,,,,
"35372435","Danish Hostess With Icing Blueberry & Cr","08881090000000","0","Grocery Non-taxable","3","$1.30",,"0",,,,,,,,,,,,,,
"35372580","Quest:choclate Brownie Protein Bar 2.12","08888490000005","0","Snacks","9","$2.80",,"0",,,,,,,,,,,,,,
"35372426","Celsius Rasberry Peach","08893920000005","0","Soda/Energy Beverages","19","$2.80",,"0",,,,,,,,,,,,,,
"35372535","Nutrament Chocolate","08894980000004","0","Drinks","8","$2.75",,"0",,,,,,,,,,,,,,
"35372619","Gogo Sueez Apple 3.2 Fl Oz","08900000000005","0","Snacks","9","$1.25",,"0",,,,,,,,,,,,,,
"35350555","Hem Precious Lavander Incence Stick 20 C","08901810000032","0","Household","6","$1.79",,"0",,,,,,,,,,,,,,
"35350827","Hem Precious Musk Incense","08901810000049","0","Household","6","$3.00",,"0",,,,,,,,,,,,,,
"42804904","Incienso","08901810000131","0","Grocery Non-taxable","3","$2.50",,"0",,,,,,,,,,,,,,
"40027945","Hem Incense Sticks Wicca Mixed Fruits","08901810000209","0","Household","6","$2.50",,"0",,,,,,,,,,,,,,
"35352071","Hem:vanilla Incense Sticks","08901810000216","0","Household","6","$2.50",,"0",,,,,,,,,,,,,,
"35351378","Hem:precious Cinnamon Incense Sticks","08901810000230","0","Household","6","$2.50",,"0",,,,,,,,,,,,,,
"35351584","Hem:frankincense Incense Sticks","08901810000261","0","Household","6","$2.50",,"0",,,,,,,,,,,,,,
"35351585","Hem:red Rose Incense Sticks","08901810000377","0","Household","6","$2.50",,"0",,,,,,,,,,,,,,
"35351575","Hem:lemongrass Incense Sticks","08901810000421","0","Household","6","$2.50",,"0",,,,,,,,,,,,,,
"35351376","Hem:patchouli Incense Sticks","08901810000452","0","Household","6","$2.50",,"0",,,,,,,,,,,,,,
"35351388","Hem:precious Opium Incense Sticks","08901810000469","0","Gen Merch","10","$2.50",,"0",,,,,,,,,,,,,,
"35351374","Hem:sandal Incense Sticks","08901810000490","0","Household","6","$2.50",,"0",,,,,,,,,,,,,,
"35351369","Hem:rose Musk Incense Sticks","08901810000636","0","Household","6","$2.50",,"0",,,,,,,,,,,,,,
"35351900","Hem:lemon Incense Sticks","08901810000896","0","Household","6","$2.50",,"0",,,,,,,,,,,,,,
"35351377","Hem:precious Eucalyptus Incense Sticks","08901810000971","0","Household","6","$2.50",,"0",,,,,,,,,,,,,,
"35350811","Incense","08901810000995","0","Household","6","$1.86",,"0",,,,,,,,,,,,,,
"35350694","Salvia","08901810001459","0","Household","6","$1.79",,"0",,,,,,,,,,,,,,
"35351606","Hem:egyptian Jasmine Incense Stick","08901810001510","0","Household","6","$2.50",,"0",,,,,,,,,,,,,,
"35351609","Hem:violet Incense Sticks","08901810001596","0","Household","6","$2.50",,"0",,,,,,,,,,,,,,
"35350787","Hem Dragons Blood 20 Ct","08901810001619","0","Household","6","$1.86",,"0",,,,,,,,,,,,,,
"35351514","Hem:frankincense-myrrh Incense Sticks","08901810001626","0","Household","6","$2.50",,"0",,,,,,,,,,,,,,
"35351368","Hem:honey Rose Incense Sticks","08901810001732","0","Household","6","$2.50",,"0",,,,,,,,,,,,,,
"35352027","Hem:gardenia Incense Sticks","08901810001879","0","Household","6","$2.50",,"0",,,,,,,,,,,,,,
"35351608","Hem:orange Blossoms Incense Sticks","08901810001886","0","Household","6","$2.50",,"0",,,,,,,,,,,,,,
"35351647","Hem White Musk Incense Stick","08901810001909","0","Household","6","$2.50",,"0",,,,,,,,,,,,,,
"35351371","Hem:sandal Rose Incense Sticks","08901810002432","0","Household","6","$2.50",,"0",,,,,,,,,,,,,,
"35352016","Hem:good Fortune Incense Stick","08901810002487","0","Household","6","$2.50",,"0",,,,,,,,,,,,,,
"35351372","Hem Incense Sai Baba","08901810002494","0","Household","6","$2.50",,"0",,,,,,,,,,,,,,
"35351433","Hem:good Luck Incense Sticks","08901810003033","0","Household","6","$2.50",,"0",,,,,,,,,,,,,,
"43032482","Divine blessing","08901810003651","0","Non-Tax","1","$2.50",,"0",,,,,,,,,,,,,,
"35351513","Hem:attracts Money Incense Sticks","08901810003729","0","Household","6","$2.50",,"0",,,,,,,,,,,,,,
"35351375","Hem:gold Rain Incense Stick","08901810003910","0","Household","6","$2.50",,"0",,,,,,,,,,,,,,
"40780554","Hem","08901810004054","0","Household","6","$2.50",,"0",,,,,,,,,,,,,,
"35351607","Hem:lilac Incense Sticks","08901810004139","0","Household","6","$2.50",,"0",,,,,,,,,,,,,,
"35352013","Hem Anti Stress 20 Ct Incense Stick","08901810004481","0","Household","6","$2.50",,"0",,,,,,,,,,,,,,
"35351574","Hem White Sage Incense Stick 20 Pcs","08901810004764","0","Household","6","$2.50",,"0",,,,,,,,,,,,,,
"35352672","Incienso","08901810006119","0","Household","6","$1.79",,"0",,,,,,,,,,,,,,
"35351380","Hem:sandalwood Incense Sticks","08901810006232","0","Household","6","$2.50",,"0",,,,,,,,,,,,,,
"35352089","Hem:black Love Incense Sticks","08901810006553","0","Household","6","$2.50",,"0",,,,,,,,,,,,,,
"35351604","Hem:good Health Incense Sticks","08901810007130","0","Household","6","$2.50",,"0",,,,,,,,,,,,,,
"42999659","Money incense","08901810008250","0","Household","6","$2.50",,"0",,,,,,,,,,,,,,
"35351373","Hem:money House Incense Sticks","08901810009677","0","Household","6","$2.50",,"0",,,,,,,,,,,,,,
"35351062","Ssnt","08901810009684","0","Household","6","$1.79",,"0",,,,,,,,,,,,,,
"35351360","Insent","08901810009783","0","Household","6","$2.35",,"0",,,,,,,,,,,,,,
"35350652","Blue 7","08901810110489","0","Household","6","$1.79",,"0",,,,,,,,,,,,,,
"35351331","Hem","08901810118317","0","Household","6","$1.79",,"0",,,,,,,,,,,,,,
"35351370","Hem:copal Palosanto Incense Sticks","08901810118331","0","Household","6","$2.50",,"0",,,,,,,,,,,,,,
"35352015","Hem:palo Santo Cinnamon Incense","08901810119970","0","Household","6","$2.50",,"0",,,,,,,,,,,,,,
"35351362","Hem:lavender Incense Sticks","08901810150034","0","Grocery Non-taxable","3","$5.25",,"0",,,,,,,,,,,,,,
"35351364","Hem:cinnamon Incense Sticks","08901810150232","0","Household","6","$5.25",,"0",,,,,,,,,,,,,,
"35351605","Hem:eucalyptus Incense Sticks","08901810150973","0","Household","6","$5.25",,"0",,,,,,,,,,,,,,
"35351365","Hem:gold Rain Incense Sticks","08901810273917","0","Household","6","$5.25",,"0",,,,,,,,,,,,,,
"35372429","Oil Sex On The Beach Fragance Bottle","08902460000007","0","Misc.","15","$2.86",,"0",,,,,,,,,,,,,,
"35351366","Zed Black:premuim Incense Stick","08904227326306","0","Household","6","$5.25",,"0",,,,,,,,,,,,,,
"35351363","Frankincense & Myrrh Premium Incense Sti","08904227326351","0","Household","6","$5.25",,"0",,,,,,,,,,,,,,
"35352014","Satya Nag Champa Incense","08904234400037","0","Household","6","$2.25",,"0",,,,,,,,,,,,,,
"35351382","Satya:sandal Incense","08904234401386","0","Grocery Non-taxable","3","$2.25",,"0",,,,,,,,,,,,,,
"35350780","Incense","08904234401539","0","Household","6","$1.86",,"0",,,,,,,,,,,,,,
"35351383","Satya:rose Incense Sticks","08904234405063","0","Household","6","$2.25",,"0",,,,,,,,,,,,,,
"43032486","Satya Incense Positive Vibes","08904245400101","0","Non-Tax","1","$2.50",,"0",,,,,,,,,,,,,,
"39240581","Genuine Nag Champa Incense Sticks","08904245400477","0","Household","6","$2.50",,"0",,,,,,,,,,,,,,
"40176458","SATYA","08904245400941","0","Grocery Non-taxable","3","$2.25",,"0",,,,,,,,,,,,,,
"40027950","Palo Santo incense","08904245400989","0","Household","6","$2.50",,"0",,,,,,,,,,,,,,
"35350758","Incensio Jazmin Box","08904415601109","0","Misc.","15","$1.79",,"0",,,,,,,,,,,,,,
"35351379","Sandal Roses Incense Sticks","08904415601178","0","Household","6","$2.50",,"0",,,,,,,,,,,,,,
"35351367","Tangerine Incense Sticks","08904415601901","0","Household","6","$2.50",,"0",,,,,,,,,,,,,,
"35351552","Mango Incense Sticks","08904415602779","0","Household","6","$2.50",,"0",,,,,,,,,,,,,,
"35351381","Om Incense Sticks","08906037225169","0","Household","6","$2.50",,"0",,,,,,,,,,,,,,
"35352091","Satya:dragons Blood Incense Sticks","08908005960003","0","Household","6","$2.25",,"0",,,,,,,,,,,,,,
"35372574","V Neck Shirt White 6xl","08910890000009","0","Shirt","20","$8.00",,"0",,,,,,,,,,,,,,
"35372496","Stone Greek:honey Roasted Peanuts Fl 5.5","08911640000003","0","Snacks","9","$1.99",,"0",,,,,,,,,,,,,,
"35372575","V Neck Shirt White 4xl","08919890000002","0","Shirt","20","$8.00",,"0",,,,,,,,,,,,,,
"35372507","Mamita`s Ice Coconut Cream 4 Oz","08927980000009","0","Ice Cream","11","$1.99",,"0",,,,,,,,,,,,,,
"35372640","Four Loko Watermelon 23.5 Fl Oz","08952160000005","0","Alcohol","5","$3.97",,"0",,,,"Eagle Brands Sales",,,,,,,,,,
"35372475","Vita Coco 100% Pure 17.00 Fl Oz","08989990000004","0","Grocery Non-taxable","3","$2.40",,"0",,,,,,,,,,,,,,
"38944343","RAZ Miami mint 9000 puffs","08990110000040","0","Vape","16","$23.99",,"1",,,,"Nepa Wholesale,RAZ",,,,,,,,,,
"38944342","Razz POLAR ICE  9000 puffs","08990110000088","0","Vape","16","$23.50",,"0",,,,,,,,,,,,,,
"48313692","Raz Rrape Ice 9000","08990110000125","0","Vape","16","$23.50",,"0",,,,"Nepa Wholesale,RAZ",,,,,,,,,,
"38944348","Raz Triple berry 9000 puffs","08990110000187","0","Vape","16","$23.50",,"0",,,,"Nepa Wholesale,RAZ",,,,,,,,,,
"43000281","Raz Strawberry Ice","08990110000200","0","Vape","16","$23.99",,"0",,,,"Nepa Wholesale,RAZ",,,,,,,,,,
"45710520","Raz gerogia peach","08990110000248","0","Vape","16","$23.99",,"2",,,,"Nepa Wholesale,RAZ",,,,,,,,,,
"38944338","Raz graham 9000 puffs","08990110000385","0","Vape","16","$23.50",,"1",,,,"Nepa Wholesale,RAZ",,,,,,,,,,
"49449437","Raz big Miami mint","08990110000880","0","Vape","16","$25.99",,"0",,,,,,,,,,,,,,
"49454395","Raz Georgia Peach","08990110001023","0","Vape","16","$25.99",,"0",,,,,,,,,,,,,,
"49353508","Raz hawaiian punch 25k","08990110001283","0","Vape","16","$25.99",,"4",,,,"Nepa Wholesale,RAZ",,,,,,,,,,
"35350708","Dettol Fresh 1","08993560025021","0","Household","6","$2.25",,"0",,,,,,,,,,,,,,
"43275922","MFU S5 Watermelon Ice","08995568810005","0","Vape","16","$24.99",,"0",,,,,,,,,,,,,,
"43275939","Mfu x5 bluerazz ice kit","08995568810029","0","Vape","16","$24.99",,"0",,,,,,,,,,,,,,
"43275934","MFU 70K","08995568810043","0","Vape","16","$24.99",,"0",,,,,,,,,,,,,,
"43275944","MFU 70K","08995568810050","0","Vape","16","$24.99",,"0",,,,,,,,,,,,,,
"43872900","MFU70K","08995568810067","0","Vape","16","$24.99",,"0",,,,,,,,,,,,,,
"43275925","Mfu miami mint","08995568810104","0","Vape","16","$24.99",,"0",,,,,,,,,,,,,,
"43275930","Mfu str ice x5","08995568810128","0","Vape","16","$24.99",,"0",,,,,,,,,,,,,,
"43275946","MFU 70K PUFFS","08995568810166","0","Vape","16","$24.99",,"0",,,,,,,,,,,,,,
"43275924","MFU Blueberry Watermelon. 70000","08995568810173","0","Vape","16","$24.99",,"0",,,,,,,,,,,,,,
"43275928","MFU 70 K SW","08995568810180","0","Vape","16","$24.99",,"0",,,,,,,,,,,,,,
"43790839","MFU","08995568810531","0","Vape","16","$5.49",,"0",,,,,,,,,,,,,,
"35351294","V Neck Shirt Whitr Small","09233323510197","0","Shirt","20","$8.00",,"0",,,,,,,,,,,,,,
"35352264","Royal Honey Vip Pouch Ss 1","09555755800043","0","Grocery Non-taxable","3","$9.99",,"0",,,,,,,,,,,,,,
"35372650","Viagra","09780200000000","0","Vitamins/medicine","14","$7.00",,"0",,,,,,,,,,,,,,
"35352269","Viagra","09780201379631","0","Vitamins/medicine","14","$7.50",,"0",,,,,,,,,,,,,,
"35372644","Charger","09862600000009","0","Gen Merch","10","$12.50",,"0",,,,,,,,,,,,,,
"35372555","Type-c To Iphone 2m","09904660000008","0","Household","6","$11.99",,"0",,,,,,,,,,,,,,
"35372483","Red Thunder Berry","40614600000001","0","Soda/Energy Beverages","19","$1.40",,"0",,,,,,,,,,,,,,
"35372458","Clqncys Barbecue Potato Chips 9.5 Fl Oz","40991000000009","0","Snacks","9","$3.00",,"0",,,,,,,,,,,,,,
"35372636","Get Lost King Size Rolling Paper","48970900000007","0","Tobacco","4","$2.25",,"0",,,,,,,,,,,,,,
"35372568","Nexa Blueberry Watermelon","48971400000009","0","Vape","16","$23.25",,"0",,,,,,,,,,,,,,
"35372542","Crusader Skin Lightening Cream 50 G","50217000000007","0","Household","6","$2.49",,"0",,,,,,,,,,,,,,
"35372651","Macleans Soft Toothbrush","69133600000002","0","Household","6","$2.00",,"0",,,,,,,,,,,,,,
"35372584","Hqd Black Ice 1200 Puffs","69237400000009","0","Vape","16","$15.25",,"0",,,,,,,,,,,,,,
"35372493","Hqd","69371100000003","0","Tobacco","4","$25.99",,"0",,,,,,,,,,,,,,
"35372463","Fume:strawberry Watermelon 20000 Puffs","69418200000004","0","Vape","16","$11.99",,"0",,,,,,,,,,,,,,
"35372655","Kros:spearmint 6000 Puffs","69435000000003","0","Vape","16","$8.00",,"0",,,,,,,,,,,,,,
"35372643","Bubble Blas5 Solution","69521900000004","0","Gen Merch","10","$0.89",,"0",,,,,,,,,,,,,,
"35372612","Raz:day Crawler 9000 Puffs","69703100000002","0","Vape","16","$23.50",,"0",,,,,,,,,,,,,,
"35372464","Hqd: Apple Beach 1200 Puffs","69715800000008","0","Vape","16","$14.50",,"0",,,,,,,,,,,,,,
"35372484","Raz Blueberry Watermelon","69728700000009","0","Tobacco","4","$23.99",,"0",,,,,,,,,,,,,,
"35372504","Mask","69730800000001","0","Grocery Non-taxable","3","$2.00",,"0",,,,,,,,,,,,,,
"35372616","Fume Strawberry Banana 1500 Puffs","69733000000000","0","Vape","16","$12.50",,"0",,,,,,,,,,,,,,
"35372465","Hqd:strawberry Kiwi 1200 Puffs","69738300000002","0","Vape","16","$14.50",,"0",,,,,,,,,,,,,,
"35372461","Fume:black Ice","69747100000006","0","Vape","16","$8.50",,"0",,,,,,,,,,,,,,
"35372460","Hqd:strawberry Dragon Fruit 1200 Puffs","69748700000007","0","Vape","16","$14.50",,"0",,,,,,,,,,,,,,
"35372503","Raz Dragonfruit 9000","69759800000002","0","Tobacco","4","$23.00",,"0",,,,,,,,,,,,,,
"35372548","Frutti Bar","69761100000002","0","Tobacco","4","$25.23",,"0",,,,,,,,,,,,,,
"35372492","Leafbar","69761200000001","0","Gen Merch","10","$14.99",,"0",,,,,,,,,,,,,,
"35372613","Raz Special Edition Dragonfruit Lemonade","69782700000001","0","Vape","16","$26.99",,"0",,,,,,,,,,,,,,
"35372559","Atom Battery","74269700000009","0","Grocery Non-taxable","3","$10.00",,"0",,,,,,,,,,,,,,
"35372544","Milka Oreo Chocolate Bar Bar","76222100000008","0","Snacks","9","$2.65",,"0",,,,,,,,,,,,,,
"35372554","Clear 4","78989200000007","0","Tobacco","4","$1.70",,"0",,,,,,,,,,,,,,
"35372485","Cap","78997900000005","0","Household","6","$14.02",,"0",,,,,,,,,,,,,,
"35372533","Sauvignon","80417800000004","0","Alcohol","5","$7.76",,"0",,,,,,,,,,,,,,
"35372587","Coccocandy:sweet Burger Dip 0.71oz","86833600000008","0","Grocery Non-taxable","3","$2.25",,"0",,,,,,,,,,,,,,
"35372647","Carbonara Buldak Spicy Ramen (3.70 Oz)","88010700000000","0","Snacks","9","$3.25",,"0",,,,,,,,,,,,,,
"35372430","Incense","89018100000001","0","Household","6","$1.86",,"0",,,,,,,,,,,,,,
"35372453","Satya Nag Champa Incense","89042300000004","0","Household","6","$2.25",,"0",,,,,,,,,,,,,,
"35372522","Incensio Jazmin Box","89044200000009","0","Misc.","15","$1.79",,"0",,,,,,,,,,,,,,
"35372585","Om Incense Sticks","89060400000007","0","Household","6","$2.50",,"0",,,,,,,,,,,,,,
"35372634","Satya:dragons Blood Incense Sticks","89080100000008","0","Household","6","$2.25",,"0",,,,,,,,,,,,,,
"35372515","Dettol Fresh 1","89935600000006","0","Household","6","$2.25",,"0",,,,,,,,,,,,,,
"35372576","V Neck Shirt Whitr Small","92333200000008","0","Shirt","20","$8.00",,"0",,,,,,,,,,,,,,
"35372649","Royal Honey Vip Pouch Ss 1","95557600000001","0","Grocery Non-taxable","3","$9.99",,"0",,,,,,,,,,,,,,
